ledger_id,target_date,generated_at,pipeline_stage,experiment_id,candidate_version,is_official_pick,is_shadow_pick,fixture_id,league,home_team,away_team,market_primary,market_alt,rank,calibrated_probability,raw_probability,confidence_score,edge,selection_score,execution_score,reason_tags,risk_tags,forecast_score_main,forecast_score_alt,forecast_home_xg_range,forecast_away_xg_range,forecast_pick_path,forecast_pick_breaker,prelock_status,prelock_decision,prelock_decision_reason,price_discipline_decision,price_discipline_min_edge_required,price_discipline_actual_edge,price_discipline_edge_surplus,price_discipline_drift_status,clv_direction,clv_delta,result_status,result,profit_units,roi_contribution,post_verdict,source_file,source_file_hash,ledger_row_hash,record_status
da2f01e7c39bbbc419e4e79674116b91,2026-05-14,2026-05-15T06:48:55+00:00,PRE,CANDIDATE_V3_ODDS_DEPTH,CANDIDATE_V3,0,1,,,,,,,,,,,,,,NO_BET; SOURCE_FILE_MISSING_OR_NOT_AVAILABLE,,,,,,,,,,,,,,,,,,,,,,,vsigma_today_candidate_v3_competition_top.csv,,d58b1be741d26e785bd385a271dc940a,NO_BET_RECORD
ae444229c363b5f4fa96bb9e2adbdc4b,2026-05-14,2026-05-15T06:48:59+00:00,POST,OFFICIAL_BASELINE,OFFICIAL_BASELINE,1,0,1391177,La Liga,Valencia,Rayo Vallecano,OVER_1_5,OVER_2_5,1,0.78306,0.8507,147.275,0.1364142857142857,89.56,122.20142857142858,ACCURACY_CORE_PRIORITY;ACCURACY_MARKET_STABLE;ACCURACY_OVER_CONFIRMED;ACCURACY_MODEL_PROB_HIGH;ACCURACY_FAILURE_MODE_ACCEPTABLE; STRONG_ROLLING_STATS;CLEAN_MARKET_FIT;CORE_GATE_PASSED;EDGE_ABOVE_THRESHOLD;MODEL_PROB_STRONG;BET_EXECUTABLE; STATS+ODDS+MARKET_TRANSLATION+FORM+ADVISORY_AVAILABILITY+LEAGUE_COVERAGE; Proj goles: local 1.36 | visitante 2.02; Market edge primario: prob 0.851 | impl 0.714 | edge +0.136; Bias lado: -1.32 | tie=nan | hint=AWAY_SIDE_OR_AWAY_TEAM_TOTAL_CHECK | coverage=COVERAGE_RICH rel=0.95 stats=1.0 odds=1.0 inj=1.0 lineups=1.0 | stats=FULL hSOT=3.60 aSOT=6.60 | lab_sched=nan/nan trust=1.00/1.00 clean=nan | odds_depth=nan ladder=nan hint=nan line=nan | availability=ABSENCE_RISK_HIGH inj=FULL hRisk=8.00 aRisk=8.00 | lineup=LINEUP_INACTIVE_NO_TIMING_EDGE state=INACTIVE q=NONE hXI=nan aXI=nan conf=nan,FAILURE_MODE_LOW_CONVERSION; FAILURE_MODE_LOW_CONVERSION; market=OVER_1_5; edge=0.136; market_fit=SAFE_OK; LOW_CONVERSION,1-2,0-2,1.0-1.7,1.7-2.4,Pick wins if either favorite pressure creates a second goal or both sides trade enough chances for a 1-1/2-0 type path.,Good territory without conversion: shots arrive but finish quality or goalkeeper variance drags the score under the market.,IN_PRELOCK_WINDOW,PRELOCK_NO_CHANGE,no explicit pre-lock contradiction detected,,,,,,,,RESULT_AVAILABLE,WIN,0.4,0.4,RESULT_AVAILABLE,vsigma_execution_shortlist_results_ledger.csv,f687a0bd962a454d793d973a4e633e31f533985e1057809c754499070a8edd5c,a3a566f1f79a2762d17bbbfe18424a86,SETTLED
de7d0f8bd98c54ed60dd613998f7d2fb,2026-05-14,2026-05-15T06:48:59+00:00,POST,OFFICIAL_BASELINE,OFFICIAL_BASELINE,1,0,1544064,League One,Bradford,Bolton,OVER_1_5,OVER_2_5,2,0.82476,0.8924,144.711,0.1405203007518797,81.31,114.36203007518796,ACCURACY_CORE_PRIORITY;ACCURACY_MARKET_STABLE;ACCURACY_OVER_CONFIRMED;ACCURACY_MODEL_PROB_HIGH;ACCURACY_FAILURE_MODE_ACCEPTABLE; STRONG_ROLLING_STATS;CLEAN_MARKET_FIT;CORE_GATE_PASSED;EDGE_ABOVE_THRESHOLD;MODEL_PROB_STRONG;BET_EXECUTABLE; STATS+ODDS+MARKET_TRANSLATION+FORM+LEAGUE_COVERAGE; Proj goles: local 1.93 | visitante 1.87; Market edge primario: prob 0.892 | impl 0.752 | edge +0.141; Bias lado: +0.11 | tie=nan | hint=OVER_OR_BTTS_CHECK | coverage=COVERAGE_RICH rel=0.95 stats=1.0 odds=1.0 inj=1.0 lineups=1.0 | stats=FULL hSOT=3.60 aSOT=6.20 | lab_sched=nan/nan trust=1.00/1.00 clean=nan | odds_depth=nan ladder=nan hint=nan line=nan | availability=COVERAGE_TOO_WEAK_FOR_CONFIDENCE inj=NONE hRisk=nan aRisk=nan | lineup=LINEUP_INACTIVE_NO_TIMING_EDGE state=INACTIVE q=NONE hXI=nan aXI=nan conf=nan,FAILURE_MODE_LOW_CONVERSION; FAILURE_MODE_LOW_CONVERSION; market=OVER_1_5; edge=0.141; market_fit=SAFE_OK; LOW_CONVERSION,2-2,1-2,1.6-2.3,1.5-2.2,Pick wins if either favorite pressure creates a second goal or both sides trade enough chances for a 1-1/2-0 type path.,Good territory without conversion: shots arrive but finish quality or goalkeeper variance drags the score under the market.,OUTSIDE_PRELOCK_WINDOW,PRELOCK_NOT_AVAILABLE,fixture is outside requested pre-lock window,,,,,,,,RESULT_AVAILABLE,LOSS,-1.0,-1.0,RESULT_AVAILABLE,vsigma_execution_shortlist_results_ledger.csv,f687a0bd962a454d793d973a4e633e31f533985e1057809c754499070a8edd5c,2b511f869a764c8fd3250a22fc44a005,SETTLED
7b7e2762ca0a5c15f52260f6252710e5,2026-05-14,2026-05-15T06:48:59+00:00,POST,CANDIDATE_V2_SCHEDULE_ANOMALY,CANDIDATE_V2,0,1,1391177,La Liga,Valencia,Rayo Vallecano,OVER_1_5,OVER_2_5,1,0.78186,0.8495,149.998,0.1352142857142857,89.43,121.95142857142858,ACCURACY_CORE_PRIORITY;ACCURACY_MARKET_STABLE;ACCURACY_OVER_CONFIRMED;ACCURACY_MODEL_PROB_HIGH;ACCURACY_FAILURE_MODE_ACCEPTABLE; STRONG_ROLLING_STATS;CLEAN_MARKET_FIT;CORE_GATE_PASSED;EDGE_ABOVE_THRESHOLD;MODEL_PROB_STRONG;BET_EXECUTABLE; STATS+ODDS+MARKET_TRANSLATION+FORM+ADVISORY_AVAILABILITY+LEAGUE_COVERAGE; Proj goles: local 1.36 | visitante 2.01; Market edge primario: prob 0.850 | impl 0.714 | edge +0.135; Bias lado: -1.31 | tie=nan | hint=AWAY_SIDE_OR_AWAY_TEAM_TOTAL_CHECK | coverage=COVERAGE_RICH rel=0.95 stats=1.0 odds=1.0 inj=1.0 lineups=1.0 | stats=FULL hSOT=3.60 aSOT=6.60 | lab_sched=FULL/FULL trust=1.00/0.99 clean=MIXED | odds_depth=nan ladder=nan hint=nan line=nan | availability=ABSENCE_RISK_HIGH inj=FULL hRisk=8.00 aRisk=8.00 | lineup=LINEUP_INACTIVE_NO_TIMING_EDGE state=INACTIVE q=NONE hXI=nan aXI=nan conf=nan,FAILURE_MODE_LOW_CONVERSION; FAILURE_MODE_LOW_CONVERSION; market=OVER_1_5; edge=0.135; market_fit=SAFE_OK; LOW_CONVERSION,1-2,0-2,1.0-1.7,1.7-2.4,Pick wins if either favorite pressure creates a second goal or both sides trade enough chances for a 1-1/2-0 type path.,Good territory without conversion: shots arrive but finish quality or goalkeeper variance drags the score under the market.,,,,,,,,,,,RESULT_AVAILABLE,WIN,0.4,0.4,RESULT_AVAILABLE,vsigma_today_candidate_v2_results_ledger.csv,dfff7a9d910def33423860233fdc0e2980191bf5123dae671f4dc9fa182a0a51,ffa92150b0e022dbda86cfc8b0d7a37f,SETTLED
b87b182c839839973db232d87a8dc1c2,2026-05-14,2026-05-15T06:48:59+00:00,POST,CANDIDATE_V2_SCHEDULE_ANOMALY,CANDIDATE_V2,0,1,1544064,League One,Bradford,Bolton,OVER_1_5,OVER_2_5,2,0.82046,0.8881,143.721,0.1362203007518797,80.85,113.47203007518796,ACCURACY_CORE_PRIORITY;ACCURACY_MARKET_STABLE;ACCURACY_OVER_CONFIRMED;ACCURACY_MODEL_PROB_HIGH;ACCURACY_FAILURE_MODE_ACCEPTABLE; STRONG_ROLLING_STATS;CLEAN_MARKET_FIT;CORE_GATE_PASSED;EDGE_ABOVE_THRESHOLD;MODEL_PROB_STRONG;BET_EXECUTABLE; STATS+ODDS+MARKET_TRANSLATION+FORM+LEAGUE_COVERAGE; Proj goles: local 1.91 | visitante 1.84; Market edge primario: prob 0.888 | impl 0.752 | edge +0.136; Bias lado: +0.12 | tie=nan | hint=OVER_OR_BTTS_CHECK | coverage=COVERAGE_RICH rel=0.95 stats=1.0 odds=1.0 inj=1.0 lineups=1.0 | stats=FULL hSOT=3.60 aSOT=6.20 | lab_sched=FULL/FULL trust=0.98/0.97 clean=POLLUTED | odds_depth=nan ladder=nan hint=nan line=nan | availability=COVERAGE_TOO_WEAK_FOR_CONFIDENCE inj=NONE hRisk=nan aRisk=nan | lineup=LINEUP_INACTIVE_NO_TIMING_EDGE state=INACTIVE q=NONE hXI=nan aXI=nan conf=nan,FAILURE_MODE_LOW_CONVERSION; FAILURE_MODE_LOW_CONVERSION; market=OVER_1_5; edge=0.136; market_fit=SAFE_OK; LOW_CONVERSION,2-2,1-2,1.6-2.3,1.5-2.2,Pick wins if either favorite pressure creates a second goal or both sides trade enough chances for a 1-1/2-0 type path.,Good territory without conversion: shots arrive but finish quality or goalkeeper variance drags the score under the market.,,,,,,,,,,,RESULT_AVAILABLE,LOSS,-1.0,-1.0,RESULT_AVAILABLE,vsigma_today_candidate_v2_results_ledger.csv,dfff7a9d910def33423860233fdc0e2980191bf5123dae671f4dc9fa182a0a51,601d45d4d667d9fd4d1a8f63de2d8231,SETTLED
750f76f8d7ccfcf5dbf5a136ae2ee2d3,2026-05-14,2026-05-15T06:48:59+00:00,POST,CANDIDATE_V4_O25_FIREWALL,CANDIDATE_V4,0,1,1391177,La Liga,Valencia,Rayo Vallecano,OVER_1_5,OVER_2_5,1,0.78186,0.8495,149.998,0.1352142857142857,89.43,121.95142857142858,ACCURACY_CORE_PRIORITY;ACCURACY_MARKET_STABLE;ACCURACY_OVER_CONFIRMED;ACCURACY_MODEL_PROB_HIGH;ACCURACY_FAILURE_MODE_ACCEPTABLE; STRONG_ROLLING_STATS;CLEAN_MARKET_FIT;CORE_GATE_PASSED;EDGE_ABOVE_THRESHOLD;MODEL_PROB_STRONG;BET_EXECUTABLE; STATS+ODDS+MARKET_TRANSLATION+FORM+ADVISORY_AVAILABILITY+LEAGUE_COVERAGE; Proj goles: local 1.36 | visitante 2.01; Market edge primario: prob 0.850 | impl 0.714 | edge +0.135; Bias lado: -1.31 | tie=nan | hint=AWAY_SIDE_OR_AWAY_TEAM_TOTAL_CHECK | coverage=COVERAGE_RICH rel=0.95 stats=1.0 odds=1.0 inj=1.0 lineups=1.0 | stats=FULL hSOT=3.60 aSOT=6.60 | lab_sched=FULL/FULL trust=1.00/0.99 clean=MIXED | odds_depth=nan ladder=nan hint=nan line=nan | availability=ABSENCE_RISK_HIGH inj=FULL hRisk=8.00 aRisk=8.00 | lineup=LINEUP_INACTIVE_NO_TIMING_EDGE state=INACTIVE q=NONE hXI=nan aXI=nan conf=nan,FAILURE_MODE_LOW_CONVERSION; FAILURE_MODE_LOW_CONVERSION; market=OVER_1_5; edge=0.135; market_fit=SAFE_OK; LOW_CONVERSION,1-2,0-2,1.0-1.7,1.7-2.4,Pick wins if either favorite pressure creates a second goal or both sides trade enough chances for a 1-1/2-0 type path.,Good territory without conversion: shots arrive but finish quality or goalkeeper variance drags the score under the market.,,,,,,,,,,,RESULT_AVAILABLE,WIN,0.4,0.4,RESULT_AVAILABLE,vsigma_today_candidate_v4_results_ledger.csv,81da3d34dcca0f30c3a9f55b43aaf2e32654d58af51ce989ac97ce689566ec59,cc6aa6d85b395b5e2a6db87c5548e495,SETTLED
699b8633bce375bd4f6142bfdf84e8ff,2026-05-14,2026-05-15T06:48:59+00:00,POST,CANDIDATE_V4_O25_FIREWALL,CANDIDATE_V4,0,1,1544064,League One,Bradford,Bolton,OVER_1_5,OVER_2_5,2,0.82046,0.8881,143.721,0.1362203007518797,80.85,113.47203007518796,ACCURACY_CORE_PRIORITY;ACCURACY_MARKET_STABLE;ACCURACY_OVER_CONFIRMED;ACCURACY_MODEL_PROB_HIGH;ACCURACY_FAILURE_MODE_ACCEPTABLE; STRONG_ROLLING_STATS;CLEAN_MARKET_FIT;CORE_GATE_PASSED;EDGE_ABOVE_THRESHOLD;MODEL_PROB_STRONG;BET_EXECUTABLE; STATS+ODDS+MARKET_TRANSLATION+FORM+LEAGUE_COVERAGE; Proj goles: local 1.91 | visitante 1.84; Market edge primario: prob 0.888 | impl 0.752 | edge +0.136; Bias lado: +0.12 | tie=nan | hint=OVER_OR_BTTS_CHECK | coverage=COVERAGE_RICH rel=0.95 stats=1.0 odds=1.0 inj=1.0 lineups=1.0 | stats=FULL hSOT=3.60 aSOT=6.20 | lab_sched=FULL/FULL trust=0.98/0.97 clean=POLLUTED | odds_depth=nan ladder=nan hint=nan line=nan | availability=COVERAGE_TOO_WEAK_FOR_CONFIDENCE inj=NONE hRisk=nan aRisk=nan | lineup=LINEUP_INACTIVE_NO_TIMING_EDGE state=INACTIVE q=NONE hXI=nan aXI=nan conf=nan,FAILURE_MODE_LOW_CONVERSION; FAILURE_MODE_LOW_CONVERSION; market=OVER_1_5; edge=0.136; market_fit=SAFE_OK; LOW_CONVERSION,2-2,1-2,1.6-2.3,1.5-2.2,Pick wins if either favorite pressure creates a second goal or both sides trade enough chances for a 1-1/2-0 type path.,Good territory without conversion: shots arrive but finish quality or goalkeeper variance drags the score under the market.,,,,,,,,,,,RESULT_AVAILABLE,LOSS,-1.0,-1.0,RESULT_AVAILABLE,vsigma_today_candidate_v4_results_ledger.csv,81da3d34dcca0f30c3a9f55b43aaf2e32654d58af51ce989ac97ce689566ec59,308379e53479a656781a177ae3faba87,SETTLED
671f58a3fd3234f639546e89972a125e,2026-05-14,2026-05-15T06:48:59+00:00,POST,CANDIDATE_V5_PLAYER_IMPACT,CANDIDATE_V5,0,1,1391177,La Liga,Valencia,Rayo Vallecano,OVER_1_5,OVER_2_5,1,0.78186,0.8495,149.998,0.1352142857142857,89.43,121.95142857142858,ACCURACY_CORE_PRIORITY;ACCURACY_MARKET_STABLE;ACCURACY_OVER_CONFIRMED;ACCURACY_MODEL_PROB_HIGH;ACCURACY_FAILURE_MODE_ACCEPTABLE; STRONG_ROLLING_STATS;CLEAN_MARKET_FIT;CORE_GATE_PASSED;EDGE_ABOVE_THRESHOLD;MODEL_PROB_STRONG;BET_EXECUTABLE; STATS+ODDS+MARKET_TRANSLATION+FORM+ADVISORY_AVAILABILITY+LEAGUE_COVERAGE; Proj goles: local 1.36 | visitante 2.01; Market edge primario: prob 0.850 | impl 0.714 | edge +0.135; Bias lado: -1.31 | tie=nan | hint=AWAY_SIDE_OR_AWAY_TEAM_TOTAL_CHECK | coverage=COVERAGE_RICH rel=0.95 stats=1.0 odds=1.0 inj=1.0 lineups=1.0 | stats=FULL hSOT=3.60 aSOT=6.60 | lab_sched=FULL/FULL trust=1.00/0.99 clean=MIXED | odds_depth=nan ladder=nan hint=nan line=nan | availability=ABSENCE_RISK_HIGH inj=FULL hRisk=8.00 aRisk=8.00 | lineup=LINEUP_INACTIVE_NO_TIMING_EDGE state=INACTIVE q=NONE hXI=nan aXI=nan conf=nan,FAILURE_MODE_LOW_CONVERSION; FAILURE_MODE_LOW_CONVERSION; market=OVER_1_5; edge=0.135; market_fit=SAFE_OK; LOW_CONVERSION,1-2,0-2,1.0-1.7,1.7-2.4,Pick wins if either favorite pressure creates a second goal or both sides trade enough chances for a 1-1/2-0 type path.,Good territory without conversion: shots arrive but finish quality or goalkeeper variance drags the score under the market.,,,,,,,,,,,RESULT_AVAILABLE,WIN,0.4,0.4,RESULT_AVAILABLE,vsigma_today_candidate_v5_results_ledger.csv,841ab7ef7310c2d48b0f6064ce27358417461720f168d68efc789e99ff5ad690,c2d2dcd1cddd7b0e0972ebbeadb9fa88,SETTLED
6048b7433f77092e653b60059277e55b,2026-05-14,2026-05-15T06:48:59+00:00,POST,CANDIDATE_V5_PLAYER_IMPACT,CANDIDATE_V5,0,1,1544064,League One,Bradford,Bolton,OVER_1_5,OVER_2_5,2,0.82046,0.8881,143.721,0.1362203007518797,80.85,113.47203007518796,ACCURACY_CORE_PRIORITY;ACCURACY_MARKET_STABLE;ACCURACY_OVER_CONFIRMED;ACCURACY_MODEL_PROB_HIGH;ACCURACY_FAILURE_MODE_ACCEPTABLE; STRONG_ROLLING_STATS;CLEAN_MARKET_FIT;CORE_GATE_PASSED;EDGE_ABOVE_THRESHOLD;MODEL_PROB_STRONG;BET_EXECUTABLE; STATS+ODDS+MARKET_TRANSLATION+FORM+LEAGUE_COVERAGE; Proj goles: local 1.91 | visitante 1.84; Market edge primario: prob 0.888 | impl 0.752 | edge +0.136; Bias lado: +0.12 | tie=nan | hint=OVER_OR_BTTS_CHECK | coverage=COVERAGE_RICH rel=0.95 stats=1.0 odds=1.0 inj=1.0 lineups=1.0 | stats=FULL hSOT=3.60 aSOT=6.20 | lab_sched=FULL/FULL trust=0.98/0.97 clean=POLLUTED | odds_depth=nan ladder=nan hint=nan line=nan | availability=COVERAGE_TOO_WEAK_FOR_CONFIDENCE inj=NONE hRisk=nan aRisk=nan | lineup=LINEUP_INACTIVE_NO_TIMING_EDGE state=INACTIVE q=NONE hXI=nan aXI=nan conf=nan,FAILURE_MODE_LOW_CONVERSION; FAILURE_MODE_LOW_CONVERSION; market=OVER_1_5; edge=0.136; market_fit=SAFE_OK; LOW_CONVERSION,2-2,1-2,1.6-2.3,1.5-2.2,Pick wins if either favorite pressure creates a second goal or both sides trade enough chances for a 1-1/2-0 type path.,Good territory without conversion: shots arrive but finish quality or goalkeeper variance drags the score under the market.,,,,,,,,,,,RESULT_AVAILABLE,LOSS,-1.0,-1.0,RESULT_AVAILABLE,vsigma_today_candidate_v5_results_ledger.csv,841ab7ef7310c2d48b0f6064ce27358417461720f168d68efc789e99ff5ad690,f8ef39cf1caaf568ec2200fc1da1139d,SETTLED
dbd5948a1fbef2db7e55f6dad0ba7107,2026-05-14,2026-05-15T06:48:59+00:00,POST,CANDIDATE_V6_API_PREDICTIONS,CANDIDATE_V6,0,1,1391177,La Liga,Valencia,Rayo Vallecano,OVER_1_5,OVER_2_5,1,0.78186,0.8495,149.998,0.1352142857142857,89.43,121.95142857142858,ACCURACY_CORE_PRIORITY;ACCURACY_MARKET_STABLE;ACCURACY_OVER_CONFIRMED;ACCURACY_MODEL_PROB_HIGH;ACCURACY_FAILURE_MODE_ACCEPTABLE; STRONG_ROLLING_STATS;CLEAN_MARKET_FIT;CORE_GATE_PASSED;EDGE_ABOVE_THRESHOLD;MODEL_PROB_STRONG;BET_EXECUTABLE; STATS+ODDS+MARKET_TRANSLATION+FORM+ADVISORY_AVAILABILITY+LEAGUE_COVERAGE; Proj goles: local 1.36 | visitante 2.01; Market edge primario: prob 0.850 | impl 0.714 | edge +0.135; Bias lado: -1.31 | tie=nan | hint=AWAY_SIDE_OR_AWAY_TEAM_TOTAL_CHECK | coverage=COVERAGE_RICH rel=0.95 stats=1.0 odds=1.0 inj=1.0 lineups=1.0 | stats=FULL hSOT=3.60 aSOT=6.60 | lab_sched=FULL/FULL trust=1.00/0.99 clean=MIXED | odds_depth=nan ladder=nan hint=nan line=nan | availability=ABSENCE_RISK_HIGH inj=FULL hRisk=8.00 aRisk=8.00 | lineup=LINEUP_INACTIVE_NO_TIMING_EDGE state=INACTIVE q=NONE hXI=nan aXI=nan conf=nan,FAILURE_MODE_LOW_CONVERSION; FAILURE_MODE_LOW_CONVERSION; market=OVER_1_5; edge=0.135; market_fit=SAFE_OK; LOW_CONVERSION,1-2,0-2,1.0-1.7,1.7-2.4,Pick wins if either favorite pressure creates a second goal or both sides trade enough chances for a 1-1/2-0 type path.,Good territory without conversion: shots arrive but finish quality or goalkeeper variance drags the score under the market.,,,,,,,,,,,RESULT_AVAILABLE,WIN,0.4,0.4,RESULT_AVAILABLE,vsigma_today_candidate_v6_results_ledger.csv,9be4dd3d4c812f46554bd222c90e2f61d9363eee14ff76471334fa04236079ee,db694ad946fd04bf8ff23241c492e5c6,SETTLED
e52712a7498256ba4bef7264ccfa3e24,2026-05-14,2026-05-15T06:48:59+00:00,POST,CANDIDATE_V6_API_PREDICTIONS,CANDIDATE_V6,0,1,1544064,League One,Bradford,Bolton,OVER_1_5,OVER_2_5,2,0.82046,0.8881,143.721,0.1362203007518797,80.85,113.47203007518796,ACCURACY_CORE_PRIORITY;ACCURACY_MARKET_STABLE;ACCURACY_OVER_CONFIRMED;ACCURACY_MODEL_PROB_HIGH;ACCURACY_FAILURE_MODE_ACCEPTABLE; STRONG_ROLLING_STATS;CLEAN_MARKET_FIT;CORE_GATE_PASSED;EDGE_ABOVE_THRESHOLD;MODEL_PROB_STRONG;BET_EXECUTABLE; STATS+ODDS+MARKET_TRANSLATION+FORM+LEAGUE_COVERAGE; Proj goles: local 1.91 | visitante 1.84; Market edge primario: prob 0.888 | impl 0.752 | edge +0.136; Bias lado: +0.12 | tie=nan | hint=OVER_OR_BTTS_CHECK | coverage=COVERAGE_RICH rel=0.95 stats=1.0 odds=1.0 inj=1.0 lineups=1.0 | stats=FULL hSOT=3.60 aSOT=6.20 | lab_sched=FULL/FULL trust=0.98/0.97 clean=POLLUTED | odds_depth=nan ladder=nan hint=nan line=nan | availability=COVERAGE_TOO_WEAK_FOR_CONFIDENCE inj=NONE hRisk=nan aRisk=nan | lineup=LINEUP_INACTIVE_NO_TIMING_EDGE state=INACTIVE q=NONE hXI=nan aXI=nan conf=nan,FAILURE_MODE_LOW_CONVERSION; FAILURE_MODE_LOW_CONVERSION; market=OVER_1_5; edge=0.136; market_fit=SAFE_OK; LOW_CONVERSION,2-2,1-2,1.6-2.3,1.5-2.2,Pick wins if either favorite pressure creates a second goal or both sides trade enough chances for a 1-1/2-0 type path.,Good territory without conversion: shots arrive but finish quality or goalkeeper variance drags the score under the market.,,,,,,,,,,,RESULT_AVAILABLE,LOSS,-1.0,-1.0,RESULT_AVAILABLE,vsigma_today_candidate_v6_results_ledger.csv,9be4dd3d4c812f46554bd222c90e2f61d9363eee14ff76471334fa04236079ee,6b74936ca24c6108ab70bff1b67c903e,SETTLED
8bc2f644c3bf5427b89613371c662258,2026-05-14,2026-05-15T06:48:55+00:00,PRE,CANDIDATE_V7_PRICE_DISCIPLINE,CANDIDATE_V7,0,1,,,,,,,,,,,,,,NO_BET; no competition top rows,,,,,,,,,,,,,,,,,,,,,,,vsigma_today_candidate_v7_competition_top.csv,8759cbadd13a7e25946fc16a00dc60459c053848f24b9f9d6529478b13b1e652,1a10537545f3682d6ab864081100735a,NO_BET_RECORD
839c188771bca6566121f99257972678,2026-05-15,2026-05-15T21:39:37+00:00,PRELOCK,OFFICIAL_BASELINE,OFFICIAL_BASELINE,1,0,1544651,Serie B,Bari,Sudtirol,OVER_1_5,OVER_2_5,1,0.7753,0.8553,119.126,0.2017052287581698,86.11,111.28052287581698,ACCURACY_EXTENDED_REVIEW;ACCURACY_MARKET_STABLE;ACCURACY_OVER_CONFIRMED;ACCURACY_MODEL_PROB_HIGH;ACCURACY_FAILURE_MODE_ACCEPTABLE; STRONG_ROLLING_STATS;CLEAN_MARKET_FIT;EXTENDED_GATE_PASSED;EDGE_ABOVE_THRESHOLD;MODEL_PROB_STRONG;BET_EXECUTABLE; STATS+ODDS+MARKET_TRANSLATION+FORM+LEAGUE_COVERAGE; Proj goles: local 1.87 | visitante 1.55; Market edge primario: prob 0.855 | impl 0.654 | edge +0.202; Bias lado: +0.56 | tie=nan | hint=HOME_SIDE_OR_HOME_TEAM_TOTAL_CHECK | coverage=COVERAGE_RICH rel=0.95 stats=1.0 odds=1.0 inj=1.0 lineups=1.0 | stats=FULL hSOT=2.00 aSOT=2.80 | lab_sched=nan/nan trust=1.00/1.00 clean=nan | odds_depth=nan ladder=nan hint=nan line=nan | availability=COVERAGE_TOO_WEAK_FOR_CONFIDENCE inj=NONE hRisk=nan aRisk=nan | lineup=LINEUP_INACTIVE_NO_TIMING_EDGE state=INACTIVE q=NONE hXI=nan aXI=nan conf=nan,FAILURE_MODE_LOW_CONVERSION; FAILURE_MODE_LOW_CONVERSION; market=OVER_1_5; edge=0.202; market_fit=SAFE_OK; LOW_CONVERSION,2-2,1-2,1.5-2.2,1.2-1.9,Pick wins if either favorite pressure creates a second goal or both sides trade enough chances for a 1-1/2-0 type path.,Good territory without conversion: shots arrive but finish quality or goalkeeper variance drags the score under the market.,OUTSIDE_PRELOCK_WINDOW,PRELOCK_NOT_AVAILABLE,fixture is outside requested pre-lock window,,,,,,,,PENDING,PENDING,,,PENDING,vsigma_today_prelock_comparison.csv,d5fc264fcae6d2a5b0911bb9ebe6c01daac97afd8bd68dd44cde5d7dcd15b119,12fd87ec48ff71b9cb8125b78d5a09a0,PRELOCK_UPDATED
6b04bfe31d085448a3d670c181b60bc8,2026-05-15,2026-05-15T21:39:37+00:00,PRELOCK,CANDIDATE_V2_SCHEDULE_ANOMALY,CANDIDATE_V2,0,1,1544651,Serie B,Bari,Sudtirol,OVER_1_5,OVER_2_5,1,0.78646,0.8541,149.416,0.2005052287581699,86.07,125.120522875817,ACCURACY_CORE_PRIORITY;ACCURACY_MARKET_STABLE;ACCURACY_OVER_CONFIRMED;ACCURACY_MODEL_PROB_HIGH;ACCURACY_FAILURE_MODE_ACCEPTABLE; STRONG_ROLLING_STATS;CLEAN_MARKET_FIT;CORE_GATE_PASSED;EDGE_ABOVE_THRESHOLD;MODEL_PROB_STRONG;BET_EXECUTABLE; STATS+ODDS+MARKET_TRANSLATION+FORM+LEAGUE_COVERAGE; Proj goles: local 1.89 | visitante 1.52; Market edge primario: prob 0.854 | impl 0.654 | edge +0.201; Bias lado: +0.62 | tie=nan | hint=HOME_SIDE_OR_HOME_TEAM_TOTAL_CHECK | coverage=COVERAGE_RICH rel=0.95 stats=1.0 odds=1.0 inj=1.0 lineups=1.0 | stats=FULL hSOT=2.00 aSOT=2.80 | lab_sched=FULL/FULL trust=1.04/0.93 clean=MIXED | odds_depth=nan ladder=nan hint=nan line=nan | availability=COVERAGE_TOO_WEAK_FOR_CONFIDENCE inj=NONE hRisk=nan aRisk=nan | lineup=LINEUP_INACTIVE_NO_TIMING_EDGE state=INACTIVE q=NONE hXI=nan aXI=nan conf=nan,FAILURE_MODE_LOW_CONVERSION; FAILURE_MODE_LOW_CONVERSION; market=OVER_1_5; edge=0.201; market_fit=SAFE_OK; LOW_CONVERSION,2-2,1-2,1.5-2.2,1.2-1.9,Pick wins if either favorite pressure creates a second goal or both sides trade enough chances for a 1-1/2-0 type path.,Good territory without conversion: shots arrive but finish quality or goalkeeper variance drags the score under the market.,OUTSIDE_PRELOCK_WINDOW,PRELOCK_NOT_AVAILABLE,fixture is outside requested pre-lock window,,,,,,,,PENDING,PENDING,,,PENDING,vsigma_today_prelock_comparison.csv,d5fc264fcae6d2a5b0911bb9ebe6c01daac97afd8bd68dd44cde5d7dcd15b119,d8234740aea233ce5214149c471b5575,PRELOCK_UPDATED
e16370b7a8bf1195f9c8137a5994e3e1,2026-05-15,2026-05-15T16:18:15+00:00,PRE,CANDIDATE_V3_ODDS_DEPTH,CANDIDATE_V3,0,1,,,,,,,,,,,,,,NO_BET; SOURCE_FILE_MISSING_OR_NOT_AVAILABLE,,,,,,,,,,,,,,,,,,,,,,,vsigma_today_candidate_v3_competition_top.csv,,079de38f4e9bebb13424da2357a2f8c3,NO_BET_RECORD
b0f5ce9ca6ce3b866674f236f317bf2f,2026-05-15,2026-05-15T21:39:37+00:00,PRELOCK,CANDIDATE_V4_O25_FIREWALL,CANDIDATE_V4,0,1,1544651,Serie B,Bari,Sudtirol,OVER_1_5,OVER_2_5,1,0.78646,0.8541,149.416,0.2005052287581699,86.07,125.120522875817,ACCURACY_CORE_PRIORITY;ACCURACY_MARKET_STABLE;ACCURACY_OVER_CONFIRMED;ACCURACY_MODEL_PROB_HIGH;ACCURACY_FAILURE_MODE_ACCEPTABLE; STRONG_ROLLING_STATS;CLEAN_MARKET_FIT;CORE_GATE_PASSED;EDGE_ABOVE_THRESHOLD;MODEL_PROB_STRONG;BET_EXECUTABLE; STATS+ODDS+MARKET_TRANSLATION+FORM+LEAGUE_COVERAGE; Proj goles: local 1.89 | visitante 1.52; Market edge primario: prob 0.854 | impl 0.654 | edge +0.201; Bias lado: +0.62 | tie=nan | hint=HOME_SIDE_OR_HOME_TEAM_TOTAL_CHECK | coverage=COVERAGE_RICH rel=0.95 stats=1.0 odds=1.0 inj=1.0 lineups=1.0 | stats=FULL hSOT=2.00 aSOT=2.80 | lab_sched=FULL/FULL trust=1.04/0.93 clean=MIXED | odds_depth=nan ladder=nan hint=nan line=nan | availability=COVERAGE_TOO_WEAK_FOR_CONFIDENCE inj=NONE hRisk=nan aRisk=nan | lineup=LINEUP_INACTIVE_NO_TIMING_EDGE state=INACTIVE q=NONE hXI=nan aXI=nan conf=nan,FAILURE_MODE_LOW_CONVERSION; FAILURE_MODE_LOW_CONVERSION; market=OVER_1_5; edge=0.201; market_fit=SAFE_OK; LOW_CONVERSION,2-2,1-2,1.5-2.2,1.2-1.9,Pick wins if either favorite pressure creates a second goal or both sides trade enough chances for a 1-1/2-0 type path.,Good territory without conversion: shots arrive but finish quality or goalkeeper variance drags the score under the market.,OUTSIDE_PRELOCK_WINDOW,PRELOCK_NOT_AVAILABLE,fixture is outside requested pre-lock window,,,,,,,,PENDING,PENDING,,,PENDING,vsigma_today_prelock_comparison.csv,d5fc264fcae6d2a5b0911bb9ebe6c01daac97afd8bd68dd44cde5d7dcd15b119,126cafd194c0bc95a74bacd6398126c4,PRELOCK_UPDATED
0bdcba70be0a78472b8f1a9a06c6f5d5,2026-05-15,2026-05-15T21:39:37+00:00,PRELOCK,CANDIDATE_V5_PLAYER_IMPACT,CANDIDATE_V5,0,1,1544651,Serie B,Bari,Sudtirol,OVER_1_5,OVER_2_5,1,0.78646,0.8541,149.416,0.2005052287581699,86.07,125.120522875817,ACCURACY_CORE_PRIORITY;ACCURACY_MARKET_STABLE;ACCURACY_OVER_CONFIRMED;ACCURACY_MODEL_PROB_HIGH;ACCURACY_FAILURE_MODE_ACCEPTABLE; STRONG_ROLLING_STATS;CLEAN_MARKET_FIT;CORE_GATE_PASSED;EDGE_ABOVE_THRESHOLD;MODEL_PROB_STRONG;BET_EXECUTABLE; STATS+ODDS+MARKET_TRANSLATION+FORM+LEAGUE_COVERAGE; Proj goles: local 1.89 | visitante 1.52; Market edge primario: prob 0.854 | impl 0.654 | edge +0.201; Bias lado: +0.62 | tie=nan | hint=HOME_SIDE_OR_HOME_TEAM_TOTAL_CHECK | coverage=COVERAGE_RICH rel=0.95 stats=1.0 odds=1.0 inj=1.0 lineups=1.0 | stats=FULL hSOT=2.00 aSOT=2.80 | lab_sched=FULL/FULL trust=1.04/0.93 clean=MIXED | odds_depth=nan ladder=nan hint=nan line=nan | availability=COVERAGE_TOO_WEAK_FOR_CONFIDENCE inj=NONE hRisk=nan aRisk=nan | lineup=LINEUP_INACTIVE_NO_TIMING_EDGE state=INACTIVE q=NONE hXI=nan aXI=nan conf=nan,FAILURE_MODE_LOW_CONVERSION; FAILURE_MODE_LOW_CONVERSION; market=OVER_1_5; edge=0.201; market_fit=SAFE_OK; LOW_CONVERSION,2-2,1-2,1.5-2.2,1.2-1.9,Pick wins if either favorite pressure creates a second goal or both sides trade enough chances for a 1-1/2-0 type path.,Good territory without conversion: shots arrive but finish quality or goalkeeper variance drags the score under the market.,OUTSIDE_PRELOCK_WINDOW,PRELOCK_NOT_AVAILABLE,fixture is outside requested pre-lock window,,,,,,,,PENDING,PENDING,,,PENDING,vsigma_today_prelock_comparison.csv,d5fc264fcae6d2a5b0911bb9ebe6c01daac97afd8bd68dd44cde5d7dcd15b119,76b4e3848dfc28452464ab3d9644585b,PRELOCK_UPDATED
e4e388d46609d0a8bafddb4fe26f7128,2026-05-15,2026-05-15T21:39:37+00:00,PRELOCK,CANDIDATE_V6_API_PREDICTIONS,CANDIDATE_V6,0,1,1544651,Serie B,Bari,Sudtirol,OVER_1_5,OVER_2_5,1,0.78646,0.8541,149.416,0.2005052287581699,86.07,125.120522875817,ACCURACY_CORE_PRIORITY;ACCURACY_MARKET_STABLE;ACCURACY_OVER_CONFIRMED;ACCURACY_MODEL_PROB_HIGH;ACCURACY_FAILURE_MODE_ACCEPTABLE; STRONG_ROLLING_STATS;CLEAN_MARKET_FIT;CORE_GATE_PASSED;EDGE_ABOVE_THRESHOLD;MODEL_PROB_STRONG;BET_EXECUTABLE; STATS+ODDS+MARKET_TRANSLATION+FORM+LEAGUE_COVERAGE; Proj goles: local 1.89 | visitante 1.52; Market edge primario: prob 0.854 | impl 0.654 | edge +0.201; Bias lado: +0.62 | tie=nan | hint=HOME_SIDE_OR_HOME_TEAM_TOTAL_CHECK | coverage=COVERAGE_RICH rel=0.95 stats=1.0 odds=1.0 inj=1.0 lineups=1.0 | stats=FULL hSOT=2.00 aSOT=2.80 | lab_sched=FULL/FULL trust=1.04/0.93 clean=MIXED | odds_depth=nan ladder=nan hint=nan line=nan | availability=COVERAGE_TOO_WEAK_FOR_CONFIDENCE inj=NONE hRisk=nan aRisk=nan | lineup=LINEUP_INACTIVE_NO_TIMING_EDGE state=INACTIVE q=NONE hXI=nan aXI=nan conf=nan,FAILURE_MODE_LOW_CONVERSION; FAILURE_MODE_LOW_CONVERSION; market=OVER_1_5; edge=0.201; market_fit=SAFE_OK; LOW_CONVERSION,2-2,1-2,1.5-2.2,1.2-1.9,Pick wins if either favorite pressure creates a second goal or both sides trade enough chances for a 1-1/2-0 type path.,Good territory without conversion: shots arrive but finish quality or goalkeeper variance drags the score under the market.,OUTSIDE_PRELOCK_WINDOW,PRELOCK_NOT_AVAILABLE,fixture is outside requested pre-lock window,,,,,,,,PENDING,PENDING,,,PENDING,vsigma_today_prelock_comparison.csv,d5fc264fcae6d2a5b0911bb9ebe6c01daac97afd8bd68dd44cde5d7dcd15b119,24046cc4b4ba03f65a14dc49f75c5e22,PRELOCK_UPDATED
e8b1b794d64c1d21ad523fc8c874cb17,2026-05-15,2026-05-15T21:39:37+00:00,PRELOCK,CANDIDATE_V7_PRICE_DISCIPLINE,CANDIDATE_V7,0,1,1544651,Serie B,Bari,Sudtirol,OVER_1_5,OVER_2_5,1,0.78646,0.8541,149.416,0.2005052287581699,86.07,125.120522875817,ACCURACY_CORE_PRIORITY;ACCURACY_MARKET_STABLE;ACCURACY_OVER_CONFIRMED;ACCURACY_MODEL_PROB_HIGH;ACCURACY_FAILURE_MODE_ACCEPTABLE;PRICE_DISCIPLINE_NOT_TOP; STRONG_ROLLING_STATS;CLEAN_MARKET_FIT;CORE_GATE_PASSED;EDGE_ABOVE_THRESHOLD;MODEL_PROB_STRONG;BET_EXECUTABLE; STATS+ODDS+MARKET_TRANSLATION+FORM+LEAGUE_COVERAGE; Proj goles: local 1.89 | visitante 1.52; Market edge primario: prob 0.854 | impl 0.654 | edge +0.201; Bias lado: +0.62 | tie=nan | hint=HOME_SIDE_OR_HOME_TEAM_TOTAL_CHECK | coverage=COVERAGE_RICH rel=0.95 stats=1.0 odds=1.0 inj=1.0 lineups=1.0 | stats=FULL hSOT=2.00 aSOT=2.80 | lab_sched=FULL/FULL trust=1.04/0.93 clean=MIXED | odds_depth=nan ladder=nan hint=nan line=nan | availability=COVERAGE_TOO_WEAK_FOR_CONFIDENCE inj=NONE hRisk=nan aRisk=nan | lineup=LINEUP_INACTIVE_NO_TIMING_EDGE state=INACTIVE q=NONE hXI=nan aXI=nan conf=nan,FAILURE_MODE_LOW_CONVERSION; FAILURE_MODE_LOW_CONVERSION; market=OVER_1_5; edge=0.201; market_fit=SAFE_OK; LOW_CONVERSION,2-2,1-2,1.5-2.2,1.2-1.9,Pick wins if either favorite pressure creates a second goal or both sides trade enough chances for a 1-1/2-0 type path.,Good territory without conversion: shots arrive but finish quality or goalkeeper variance drags the score under the market.,OUTSIDE_PRELOCK_WINDOW,PRELOCK_NOT_AVAILABLE,fixture is outside requested pre-lock window,V7_PRELOCK_UNAVAILABLE,0.143,0.200505,0.057505,WATCH_PATTERN,CLV_UNAVAILABLE,,PENDING,PENDING,,,,vsigma_today_prelock_comparison.csv,d5fc264fcae6d2a5b0911bb9ebe6c01daac97afd8bd68dd44cde5d7dcd15b119,0cc6623ac3df82035a6d48390b30aa33,PRELOCK_UPDATED
5062328e35c7937a11df2fd52a702401,2026-05-16,2026-05-17T11:37:25+00:00,POST,OFFICIAL_BASELINE,OFFICIAL_BASELINE,1,0,1392194,Segunda División,Granada CF,Burgos,OVER_1_5,OVER_2_5,2,0.8132,0.8932,128.374,0.2396052287581699,93.71,122.67052287581696,ACCURACY_EXTENDED_REVIEW;ACCURACY_MARKET_STABLE;ACCURACY_OVER_CONFIRMED;ACCURACY_MODEL_PROB_HIGH;ACCURACY_FAILURE_MODE_ACCEPTABLE; STRONG_ROLLING_STATS;CLEAN_MARKET_FIT;EXTENDED_GATE_PASSED;EDGE_ABOVE_THRESHOLD;MODEL_PROB_STRONG;BET_EXECUTABLE; STATS+ODDS+MARKET_TRANSLATION+FORM+LEAGUE_COVERAGE; Proj goles: local 1.51 | visitante 2.30; Market edge primario: prob 0.893 | impl 0.654 | edge +0.240; Bias lado: -1.33 | tie=nan | hint=AWAY_SIDE_OR_AWAY_TEAM_TOTAL_CHECK | coverage=COVERAGE_RICH rel=0.95 stats=1.0 odds=1.0 inj=1.0 lineups=1.0 | stats=FULL hSOT=5.00 aSOT=3.20 | lab_sched=nan/nan trust=1.00/1.00 clean=nan | odds_depth=nan ladder=nan hint=nan line=nan | availability=COVERAGE_TOO_WEAK_FOR_CONFIDENCE inj=NONE hRisk=nan aRisk=nan | lineup=LINEUP_INACTIVE_NO_TIMING_EDGE state=INACTIVE q=NONE hXI=nan aXI=nan conf=nan,FAILURE_MODE_LOW_CONVERSION; FAILURE_MODE_LOW_CONVERSION; market=OVER_1_5; edge=0.240; market_fit=SAFE_OK; LOW_CONVERSION,2-2,1-2,1.2-1.9,1.9-2.6,Pick wins if either favorite pressure creates a second goal or both sides trade enough chances for a 1-1/2-0 type path.,Good territory without conversion: shots arrive but finish quality or goalkeeper variance drags the score under the market.,OUTSIDE_PRELOCK_WINDOW,PRELOCK_NOT_AVAILABLE,fixture is outside requested pre-lock window,,,,,,,,RESULT_AVAILABLE,LOSS,-1.0,-1.0,RESULT_AVAILABLE,vsigma_execution_shortlist_results_ledger.csv,25d681c1deab72441339d5026abf39c4e7bf4508241e75c49f4ff5ee89ac1a51,601411a167ec6fe4230a6e16be84c5f7,SETTLED
98a2e13215e9788c87332750388e0539,2026-05-16,2026-05-17T11:37:25+00:00,POST,OFFICIAL_BASELINE,OFFICIAL_BASELINE,1,0,1544949,Serie B,Juve Stabia,Monza,OVER_1_5,OVER_2_5,3,0.7672,0.8472,124.149,0.2020387096774193,98.92,124.12387096774194,ACCURACY_EXTENDED_REVIEW;ACCURACY_MARKET_STABLE;ACCURACY_OVER_CONFIRMED;ACCURACY_MODEL_PROB_HIGH;ACCURACY_FAILURE_MODE_ACCEPTABLE; STRONG_ROLLING_STATS;CLEAN_MARKET_FIT;EXTENDED_GATE_PASSED;EDGE_ABOVE_THRESHOLD;MODEL_PROB_STRONG;BET_EXECUTABLE; STATS+ODDS+MARKET_TRANSLATION+FORM+LEAGUE_COVERAGE; Proj goles: local 1.38 | visitante 1.97; Market edge primario: prob 0.847 | impl 0.645 | edge +0.202; Bias lado: -1.49 | tie=nan | hint=AWAY_SIDE_OR_AWAY_TEAM_TOTAL_CHECK | coverage=COVERAGE_RICH rel=0.95 stats=1.0 odds=1.0 inj=1.0 lineups=1.0 | stats=FULL hSOT=3.60 aSOT=6.80 | lab_sched=nan/nan trust=1.00/1.00 clean=nan | odds_depth=nan ladder=nan hint=nan line=nan | availability=COVERAGE_TOO_WEAK_FOR_CONFIDENCE inj=NONE hRisk=nan aRisk=nan | lineup=LINEUP_INACTIVE_NO_TIMING_EDGE state=INACTIVE q=NONE hXI=nan aXI=nan conf=nan,FAILURE_MODE_LOW_CONVERSION; FAILURE_MODE_LOW_CONVERSION; market=OVER_1_5; edge=0.202; market_fit=SAFE_OK; LOW_CONVERSION,1-2,0-2,1.0-1.7,1.6-2.3,Pick wins if either favorite pressure creates a second goal or both sides trade enough chances for a 1-1/2-0 type path.,Good territory without conversion: shots arrive but finish quality or goalkeeper variance drags the score under the market.,OUTSIDE_PRELOCK_WINDOW,PRELOCK_NOT_AVAILABLE,fixture is outside requested pre-lock window,,,,,,,,RESULT_AVAILABLE,WIN,0.55,0.55,RESULT_AVAILABLE,vsigma_execution_shortlist_results_ledger.csv,25d681c1deab72441339d5026abf39c4e7bf4508241e75c49f4ff5ee89ac1a51,11faeed2466d9230316b43586403bf1d,SETTLED
15d2ce2297030bb5e190dcccc086ce2c,2026-05-16,2026-05-17T11:37:25+00:00,POST,CANDIDATE_V2_SCHEDULE_ANOMALY,CANDIDATE_V2,0,1,1392194,Segunda División,Granada CF,Burgos,OVER_1_5,OVER_2_5,1,0.796,0.876,126.113,0.2224052287581699,91.89,119.130522875817,ACCURACY_EXTENDED_REVIEW;ACCURACY_MARKET_STABLE;ACCURACY_OVER_CONFIRMED;ACCURACY_MODEL_PROB_HIGH;ACCURACY_FAILURE_MODE_ACCEPTABLE; STRONG_ROLLING_STATS;CLEAN_MARKET_FIT;EXTENDED_GATE_PASSED;EDGE_ABOVE_THRESHOLD;MODEL_PROB_STRONG;BET_EXECUTABLE; STATS+ODDS+MARKET_TRANSLATION+FORM+LEAGUE_COVERAGE; Proj goles: local 1.38 | visitante 2.24; Market edge primario: prob 0.876 | impl 0.654 | edge +0.222; Bias lado: -1.41 | tie=nan | hint=AWAY_SIDE_OR_AWAY_TEAM_TOTAL_CHECK | coverage=COVERAGE_RICH rel=0.95 stats=1.0 odds=1.0 inj=1.0 lineups=1.0 | stats=FULL hSOT=5.00 aSOT=3.20 | lab_sched=FULL/FULL trust=0.89/0.94 clean=POLLUTED | odds_depth=nan ladder=nan hint=nan line=nan | availability=COVERAGE_TOO_WEAK_FOR_CONFIDENCE inj=NONE hRisk=nan aRisk=nan | lineup=LINEUP_INACTIVE_NO_TIMING_EDGE state=INACTIVE q=NONE hXI=nan aXI=nan conf=nan,FAILURE_MODE_LOW_CONVERSION; FAILURE_MODE_LOW_CONVERSION; market=OVER_1_5; edge=0.222; market_fit=SAFE_OK; LOW_CONVERSION,2-2,1-2,1.2-1.9,1.9-2.6,Pick wins if either favorite pressure creates a second goal or both sides trade enough chances for a 1-1/2-0 type path.,Good territory without conversion: shots arrive but finish quality or goalkeeper variance drags the score under the market.,OUTSIDE_PRELOCK_WINDOW,PRELOCK_NOT_AVAILABLE,fixture is outside requested pre-lock window,,,,,,,,RESULT_AVAILABLE,LOSS,-1.0,-1.0,RESULT_AVAILABLE,vsigma_today_candidate_v2_results_ledger.csv,7789564905a65b6dffe066b9113ed9993ea16cfa170281657dfae3534573fbbe,a9d324e2be457b8b2ebcdb487d7097d3,SETTLED
64670681a37b789758ce7212c8103fff,2026-05-16,2026-05-17T11:37:25+00:00,POST,CANDIDATE_V2_SCHEDULE_ANOMALY,CANDIDATE_V2,0,1,1544949,Serie B,Juve Stabia,Monza,OVER_1_5,OVER_2_5,2,0.7637,0.8437,123.489,0.1985387096774193,98.38,123.23387096774192,ACCURACY_EXTENDED_REVIEW;ACCURACY_MARKET_STABLE;ACCURACY_OVER_CONFIRMED;ACCURACY_MODEL_PROB_HIGH;ACCURACY_FAILURE_MODE_ACCEPTABLE; STRONG_ROLLING_STATS;CLEAN_MARKET_FIT;EXTENDED_GATE_PASSED;EDGE_ABOVE_THRESHOLD;MODEL_PROB_STRONG;BET_EXECUTABLE; STATS+ODDS+MARKET_TRANSLATION+FORM+LEAGUE_COVERAGE; Proj goles: local 1.39 | visitante 1.93; Market edge primario: prob 0.844 | impl 0.645 | edge +0.199; Bias lado: -1.44 | tie=nan | hint=AWAY_SIDE_OR_AWAY_TEAM_TOTAL_CHECK | coverage=COVERAGE_RICH rel=0.95 stats=1.0 odds=1.0 inj=1.0 lineups=1.0 | stats=FULL hSOT=3.60 aSOT=6.80 | lab_sched=FULL/FULL trust=1.00/0.96 clean=MIXED | odds_depth=nan ladder=nan hint=nan line=nan | availability=COVERAGE_TOO_WEAK_FOR_CONFIDENCE inj=NONE hRisk=nan aRisk=nan | lineup=LINEUP_INACTIVE_NO_TIMING_EDGE state=INACTIVE q=NONE hXI=nan aXI=nan conf=nan,FAILURE_MODE_LOW_CONVERSION; FAILURE_MODE_LOW_CONVERSION; market=OVER_1_5; edge=0.199; market_fit=SAFE_OK; LOW_CONVERSION,1-2,0-2,1.0-1.7,1.6-2.3,Pick wins if either favorite pressure creates a second goal or both sides trade enough chances for a 1-1/2-0 type path.,Good territory without conversion: shots arrive but finish quality or goalkeeper variance drags the score under the market.,OUTSIDE_PRELOCK_WINDOW,PRELOCK_NOT_AVAILABLE,fixture is outside requested pre-lock window,,,,,,,,RESULT_AVAILABLE,WIN,0.55,0.55,RESULT_AVAILABLE,vsigma_today_candidate_v2_results_ledger.csv,7789564905a65b6dffe066b9113ed9993ea16cfa170281657dfae3534573fbbe,16a06f50dcd47d29f6eb22daa4bb5535,SETTLED
b5c3d59296aa0d2a6b7beeeac5ed9ed1,2026-05-16,2026-05-16T11:40:00+00:00,PRE,CANDIDATE_V3_ODDS_DEPTH,CANDIDATE_V3,0,1,,,,,,,,,,,,,,NO_BET; SOURCE_FILE_MISSING_OR_NOT_AVAILABLE,,,,,,,,,,,,,,,,,,,,,,,vsigma_today_candidate_v3_competition_top.csv,,d1c148908fee137fb64945ba4be0a218,NO_BET_RECORD
3017f11ce05904490e183cb20bd36b42,2026-05-16,2026-05-17T11:37:25+00:00,POST,CANDIDATE_V4_O25_FIREWALL,CANDIDATE_V4,0,1,1392194,Segunda División,Granada CF,Burgos,OVER_1_5,OVER_2_5,1,0.796,0.876,126.113,0.2224052287581699,91.89,119.130522875817,ACCURACY_EXTENDED_REVIEW;ACCURACY_MARKET_STABLE;ACCURACY_OVER_CONFIRMED;ACCURACY_MODEL_PROB_HIGH;ACCURACY_FAILURE_MODE_ACCEPTABLE; STRONG_ROLLING_STATS;CLEAN_MARKET_FIT;EXTENDED_GATE_PASSED;EDGE_ABOVE_THRESHOLD;MODEL_PROB_STRONG;BET_EXECUTABLE; STATS+ODDS+MARKET_TRANSLATION+FORM+LEAGUE_COVERAGE; Proj goles: local 1.38 | visitante 2.24; Market edge primario: prob 0.876 | impl 0.654 | edge +0.222; Bias lado: -1.41 | tie=nan | hint=AWAY_SIDE_OR_AWAY_TEAM_TOTAL_CHECK | coverage=COVERAGE_RICH rel=0.95 stats=1.0 odds=1.0 inj=1.0 lineups=1.0 | stats=FULL hSOT=5.00 aSOT=3.20 | lab_sched=FULL/FULL trust=0.89/0.94 clean=POLLUTED | odds_depth=nan ladder=nan hint=nan line=nan | availability=COVERAGE_TOO_WEAK_FOR_CONFIDENCE inj=NONE hRisk=nan aRisk=nan | lineup=LINEUP_INACTIVE_NO_TIMING_EDGE state=INACTIVE q=NONE hXI=nan aXI=nan conf=nan,FAILURE_MODE_LOW_CONVERSION; FAILURE_MODE_LOW_CONVERSION; market=OVER_1_5; edge=0.222; market_fit=SAFE_OK; LOW_CONVERSION,2-2,1-2,1.2-1.9,1.9-2.6,Pick wins if either favorite pressure creates a second goal or both sides trade enough chances for a 1-1/2-0 type path.,Good territory without conversion: shots arrive but finish quality or goalkeeper variance drags the score under the market.,OUTSIDE_PRELOCK_WINDOW,PRELOCK_NOT_AVAILABLE,fixture is outside requested pre-lock window,,,,,,,,RESULT_AVAILABLE,LOSS,-1.0,-1.0,RESULT_AVAILABLE,vsigma_today_candidate_v4_results_ledger.csv,16d506543a8a0e40bbe13ba140f948c3ee5449b01053a8a4aa1b376db29cd795,6044d76663deab6799418e82d8b5434f,SETTLED
2f01f7227503209156ac3f8d982bc628,2026-05-16,2026-05-17T11:37:25+00:00,POST,CANDIDATE_V4_O25_FIREWALL,CANDIDATE_V4,0,1,1544949,Serie B,Juve Stabia,Monza,OVER_1_5,OVER_2_5,2,0.7637,0.8437,123.489,0.1985387096774193,98.38,123.23387096774192,ACCURACY_EXTENDED_REVIEW;ACCURACY_MARKET_STABLE;ACCURACY_OVER_CONFIRMED;ACCURACY_MODEL_PROB_HIGH;ACCURACY_FAILURE_MODE_ACCEPTABLE; STRONG_ROLLING_STATS;CLEAN_MARKET_FIT;EXTENDED_GATE_PASSED;EDGE_ABOVE_THRESHOLD;MODEL_PROB_STRONG;BET_EXECUTABLE; STATS+ODDS+MARKET_TRANSLATION+FORM+LEAGUE_COVERAGE; Proj goles: local 1.39 | visitante 1.93; Market edge primario: prob 0.844 | impl 0.645 | edge +0.199; Bias lado: -1.44 | tie=nan | hint=AWAY_SIDE_OR_AWAY_TEAM_TOTAL_CHECK | coverage=COVERAGE_RICH rel=0.95 stats=1.0 odds=1.0 inj=1.0 lineups=1.0 | stats=FULL hSOT=3.60 aSOT=6.80 | lab_sched=FULL/FULL trust=1.00/0.96 clean=MIXED | odds_depth=nan ladder=nan hint=nan line=nan | availability=COVERAGE_TOO_WEAK_FOR_CONFIDENCE inj=NONE hRisk=nan aRisk=nan | lineup=LINEUP_INACTIVE_NO_TIMING_EDGE state=INACTIVE q=NONE hXI=nan aXI=nan conf=nan,FAILURE_MODE_LOW_CONVERSION; FAILURE_MODE_LOW_CONVERSION; market=OVER_1_5; edge=0.199; market_fit=SAFE_OK; LOW_CONVERSION,1-2,0-2,1.0-1.7,1.6-2.3,Pick wins if either favorite pressure creates a second goal or both sides trade enough chances for a 1-1/2-0 type path.,Good territory without conversion: shots arrive but finish quality or goalkeeper variance drags the score under the market.,OUTSIDE_PRELOCK_WINDOW,PRELOCK_NOT_AVAILABLE,fixture is outside requested pre-lock window,,,,,,,,RESULT_AVAILABLE,WIN,0.55,0.55,RESULT_AVAILABLE,vsigma_today_candidate_v4_results_ledger.csv,16d506543a8a0e40bbe13ba140f948c3ee5449b01053a8a4aa1b376db29cd795,3366a26acb86ceb6357bc9bddd52adfb,SETTLED
2f815550afcad9f23565c124bc3c943a,2026-05-16,2026-05-17T11:37:25+00:00,POST,CANDIDATE_V5_PLAYER_IMPACT,CANDIDATE_V5,0,1,1392194,Segunda División,Granada CF,Burgos,OVER_1_5,OVER_2_5,1,0.796,0.876,126.113,0.2224052287581699,91.89,119.130522875817,ACCURACY_EXTENDED_REVIEW;ACCURACY_MARKET_STABLE;ACCURACY_OVER_CONFIRMED;ACCURACY_MODEL_PROB_HIGH;ACCURACY_FAILURE_MODE_ACCEPTABLE; STRONG_ROLLING_STATS;CLEAN_MARKET_FIT;EXTENDED_GATE_PASSED;EDGE_ABOVE_THRESHOLD;MODEL_PROB_STRONG;BET_EXECUTABLE; STATS+ODDS+MARKET_TRANSLATION+FORM+LEAGUE_COVERAGE; Proj goles: local 1.38 | visitante 2.24; Market edge primario: prob 0.876 | impl 0.654 | edge +0.222; Bias lado: -1.41 | tie=nan | hint=AWAY_SIDE_OR_AWAY_TEAM_TOTAL_CHECK | coverage=COVERAGE_RICH rel=0.95 stats=1.0 odds=1.0 inj=1.0 lineups=1.0 | stats=FULL hSOT=5.00 aSOT=3.20 | lab_sched=FULL/FULL trust=0.89/0.94 clean=POLLUTED | odds_depth=nan ladder=nan hint=nan line=nan | availability=COVERAGE_TOO_WEAK_FOR_CONFIDENCE inj=NONE hRisk=nan aRisk=nan | lineup=LINEUP_INACTIVE_NO_TIMING_EDGE state=INACTIVE q=NONE hXI=nan aXI=nan conf=nan,FAILURE_MODE_LOW_CONVERSION; FAILURE_MODE_LOW_CONVERSION; market=OVER_1_5; edge=0.222; market_fit=SAFE_OK; LOW_CONVERSION,2-2,1-2,1.2-1.9,1.9-2.6,Pick wins if either favorite pressure creates a second goal or both sides trade enough chances for a 1-1/2-0 type path.,Good territory without conversion: shots arrive but finish quality or goalkeeper variance drags the score under the market.,OUTSIDE_PRELOCK_WINDOW,PRELOCK_NOT_AVAILABLE,fixture is outside requested pre-lock window,,,,,,,,RESULT_AVAILABLE,LOSS,-1.0,-1.0,RESULT_AVAILABLE,vsigma_today_candidate_v5_results_ledger.csv,fa5ec7f47ec8252142ed12bea505ab615f4e40c7ebe1db4e646fa4124a2eca4a,47ffaa6d73c11d2a8a3490ac7864abe4,SETTLED
62aacc9cc46c0c3b3a403700550fb847,2026-05-16,2026-05-17T11:37:25+00:00,POST,CANDIDATE_V5_PLAYER_IMPACT,CANDIDATE_V5,0,1,1544949,Serie B,Juve Stabia,Monza,OVER_1_5,OVER_2_5,2,0.7637,0.8437,123.489,0.1985387096774193,98.38,123.23387096774192,ACCURACY_EXTENDED_REVIEW;ACCURACY_MARKET_STABLE;ACCURACY_OVER_CONFIRMED;ACCURACY_MODEL_PROB_HIGH;ACCURACY_FAILURE_MODE_ACCEPTABLE; STRONG_ROLLING_STATS;CLEAN_MARKET_FIT;EXTENDED_GATE_PASSED;EDGE_ABOVE_THRESHOLD;MODEL_PROB_STRONG;BET_EXECUTABLE; STATS+ODDS+MARKET_TRANSLATION+FORM+LEAGUE_COVERAGE; Proj goles: local 1.39 | visitante 1.93; Market edge primario: prob 0.844 | impl 0.645 | edge +0.199; Bias lado: -1.44 | tie=nan | hint=AWAY_SIDE_OR_AWAY_TEAM_TOTAL_CHECK | coverage=COVERAGE_RICH rel=0.95 stats=1.0 odds=1.0 inj=1.0 lineups=1.0 | stats=FULL hSOT=3.60 aSOT=6.80 | lab_sched=FULL/FULL trust=1.00/0.96 clean=MIXED | odds_depth=nan ladder=nan hint=nan line=nan | availability=COVERAGE_TOO_WEAK_FOR_CONFIDENCE inj=NONE hRisk=nan aRisk=nan | lineup=LINEUP_INACTIVE_NO_TIMING_EDGE state=INACTIVE q=NONE hXI=nan aXI=nan conf=nan,FAILURE_MODE_LOW_CONVERSION; FAILURE_MODE_LOW_CONVERSION; market=OVER_1_5; edge=0.199; market_fit=SAFE_OK; LOW_CONVERSION,1-2,0-2,1.0-1.7,1.6-2.3,Pick wins if either favorite pressure creates a second goal or both sides trade enough chances for a 1-1/2-0 type path.,Good territory without conversion: shots arrive but finish quality or goalkeeper variance drags the score under the market.,OUTSIDE_PRELOCK_WINDOW,PRELOCK_NOT_AVAILABLE,fixture is outside requested pre-lock window,,,,,,,,RESULT_AVAILABLE,WIN,0.55,0.55,RESULT_AVAILABLE,vsigma_today_candidate_v5_results_ledger.csv,fa5ec7f47ec8252142ed12bea505ab615f4e40c7ebe1db4e646fa4124a2eca4a,781bafa5acdb6600df849c108c1294d2,SETTLED
b4835ddf8065874b8255f0ba4b3fa1a7,2026-05-16,2026-05-17T11:37:25+00:00,POST,CANDIDATE_V6_API_PREDICTIONS,CANDIDATE_V6,0,1,1392194,Segunda División,Granada CF,Burgos,OVER_1_5,OVER_2_5,1,0.796,0.876,126.113,0.2224052287581699,91.89,119.130522875817,ACCURACY_EXTENDED_REVIEW;ACCURACY_MARKET_STABLE;ACCURACY_OVER_CONFIRMED;ACCURACY_MODEL_PROB_HIGH;ACCURACY_FAILURE_MODE_ACCEPTABLE; STRONG_ROLLING_STATS;CLEAN_MARKET_FIT;EXTENDED_GATE_PASSED;EDGE_ABOVE_THRESHOLD;MODEL_PROB_STRONG;BET_EXECUTABLE; STATS+ODDS+MARKET_TRANSLATION+FORM+LEAGUE_COVERAGE; Proj goles: local 1.38 | visitante 2.24; Market edge primario: prob 0.876 | impl 0.654 | edge +0.222; Bias lado: -1.41 | tie=nan | hint=AWAY_SIDE_OR_AWAY_TEAM_TOTAL_CHECK | coverage=COVERAGE_RICH rel=0.95 stats=1.0 odds=1.0 inj=1.0 lineups=1.0 | stats=FULL hSOT=5.00 aSOT=3.20 | lab_sched=FULL/FULL trust=0.89/0.94 clean=POLLUTED | odds_depth=nan ladder=nan hint=nan line=nan | availability=COVERAGE_TOO_WEAK_FOR_CONFIDENCE inj=NONE hRisk=nan aRisk=nan | lineup=LINEUP_INACTIVE_NO_TIMING_EDGE state=INACTIVE q=NONE hXI=nan aXI=nan conf=nan,FAILURE_MODE_LOW_CONVERSION; FAILURE_MODE_LOW_CONVERSION; market=OVER_1_5; edge=0.222; market_fit=SAFE_OK; LOW_CONVERSION,2-2,1-2,1.2-1.9,1.9-2.6,Pick wins if either favorite pressure creates a second goal or both sides trade enough chances for a 1-1/2-0 type path.,Good territory without conversion: shots arrive but finish quality or goalkeeper variance drags the score under the market.,OUTSIDE_PRELOCK_WINDOW,PRELOCK_NOT_AVAILABLE,fixture is outside requested pre-lock window,,,,,,,,RESULT_AVAILABLE,LOSS,-1.0,-1.0,RESULT_AVAILABLE,vsigma_today_candidate_v6_results_ledger.csv,b13907b695f99e386c8f8eb26ca38766f150ae8c429114950b33506b0ed36965,92b4dfcf6340bb7634ec02e591288c79,SETTLED
91b33c1f0ab7db0886b21ef63f1f66d0,2026-05-16,2026-05-17T11:37:25+00:00,POST,CANDIDATE_V6_API_PREDICTIONS,CANDIDATE_V6,0,1,1544949,Serie B,Juve Stabia,Monza,OVER_1_5,OVER_2_5,2,0.7637,0.8437,123.489,0.1985387096774193,98.38,123.23387096774192,ACCURACY_EXTENDED_REVIEW;ACCURACY_MARKET_STABLE;ACCURACY_OVER_CONFIRMED;ACCURACY_MODEL_PROB_HIGH;ACCURACY_FAILURE_MODE_ACCEPTABLE; STRONG_ROLLING_STATS;CLEAN_MARKET_FIT;EXTENDED_GATE_PASSED;EDGE_ABOVE_THRESHOLD;MODEL_PROB_STRONG;BET_EXECUTABLE; STATS+ODDS+MARKET_TRANSLATION+FORM+LEAGUE_COVERAGE; Proj goles: local 1.39 | visitante 1.93; Market edge primario: prob 0.844 | impl 0.645 | edge +0.199; Bias lado: -1.44 | tie=nan | hint=AWAY_SIDE_OR_AWAY_TEAM_TOTAL_CHECK | coverage=COVERAGE_RICH rel=0.95 stats=1.0 odds=1.0 inj=1.0 lineups=1.0 | stats=FULL hSOT=3.60 aSOT=6.80 | lab_sched=FULL/FULL trust=1.00/0.96 clean=MIXED | odds_depth=nan ladder=nan hint=nan line=nan | availability=COVERAGE_TOO_WEAK_FOR_CONFIDENCE inj=NONE hRisk=nan aRisk=nan | lineup=LINEUP_INACTIVE_NO_TIMING_EDGE state=INACTIVE q=NONE hXI=nan aXI=nan conf=nan,FAILURE_MODE_LOW_CONVERSION; FAILURE_MODE_LOW_CONVERSION; market=OVER_1_5; edge=0.199; market_fit=SAFE_OK; LOW_CONVERSION,1-2,0-2,1.0-1.7,1.6-2.3,Pick wins if either favorite pressure creates a second goal or both sides trade enough chances for a 1-1/2-0 type path.,Good territory without conversion: shots arrive but finish quality or goalkeeper variance drags the score under the market.,OUTSIDE_PRELOCK_WINDOW,PRELOCK_NOT_AVAILABLE,fixture is outside requested pre-lock window,,,,,,,,RESULT_AVAILABLE,WIN,0.55,0.55,RESULT_AVAILABLE,vsigma_today_candidate_v6_results_ledger.csv,b13907b695f99e386c8f8eb26ca38766f150ae8c429114950b33506b0ed36965,c98074f30a5996e59740e7c3a0a53f03,SETTLED
34253190d9d36fac5696b09d6936afd3,2026-05-16,2026-05-16T20:09:01+00:00,PRELOCK,CANDIDATE_V7_PRICE_DISCIPLINE,CANDIDATE_V7,0,1,1392194,Segunda División,Granada CF,Burgos,OVER_1_5,OVER_2_5,1,0.796,0.876,126.113,0.2224052287581699,91.89,119.130522875817,ACCURACY_EXTENDED_REVIEW;ACCURACY_MARKET_STABLE;ACCURACY_OVER_CONFIRMED;ACCURACY_MODEL_PROB_HIGH;ACCURACY_FAILURE_MODE_ACCEPTABLE;PRICE_DISCIPLINE_NOT_TOP; STRONG_ROLLING_STATS;CLEAN_MARKET_FIT;EXTENDED_GATE_PASSED;EDGE_ABOVE_THRESHOLD;MODEL_PROB_STRONG;BET_EXECUTABLE; STATS+ODDS+MARKET_TRANSLATION+FORM+LEAGUE_COVERAGE; Proj goles: local 1.38 | visitante 2.24; Market edge primario: prob 0.876 | impl 0.654 | edge +0.222; Bias lado: -1.41 | tie=nan | hint=AWAY_SIDE_OR_AWAY_TEAM_TOTAL_CHECK | coverage=COVERAGE_RICH rel=0.95 stats=1.0 odds=1.0 inj=1.0 lineups=1.0 | stats=FULL hSOT=5.00 aSOT=3.20 | lab_sched=FULL/FULL trust=0.89/0.94 clean=POLLUTED | odds_depth=nan ladder=nan hint=nan line=nan | availability=COVERAGE_TOO_WEAK_FOR_CONFIDENCE inj=NONE hRisk=nan aRisk=nan | lineup=LINEUP_INACTIVE_NO_TIMING_EDGE state=INACTIVE q=NONE hXI=nan aXI=nan conf=nan,FAILURE_MODE_LOW_CONVERSION; FAILURE_MODE_LOW_CONVERSION; market=OVER_1_5; edge=0.222; market_fit=SAFE_OK; LOW_CONVERSION,2-2,1-2,1.2-1.9,1.9-2.6,Pick wins if either favorite pressure creates a second goal or both sides trade enough chances for a 1-1/2-0 type path.,Good territory without conversion: shots arrive but finish quality or goalkeeper variance drags the score under the market.,OUTSIDE_PRELOCK_WINDOW,PRELOCK_NOT_AVAILABLE,fixture is outside requested pre-lock window,V7_PRELOCK_UNAVAILABLE,0.143,0.222405,0.079405,WATCH_PATTERN,CLV_FLAT,0.0,PENDING,PENDING,,,,vsigma_today_prelock_comparison.csv,60e5f3f94ae93af1dfe6a8fa860b0346047eaa76ae38ad7aee4e9afd439ff2d8,46f4cd798dec376976a72ad3834233e4,PRELOCK_UPDATED
dc4b2767b748d2c14630f533ea9b7df1,2026-05-16,2026-05-17T11:37:25+00:00,POST,OFFICIAL_BASELINE,OFFICIAL_BASELINE,1,0,1388609,Bundesliga,SC Freiburg,RB Leipzig,OVER_2_5,OVER_1_5,1,0.797925,0.7808,132.75,0.1229052631578947,102.73,134.02052631578948,ACCURACY_CORE_PRIORITY;ACCURACY_OVER_CONFIRMED;ACCURACY_FAILURE_MODE_ACCEPTABLE; STRONG_ROLLING_STATS;CLEAN_MARKET_FIT;CORE_GATE_PASSED;EDGE_ABOVE_THRESHOLD;MODEL_PROB_STRONG;BET_EXECUTABLE; STATS+ODDS+MARKET_TRANSLATION+FORM+ADVISORY_AVAILABILITY+LEAGUE_COVERAGE; Proj goles: local 1.67 | visitante 2.47; Market edge primario: prob 0.781 | impl 0.658 | edge +0.123; Bias lado: -1.85 | tie=nan | hint=AWAY_SIDE_OR_AWAY_TEAM_TOTAL_CHECK | coverage=COVERAGE_RICH rel=0.95 stats=1.0 odds=1.0 inj=1.0 lineups=1.0 | stats=FULL hSOT=3.60 aSOT=7.20 | lab_sched=nan/nan trust=1.00/1.00 clean=nan | odds_depth=nan ladder=nan hint=nan line=nan | availability=ABSENCE_RISK_HIGH inj=FULL hRisk=1.60 aRisk=7.60 | lineup=LINEUP_INACTIVE_NO_TIMING_EDGE state=INACTIVE q=NONE hXI=nan aXI=nan conf=nan,FAILURE_MODE_LOW_CONVERSION; FAILURE_MODE_LOW_CONVERSION; market=OVER_2_5; edge=0.123; market_fit=SAFE_OK; LOW_CONVERSION,2-2,1-2,1.3-2.0,2.1-2.8,"Pick wins if the projected chance volume turns into three goals, usually via early tempo or both teams contributing.",Good territory without conversion: shots arrive but finish quality or goalkeeper variance drags the score under the market.,OUTSIDE_PRELOCK_WINDOW,PRELOCK_NOT_AVAILABLE,fixture is outside requested pre-lock window,,,,,,,,RESULT_AVAILABLE,WIN,0.52,0.52,RESULT_AVAILABLE,vsigma_execution_shortlist_results_ledger.csv,25d681c1deab72441339d5026abf39c4e7bf4508241e75c49f4ff5ee89ac1a51,af70f97ebd2ca56409fe3ac5442af2bc,SETTLED
c5502114747cbb580c69ce64032c9778,2026-05-17,2026-05-17T20:12:34+00:00,PRELOCK,OFFICIAL_BASELINE,OFFICIAL_BASELINE,1,0,1544950,Serie B,Catanzaro,Palermo,OVER_1_5,OVER_2_5,1,0.8274,0.9074,127.553,0.1879755395683452,97.21,121.0075539568345,ACCURACY_EXTENDED_REVIEW;ACCURACY_MARKET_STABLE;ACCURACY_OVER_CONFIRMED;ACCURACY_MODEL_PROB_HIGH;ACCURACY_FAILURE_MODE_ACCEPTABLE; STRONG_ROLLING_STATS;CLEAN_MARKET_FIT;EXTENDED_GATE_PASSED;EDGE_ABOVE_THRESHOLD;MODEL_PROB_STRONG;BET_EXECUTABLE; STATS+ODDS+MARKET_TRANSLATION+FORM+LEAGUE_COVERAGE; Proj goles: local 1.76 | visitante 2.23; Market edge primario: prob 0.907 | impl 0.719 | edge +0.188; Bias lado: -1.07 | tie=nan | hint=AWAY_SIDE_OR_AWAY_TEAM_TOTAL_CHECK | coverage=COVERAGE_RICH rel=0.95 stats=1.0 odds=1.0 inj=1.0 lineups=1.0 | stats=FULL hSOT=6.20 aSOT=5.60 | lab_sched=nan/nan trust=1.00/1.00 clean=nan | odds_depth=nan ladder=nan hint=nan line=nan | availability=COVERAGE_TOO_WEAK_FOR_CONFIDENCE inj=NONE hRisk=nan aRisk=nan | lineup=LINEUP_INACTIVE_NO_TIMING_EDGE state=INACTIVE q=NONE hXI=nan aXI=nan conf=nan,FAILURE_MODE_LOW_CONVERSION; FAILURE_MODE_LOW_CONVERSION; market=OVER_1_5; edge=0.188; market_fit=SAFE_OK; LOW_CONVERSION,2-2,1-2,1.4-2.1,1.9-2.6,Pick wins if either favorite pressure creates a second goal or both sides trade enough chances for a 1-1/2-0 type path.,Good territory without conversion: shots arrive but finish quality or goalkeeper variance drags the score under the market.,OUTSIDE_PRELOCK_WINDOW,PRELOCK_NOT_AVAILABLE,fixture is outside requested pre-lock window,,,,,,,,PENDING,PENDING,,,,vsigma_today_prelock_comparison.csv,7300a74ccc448ef86413d811018799e793e9d606dd61b817296ccca8ba5c8082,b19dfb760b073b3edf38bf0fdb5acf56,PRELOCK_UPDATED
bacfe7df441c5629b6626af81a7b3a4f,2026-05-17,2026-05-17T20:12:34+00:00,PRELOCK,OFFICIAL_BASELINE,OFFICIAL_BASELINE,1,0,1492260,Serie A,Atletico Paranaense,Flamengo,OVER_1_5,OVER_2_5,2,0.8015,0.8815,123.472,0.1672142857142856,94.99,116.71142857142856,ACCURACY_EXTENDED_REVIEW;ACCURACY_MARKET_STABLE;ACCURACY_OVER_CONFIRMED;ACCURACY_MODEL_PROB_HIGH;ACCURACY_FAILURE_MODE_ACCEPTABLE; STRONG_ROLLING_STATS;CLEAN_MARKET_FIT;EXTENDED_GATE_PASSED;EDGE_ABOVE_THRESHOLD;MODEL_PROB_STRONG;BET_EXECUTABLE; STATS+ODDS+MARKET_TRANSLATION+FORM+ADVISORY_AVAILABILITY+LEAGUE_COVERAGE; Proj goles: local 1.20 | visitante 2.48; Market edge primario: prob 0.881 | impl 0.714 | edge +0.167; Bias lado: -2.36 | tie=nan | hint=AWAY_SIDE_OR_AWAY_TEAM_TOTAL_CHECK | coverage=COVERAGE_RICH rel=0.95 stats=1.0 odds=1.0 inj=1.0 lineups=1.0 | stats=FULL hSOT=6.00 aSOT=7.00 | lab_sched=nan/nan trust=1.00/1.00 clean=nan | odds_depth=nan ladder=nan hint=nan line=nan | availability=ABSENCE_RISK_HIGH inj=FULL hRisk=4.80 aRisk=12.80 | lineup=LINEUP_INACTIVE_NO_TIMING_EDGE state=INACTIVE q=NONE hXI=nan aXI=nan conf=nan,FAILURE_MODE_LOW_CONVERSION; FAILURE_MODE_LOW_CONVERSION; market=OVER_1_5; edge=0.167; market_fit=SAFE_OK; LOW_CONVERSION,1-2,0-2,0.8-1.5,2.1-2.8,Pick wins if either favorite pressure creates a second goal or both sides trade enough chances for a 1-1/2-0 type path.,Good territory without conversion: shots arrive but finish quality or goalkeeper variance drags the score under the market.,OUTSIDE_PRELOCK_WINDOW,PRELOCK_NOT_AVAILABLE,fixture is outside requested pre-lock window,,,,,,,,PENDING,PENDING,,,,vsigma_today_prelock_comparison.csv,7300a74ccc448ef86413d811018799e793e9d606dd61b817296ccca8ba5c8082,8cedbf57379a39f123b0520b33e60170,PRELOCK_UPDATED
d6a20730af448c770c621d820a0c84d4,2026-05-17,2026-05-17T20:12:34+00:00,PRELOCK,CANDIDATE_V2_SCHEDULE_ANOMALY,CANDIDATE_V2,0,1,1544950,Serie B,Catanzaro,Palermo,OVER_1_5,OVER_2_5,1,0.8296,0.9096,127.988,0.1901755395683452,97.63,121.64755395683451,ACCURACY_EXTENDED_REVIEW;ACCURACY_MARKET_STABLE;ACCURACY_OVER_CONFIRMED;ACCURACY_MODEL_PROB_HIGH;ACCURACY_FAILURE_MODE_ACCEPTABLE; STRONG_ROLLING_STATS;CLEAN_MARKET_FIT;EXTENDED_GATE_PASSED;EDGE_ABOVE_THRESHOLD;MODEL_PROB_STRONG;BET_EXECUTABLE; STATS+ODDS+MARKET_TRANSLATION+FORM+LEAGUE_COVERAGE; Proj goles: local 1.76 | visitante 2.26; Market edge primario: prob 0.910 | impl 0.719 | edge +0.190; Bias lado: -1.11 | tie=nan | hint=AWAY_SIDE_OR_AWAY_TEAM_TOTAL_CHECK | coverage=COVERAGE_RICH rel=0.95 stats=1.0 odds=1.0 inj=1.0 lineups=1.0 | stats=FULL hSOT=6.20 aSOT=5.60 | lab_sched=FULL/FULL trust=1.00/1.03 clean=CLEAN | odds_depth=nan ladder=nan hint=nan line=nan | availability=COVERAGE_TOO_WEAK_FOR_CONFIDENCE inj=NONE hRisk=nan aRisk=nan | lineup=LINEUP_INACTIVE_NO_TIMING_EDGE state=INACTIVE q=NONE hXI=nan aXI=nan conf=nan,FAILURE_MODE_LOW_CONVERSION; FAILURE_MODE_LOW_CONVERSION; market=OVER_1_5; edge=0.190; market_fit=SAFE_OK; LOW_CONVERSION,2-2,1-2,1.4-2.1,1.9-2.6,Pick wins if either favorite pressure creates a second goal or both sides trade enough chances for a 1-1/2-0 type path.,Good territory without conversion: shots arrive but finish quality or goalkeeper variance drags the score under the market.,OUTSIDE_PRELOCK_WINDOW,PRELOCK_NOT_AVAILABLE,fixture is outside requested pre-lock window,,,,,,,,PENDING,PENDING,,,,vsigma_today_prelock_comparison.csv,7300a74ccc448ef86413d811018799e793e9d606dd61b817296ccca8ba5c8082,8664da1d4cf7f19430719ff25b73edc2,PRELOCK_UPDATED
2ed6eee6119be6b8f077859aedec2f69,2026-05-17,2026-05-17T20:12:34+00:00,PRELOCK,CANDIDATE_V2_SCHEDULE_ANOMALY,CANDIDATE_V2,0,1,1492260,Serie A,Atletico Paranaense,Flamengo,OVER_1_5,OVER_2_5,2,0.8033,0.8833,123.74,0.1690142857142856,94.98,116.88142857142856,ACCURACY_EXTENDED_REVIEW;ACCURACY_MARKET_STABLE;ACCURACY_OVER_CONFIRMED;ACCURACY_MODEL_PROB_HIGH;ACCURACY_FAILURE_MODE_ACCEPTABLE; STRONG_ROLLING_STATS;CLEAN_MARKET_FIT;EXTENDED_GATE_PASSED;EDGE_ABOVE_THRESHOLD;MODEL_PROB_STRONG;BET_EXECUTABLE; STATS+ODDS+MARKET_TRANSLATION+FORM+ADVISORY_AVAILABILITY+LEAGUE_COVERAGE; Proj goles: local 1.17 | visitante 2.53; Market edge primario: prob 0.883 | impl 0.714 | edge +0.169; Bias lado: -2.45 | tie=nan | hint=AWAY_SIDE_OR_AWAY_TEAM_TOTAL_CHECK | coverage=COVERAGE_RICH rel=0.95 stats=1.0 odds=1.0 inj=1.0 lineups=1.0 | stats=FULL hSOT=6.00 aSOT=7.00 | lab_sched=PARTIAL/PARTIAL trust=0.96/1.03 clean=MIXED | odds_depth=nan ladder=nan hint=nan line=nan | availability=ABSENCE_RISK_HIGH inj=FULL hRisk=4.80 aRisk=12.80 | lineup=LINEUP_INACTIVE_NO_TIMING_EDGE state=INACTIVE q=NONE hXI=nan aXI=nan conf=nan,FAILURE_MODE_LOW_CONVERSION; FAILURE_MODE_LOW_CONVERSION; market=OVER_1_5; edge=0.169; market_fit=SAFE_OK; LOW_CONVERSION,1-2,0-2,0.8-1.5,2.1-2.8,Pick wins if either favorite pressure creates a second goal or both sides trade enough chances for a 1-1/2-0 type path.,Good territory without conversion: shots arrive but finish quality or goalkeeper variance drags the score under the market.,OUTSIDE_PRELOCK_WINDOW,PRELOCK_NOT_AVAILABLE,fixture is outside requested pre-lock window,,,,,,,,PENDING,PENDING,,,,vsigma_today_prelock_comparison.csv,7300a74ccc448ef86413d811018799e793e9d606dd61b817296ccca8ba5c8082,07401991235e92301f8b71cbbff56824,PRELOCK_UPDATED
6d358df98dcb8b9a1e1016dfb2bbc36c,2026-05-17,2026-05-17T11:53:28+00:00,PRE,CANDIDATE_V3_ODDS_DEPTH,CANDIDATE_V3,0,1,,,,,,,,,,,,,,NO_BET; SOURCE_FILE_MISSING_OR_NOT_AVAILABLE,,,,,,,,,,,,,,,,,,,,,,,vsigma_today_candidate_v3_competition_top.csv,,71c3c0713d97298913d3422f1a71db1e,NO_BET_RECORD
066cccc25e29821862bb40b1e95227f1,2026-05-17,2026-05-17T20:12:34+00:00,PRELOCK,CANDIDATE_V4_O25_FIREWALL,CANDIDATE_V4,0,1,1544950,Serie B,Catanzaro,Palermo,OVER_1_5,OVER_2_5,1,0.8296,0.9096,127.988,0.1901755395683452,97.63,121.64755395683451,ACCURACY_EXTENDED_REVIEW;ACCURACY_MARKET_STABLE;ACCURACY_OVER_CONFIRMED;ACCURACY_MODEL_PROB_HIGH;ACCURACY_FAILURE_MODE_ACCEPTABLE; STRONG_ROLLING_STATS;CLEAN_MARKET_FIT;EXTENDED_GATE_PASSED;EDGE_ABOVE_THRESHOLD;MODEL_PROB_STRONG;BET_EXECUTABLE; STATS+ODDS+MARKET_TRANSLATION+FORM+LEAGUE_COVERAGE; Proj goles: local 1.76 | visitante 2.26; Market edge primario: prob 0.910 | impl 0.719 | edge +0.190; Bias lado: -1.11 | tie=nan | hint=AWAY_SIDE_OR_AWAY_TEAM_TOTAL_CHECK | coverage=COVERAGE_RICH rel=0.95 stats=1.0 odds=1.0 inj=1.0 lineups=1.0 | stats=FULL hSOT=6.20 aSOT=5.60 | lab_sched=FULL/FULL trust=1.00/1.03 clean=CLEAN | odds_depth=nan ladder=nan hint=nan line=nan | availability=COVERAGE_TOO_WEAK_FOR_CONFIDENCE inj=NONE hRisk=nan aRisk=nan | lineup=LINEUP_INACTIVE_NO_TIMING_EDGE state=INACTIVE q=NONE hXI=nan aXI=nan conf=nan,FAILURE_MODE_LOW_CONVERSION; FAILURE_MODE_LOW_CONVERSION; market=OVER_1_5; edge=0.190; market_fit=SAFE_OK; LOW_CONVERSION,2-2,1-2,1.4-2.1,1.9-2.6,Pick wins if either favorite pressure creates a second goal or both sides trade enough chances for a 1-1/2-0 type path.,Good territory without conversion: shots arrive but finish quality or goalkeeper variance drags the score under the market.,OUTSIDE_PRELOCK_WINDOW,PRELOCK_NOT_AVAILABLE,fixture is outside requested pre-lock window,,,,,,,,PENDING,PENDING,,,,vsigma_today_prelock_comparison.csv,7300a74ccc448ef86413d811018799e793e9d606dd61b817296ccca8ba5c8082,4c4c27693c5a4f4b7700fc4b062397d2,PRELOCK_UPDATED
5f40e215feca7828b1f907b43ace5c3d,2026-05-17,2026-05-17T20:12:34+00:00,PRELOCK,CANDIDATE_V4_O25_FIREWALL,CANDIDATE_V4,0,1,1492260,Serie A,Atletico Paranaense,Flamengo,OVER_1_5,OVER_2_5,2,0.8033,0.8833,123.74,0.1690142857142856,94.98,116.88142857142856,ACCURACY_EXTENDED_REVIEW;ACCURACY_MARKET_STABLE;ACCURACY_OVER_CONFIRMED;ACCURACY_MODEL_PROB_HIGH;ACCURACY_FAILURE_MODE_ACCEPTABLE; STRONG_ROLLING_STATS;CLEAN_MARKET_FIT;EXTENDED_GATE_PASSED;EDGE_ABOVE_THRESHOLD;MODEL_PROB_STRONG;BET_EXECUTABLE; STATS+ODDS+MARKET_TRANSLATION+FORM+ADVISORY_AVAILABILITY+LEAGUE_COVERAGE; Proj goles: local 1.17 | visitante 2.53; Market edge primario: prob 0.883 | impl 0.714 | edge +0.169; Bias lado: -2.45 | tie=nan | hint=AWAY_SIDE_OR_AWAY_TEAM_TOTAL_CHECK | coverage=COVERAGE_RICH rel=0.95 stats=1.0 odds=1.0 inj=1.0 lineups=1.0 | stats=FULL hSOT=6.00 aSOT=7.00 | lab_sched=PARTIAL/PARTIAL trust=0.96/1.03 clean=MIXED | odds_depth=nan ladder=nan hint=nan line=nan | availability=ABSENCE_RISK_HIGH inj=FULL hRisk=4.80 aRisk=12.80 | lineup=LINEUP_INACTIVE_NO_TIMING_EDGE state=INACTIVE q=NONE hXI=nan aXI=nan conf=nan,FAILURE_MODE_LOW_CONVERSION; FAILURE_MODE_LOW_CONVERSION; market=OVER_1_5; edge=0.169; market_fit=SAFE_OK; LOW_CONVERSION,1-2,0-2,0.8-1.5,2.1-2.8,Pick wins if either favorite pressure creates a second goal or both sides trade enough chances for a 1-1/2-0 type path.,Good territory without conversion: shots arrive but finish quality or goalkeeper variance drags the score under the market.,OUTSIDE_PRELOCK_WINDOW,PRELOCK_NOT_AVAILABLE,fixture is outside requested pre-lock window,,,,,,,,PENDING,PENDING,,,,vsigma_today_prelock_comparison.csv,7300a74ccc448ef86413d811018799e793e9d606dd61b817296ccca8ba5c8082,719c7b072595531b746e24b7ce5d62f9,PRELOCK_UPDATED
0fc76010749b9e237ab33522397a8484,2026-05-17,2026-05-17T20:12:34+00:00,PRELOCK,CANDIDATE_V5_PLAYER_IMPACT,CANDIDATE_V5,0,1,1544950,Serie B,Catanzaro,Palermo,OVER_1_5,OVER_2_5,1,0.8296,0.9096,127.988,0.1901755395683452,97.63,121.64755395683451,ACCURACY_EXTENDED_REVIEW;ACCURACY_MARKET_STABLE;ACCURACY_OVER_CONFIRMED;ACCURACY_MODEL_PROB_HIGH;ACCURACY_FAILURE_MODE_ACCEPTABLE; STRONG_ROLLING_STATS;CLEAN_MARKET_FIT;EXTENDED_GATE_PASSED;EDGE_ABOVE_THRESHOLD;MODEL_PROB_STRONG;BET_EXECUTABLE; STATS+ODDS+MARKET_TRANSLATION+FORM+LEAGUE_COVERAGE; Proj goles: local 1.76 | visitante 2.26; Market edge primario: prob 0.910 | impl 0.719 | edge +0.190; Bias lado: -1.11 | tie=nan | hint=AWAY_SIDE_OR_AWAY_TEAM_TOTAL_CHECK | coverage=COVERAGE_RICH rel=0.95 stats=1.0 odds=1.0 inj=1.0 lineups=1.0 | stats=FULL hSOT=6.20 aSOT=5.60 | lab_sched=FULL/FULL trust=1.00/1.03 clean=CLEAN | odds_depth=nan ladder=nan hint=nan line=nan | availability=COVERAGE_TOO_WEAK_FOR_CONFIDENCE inj=NONE hRisk=nan aRisk=nan | lineup=LINEUP_INACTIVE_NO_TIMING_EDGE state=INACTIVE q=NONE hXI=nan aXI=nan conf=nan,FAILURE_MODE_LOW_CONVERSION; FAILURE_MODE_LOW_CONVERSION; market=OVER_1_5; edge=0.190; market_fit=SAFE_OK; LOW_CONVERSION,2-2,1-2,1.4-2.1,1.9-2.6,Pick wins if either favorite pressure creates a second goal or both sides trade enough chances for a 1-1/2-0 type path.,Good territory without conversion: shots arrive but finish quality or goalkeeper variance drags the score under the market.,OUTSIDE_PRELOCK_WINDOW,PRELOCK_NOT_AVAILABLE,fixture is outside requested pre-lock window,,,,,,,,PENDING,PENDING,,,,vsigma_today_prelock_comparison.csv,7300a74ccc448ef86413d811018799e793e9d606dd61b817296ccca8ba5c8082,da57d5e55ccb178bd7f3df25d24a08f6,PRELOCK_UPDATED
0b525adef027833a5d0407683214ab68,2026-05-17,2026-05-17T20:12:34+00:00,PRELOCK,CANDIDATE_V5_PLAYER_IMPACT,CANDIDATE_V5,0,1,1492260,Serie A,Atletico Paranaense,Flamengo,OVER_1_5,OVER_2_5,2,0.8033,0.8833,123.74,0.1690142857142856,94.98,116.88142857142856,ACCURACY_EXTENDED_REVIEW;ACCURACY_MARKET_STABLE;ACCURACY_OVER_CONFIRMED;ACCURACY_MODEL_PROB_HIGH;ACCURACY_FAILURE_MODE_ACCEPTABLE; STRONG_ROLLING_STATS;CLEAN_MARKET_FIT;EXTENDED_GATE_PASSED;EDGE_ABOVE_THRESHOLD;MODEL_PROB_STRONG;BET_EXECUTABLE; STATS+ODDS+MARKET_TRANSLATION+FORM+ADVISORY_AVAILABILITY+LEAGUE_COVERAGE; Proj goles: local 1.17 | visitante 2.53; Market edge primario: prob 0.883 | impl 0.714 | edge +0.169; Bias lado: -2.45 | tie=nan | hint=AWAY_SIDE_OR_AWAY_TEAM_TOTAL_CHECK | coverage=COVERAGE_RICH rel=0.95 stats=1.0 odds=1.0 inj=1.0 lineups=1.0 | stats=FULL hSOT=6.00 aSOT=7.00 | lab_sched=PARTIAL/PARTIAL trust=0.96/1.03 clean=MIXED | odds_depth=nan ladder=nan hint=nan line=nan | availability=ABSENCE_RISK_HIGH inj=FULL hRisk=4.80 aRisk=12.80 | lineup=LINEUP_INACTIVE_NO_TIMING_EDGE state=INACTIVE q=NONE hXI=nan aXI=nan conf=nan,FAILURE_MODE_LOW_CONVERSION; FAILURE_MODE_LOW_CONVERSION; market=OVER_1_5; edge=0.169; market_fit=SAFE_OK; LOW_CONVERSION,1-2,0-2,0.8-1.5,2.1-2.8,Pick wins if either favorite pressure creates a second goal or both sides trade enough chances for a 1-1/2-0 type path.,Good territory without conversion: shots arrive but finish quality or goalkeeper variance drags the score under the market.,OUTSIDE_PRELOCK_WINDOW,PRELOCK_NOT_AVAILABLE,fixture is outside requested pre-lock window,,,,,,,,PENDING,PENDING,,,,vsigma_today_prelock_comparison.csv,7300a74ccc448ef86413d811018799e793e9d606dd61b817296ccca8ba5c8082,2790fc031029297ab44b54e69fdfaaa0,PRELOCK_UPDATED
1d7c0a4afda66c83b571a10489ac4ebe,2026-05-17,2026-05-17T20:12:34+00:00,PRELOCK,CANDIDATE_V6_API_PREDICTIONS,CANDIDATE_V6,0,1,1544950,Serie B,Catanzaro,Palermo,OVER_1_5,OVER_2_5,1,0.8296,0.9096,127.988,0.1901755395683452,97.63,121.64755395683451,ACCURACY_EXTENDED_REVIEW;ACCURACY_MARKET_STABLE;ACCURACY_OVER_CONFIRMED;ACCURACY_MODEL_PROB_HIGH;ACCURACY_FAILURE_MODE_ACCEPTABLE; STRONG_ROLLING_STATS;CLEAN_MARKET_FIT;EXTENDED_GATE_PASSED;EDGE_ABOVE_THRESHOLD;MODEL_PROB_STRONG;BET_EXECUTABLE; STATS+ODDS+MARKET_TRANSLATION+FORM+LEAGUE_COVERAGE; Proj goles: local 1.76 | visitante 2.26; Market edge primario: prob 0.910 | impl 0.719 | edge +0.190; Bias lado: -1.11 | tie=nan | hint=AWAY_SIDE_OR_AWAY_TEAM_TOTAL_CHECK | coverage=COVERAGE_RICH rel=0.95 stats=1.0 odds=1.0 inj=1.0 lineups=1.0 | stats=FULL hSOT=6.20 aSOT=5.60 | lab_sched=FULL/FULL trust=1.00/1.03 clean=CLEAN | odds_depth=nan ladder=nan hint=nan line=nan | availability=COVERAGE_TOO_WEAK_FOR_CONFIDENCE inj=NONE hRisk=nan aRisk=nan | lineup=LINEUP_INACTIVE_NO_TIMING_EDGE state=INACTIVE q=NONE hXI=nan aXI=nan conf=nan,FAILURE_MODE_LOW_CONVERSION; FAILURE_MODE_LOW_CONVERSION; market=OVER_1_5; edge=0.190; market_fit=SAFE_OK; LOW_CONVERSION,2-2,1-2,1.4-2.1,1.9-2.6,Pick wins if either favorite pressure creates a second goal or both sides trade enough chances for a 1-1/2-0 type path.,Good territory without conversion: shots arrive but finish quality or goalkeeper variance drags the score under the market.,OUTSIDE_PRELOCK_WINDOW,PRELOCK_NOT_AVAILABLE,fixture is outside requested pre-lock window,,,,,,,,PENDING,PENDING,,,,vsigma_today_prelock_comparison.csv,7300a74ccc448ef86413d811018799e793e9d606dd61b817296ccca8ba5c8082,ccd5008e66dc96fa2d9d9e7bbb31eb98,PRELOCK_UPDATED
b8a96dbbc563c86d648d3ffcf5663e44,2026-05-17,2026-05-17T20:12:34+00:00,PRELOCK,CANDIDATE_V6_API_PREDICTIONS,CANDIDATE_V6,0,1,1492260,Serie A,Atletico Paranaense,Flamengo,OVER_1_5,OVER_2_5,2,0.8033,0.8833,123.74,0.1690142857142856,94.98,116.88142857142856,ACCURACY_EXTENDED_REVIEW;ACCURACY_MARKET_STABLE;ACCURACY_OVER_CONFIRMED;ACCURACY_MODEL_PROB_HIGH;ACCURACY_FAILURE_MODE_ACCEPTABLE; STRONG_ROLLING_STATS;CLEAN_MARKET_FIT;EXTENDED_GATE_PASSED;EDGE_ABOVE_THRESHOLD;MODEL_PROB_STRONG;BET_EXECUTABLE; STATS+ODDS+MARKET_TRANSLATION+FORM+ADVISORY_AVAILABILITY+LEAGUE_COVERAGE; Proj goles: local 1.17 | visitante 2.53; Market edge primario: prob 0.883 | impl 0.714 | edge +0.169; Bias lado: -2.45 | tie=nan | hint=AWAY_SIDE_OR_AWAY_TEAM_TOTAL_CHECK | coverage=COVERAGE_RICH rel=0.95 stats=1.0 odds=1.0 inj=1.0 lineups=1.0 | stats=FULL hSOT=6.00 aSOT=7.00 | lab_sched=PARTIAL/PARTIAL trust=0.96/1.03 clean=MIXED | odds_depth=nan ladder=nan hint=nan line=nan | availability=ABSENCE_RISK_HIGH inj=FULL hRisk=4.80 aRisk=12.80 | lineup=LINEUP_INACTIVE_NO_TIMING_EDGE state=INACTIVE q=NONE hXI=nan aXI=nan conf=nan,FAILURE_MODE_LOW_CONVERSION; FAILURE_MODE_LOW_CONVERSION; market=OVER_1_5; edge=0.169; market_fit=SAFE_OK; LOW_CONVERSION,1-2,0-2,0.8-1.5,2.1-2.8,Pick wins if either favorite pressure creates a second goal or both sides trade enough chances for a 1-1/2-0 type path.,Good territory without conversion: shots arrive but finish quality or goalkeeper variance drags the score under the market.,OUTSIDE_PRELOCK_WINDOW,PRELOCK_NOT_AVAILABLE,fixture is outside requested pre-lock window,,,,,,,,PENDING,PENDING,,,,vsigma_today_prelock_comparison.csv,7300a74ccc448ef86413d811018799e793e9d606dd61b817296ccca8ba5c8082,5697713eada15fc7847e441418fe14f8,PRELOCK_UPDATED
62a24e3aae7057323837806969300d61,2026-05-17,2026-05-17T20:12:34+00:00,PRELOCK,CANDIDATE_V7_PRICE_DISCIPLINE,CANDIDATE_V7,0,1,1544950,Serie B,Catanzaro,Palermo,OVER_1_5,OVER_2_5,1,0.8296,0.9096,127.988,0.1901755395683452,97.63,121.64755395683451,ACCURACY_EXTENDED_REVIEW;ACCURACY_MARKET_STABLE;ACCURACY_OVER_CONFIRMED;ACCURACY_MODEL_PROB_HIGH;ACCURACY_FAILURE_MODE_ACCEPTABLE;PRICE_DISCIPLINE_NOT_TOP; STRONG_ROLLING_STATS;CLEAN_MARKET_FIT;EXTENDED_GATE_PASSED;EDGE_ABOVE_THRESHOLD;MODEL_PROB_STRONG;BET_EXECUTABLE; STATS+ODDS+MARKET_TRANSLATION+FORM+LEAGUE_COVERAGE; Proj goles: local 1.76 | visitante 2.26; Market edge primario: prob 0.910 | impl 0.719 | edge +0.190; Bias lado: -1.11 | tie=nan | hint=AWAY_SIDE_OR_AWAY_TEAM_TOTAL_CHECK | coverage=COVERAGE_RICH rel=0.95 stats=1.0 odds=1.0 inj=1.0 lineups=1.0 | stats=FULL hSOT=6.20 aSOT=5.60 | lab_sched=FULL/FULL trust=1.00/1.03 clean=CLEAN | odds_depth=nan ladder=nan hint=nan line=nan | availability=COVERAGE_TOO_WEAK_FOR_CONFIDENCE inj=NONE hRisk=nan aRisk=nan | lineup=LINEUP_INACTIVE_NO_TIMING_EDGE state=INACTIVE q=NONE hXI=nan aXI=nan conf=nan,FAILURE_MODE_LOW_CONVERSION; FAILURE_MODE_LOW_CONVERSION; market=OVER_1_5; edge=0.190; market_fit=SAFE_OK; LOW_CONVERSION,2-2,1-2,1.4-2.1,1.9-2.6,Pick wins if either favorite pressure creates a second goal or both sides trade enough chances for a 1-1/2-0 type path.,Good territory without conversion: shots arrive but finish quality or goalkeeper variance drags the score under the market.,OUTSIDE_PRELOCK_WINDOW,PRELOCK_NOT_AVAILABLE,fixture is outside requested pre-lock window,V7_PRELOCK_UNAVAILABLE,0.143,0.190176,0.047176,WATCH_PATTERN,CLV_UNAVAILABLE,,PENDING,PENDING,,,,vsigma_today_prelock_comparison.csv,7300a74ccc448ef86413d811018799e793e9d606dd61b817296ccca8ba5c8082,ae08630fe2a5b07f996b0d4232f5d491,PRELOCK_UPDATED
ff7059279cd633e3712b69bb0c0cf835,2026-05-17,2026-05-17T20:12:34+00:00,PRELOCK,CANDIDATE_V7_PRICE_DISCIPLINE,CANDIDATE_V7,0,1,1492260,Serie A,Atletico Paranaense,Flamengo,OVER_1_5,OVER_2_5,2,0.8033,0.8833,123.74,0.1690142857142856,94.98,116.88142857142856,ACCURACY_EXTENDED_REVIEW;ACCURACY_MARKET_STABLE;ACCURACY_OVER_CONFIRMED;ACCURACY_MODEL_PROB_HIGH;ACCURACY_FAILURE_MODE_ACCEPTABLE;PRICE_DISCIPLINE_NOT_TOP; STRONG_ROLLING_STATS;CLEAN_MARKET_FIT;EXTENDED_GATE_PASSED;EDGE_ABOVE_THRESHOLD;MODEL_PROB_STRONG;BET_EXECUTABLE; STATS+ODDS+MARKET_TRANSLATION+FORM+ADVISORY_AVAILABILITY+LEAGUE_COVERAGE; Proj goles: local 1.17 | visitante 2.53; Market edge primario: prob 0.883 | impl 0.714 | edge +0.169; Bias lado: -2.45 | tie=nan | hint=AWAY_SIDE_OR_AWAY_TEAM_TOTAL_CHECK | coverage=COVERAGE_RICH rel=0.95 stats=1.0 odds=1.0 inj=1.0 lineups=1.0 | stats=FULL hSOT=6.00 aSOT=7.00 | lab_sched=PARTIAL/PARTIAL trust=0.96/1.03 clean=MIXED | odds_depth=nan ladder=nan hint=nan line=nan | availability=ABSENCE_RISK_HIGH inj=FULL hRisk=4.80 aRisk=12.80 | lineup=LINEUP_INACTIVE_NO_TIMING_EDGE state=INACTIVE q=NONE hXI=nan aXI=nan conf=nan,FAILURE_MODE_LOW_CONVERSION; FAILURE_MODE_LOW_CONVERSION; market=OVER_1_5; edge=0.169; market_fit=SAFE_OK; LOW_CONVERSION,1-2,0-2,0.8-1.5,2.1-2.8,Pick wins if either favorite pressure creates a second goal or both sides trade enough chances for a 1-1/2-0 type path.,Good territory without conversion: shots arrive but finish quality or goalkeeper variance drags the score under the market.,OUTSIDE_PRELOCK_WINDOW,PRELOCK_NOT_AVAILABLE,fixture is outside requested pre-lock window,V7_PRELOCK_UNAVAILABLE,0.143,0.169014,0.026014,WATCH_PATTERN,CLV_UNAVAILABLE,,PENDING,PENDING,,,,vsigma_today_prelock_comparison.csv,7300a74ccc448ef86413d811018799e793e9d606dd61b817296ccca8ba5c8082,571ca161573ccff36745ccc30480d7c5,PRELOCK_UPDATED
9966d2e878234356e86656187910d224,2026-05-18,2026-05-18T19:52:06+00:00,PRELOCK,OFFICIAL_BASELINE,OFFICIAL_BASELINE,1,0,1392197,Segunda División,Leganes,Huesca,OVER_1_5,OVER_2_5,1,0.81596,0.8836,151.82,0.1260242424242424,89.08,120.68242424242425,ACCURACY_CORE_PRIORITY;ACCURACY_MARKET_STABLE;ACCURACY_OVER_CONFIRMED;ACCURACY_MODEL_PROB_HIGH;ACCURACY_FAILURE_MODE_ACCEPTABLE; STRONG_ROLLING_STATS;CLEAN_MARKET_FIT;CORE_GATE_PASSED;EDGE_ABOVE_THRESHOLD;MODEL_PROB_STRONG;BET_EXECUTABLE; STATS+ODDS+MARKET_TRANSLATION+FORM+LEAGUE_COVERAGE; Proj goles: local 1.98 | visitante 1.72; Market edge primario: prob 0.884 | impl 0.758 | edge +0.126; Bias lado: +0.54 | tie=nan | hint=HOME_SIDE_OR_HOME_TEAM_TOTAL_CHECK | coverage=COVERAGE_RICH rel=0.95 stats=1.0 odds=1.0 inj=1.0 lineups=1.0 | stats=FULL hSOT=4.60 aSOT=3.40 | lab_sched=nan/nan trust=1.00/1.00 clean=nan | odds_depth=nan ladder=nan hint=nan line=nan | availability=COVERAGE_TOO_WEAK_FOR_CONFIDENCE inj=NONE hRisk=nan aRisk=nan | lineup=LINEUP_INACTIVE_NO_TIMING_EDGE state=INACTIVE q=NONE hXI=nan aXI=nan conf=nan,FAILURE_MODE_LOW_CONVERSION; FAILURE_MODE_LOW_CONVERSION; market=OVER_1_5; edge=0.126; market_fit=SAFE_OK; LOW_CONVERSION,2-2,1-2,1.6-2.3,1.4-2.1,Pick wins if either favorite pressure creates a second goal or both sides trade enough chances for a 1-1/2-0 type path.,Good territory without conversion: shots arrive but finish quality or goalkeeper variance drags the score under the market.,IN_PRELOCK_WINDOW,PRELOCK_NOT_AVAILABLE,no reliable pre-lock data available; missing data is neutral,,,,,,,,PENDING,PENDING,,,PENDING,vsigma_today_prelock_comparison.csv,1adf6dda4997e6700085ade95547ecd88911ce56731f6ad60ffcf9ca16d4747a,d1f95b9713be6becbf7cb1bd77132fb1,PRELOCK_UPDATED
457c861167f56a95b49c8ea6b5d8bb29,2026-05-18,2026-05-18T12:05:52+00:00,POST,OFFICIAL_BASELINE,OFFICIAL_BASELINE,1,0,1494170,Allsvenskan,Djurgardens IF,Sirius,OVER_2_5,BTTS_YES,2,0.874525,0.8574,141.827,0.2585976047904191,88.36,133.2197604790419,ACCURACY_CORE_PRIORITY;ACCURACY_OVER_CONFIRMED;ACCURACY_MODEL_PROB_HIGH;ACCURACY_FAILURE_MODE_ACCEPTABLE; STRONG_ROLLING_STATS;CLEAN_MARKET_FIT;CORE_GATE_PASSED;EDGE_ABOVE_THRESHOLD;MODEL_PROB_STRONG;BET_EXECUTABLE; STATS+ODDS+MARKET_TRANSLATION+FORM+ADVISORY_AVAILABILITY+LEAGUE_COVERAGE; Proj goles: local 2.21 | visitante 2.60; Market edge primario: prob 0.857 | impl 0.599 | edge +0.259; Bias lado: -0.83 | tie=nan | hint=AWAY_SIDE_OR_AWAY_TEAM_TOTAL_CHECK | coverage=COVERAGE_RICH rel=0.95 stats=1.0 odds=1.0 inj=1.0 lineups=1.0 | stats=FULL hSOT=5.80 aSOT=5.00 | lab_sched=nan/nan trust=1.00/1.00 clean=nan | odds_depth=nan ladder=nan hint=nan line=nan | availability=ABSENCE_RISK_HIGH inj=FULL hRisk=3.60 aRisk=3.60 | lineup=LINEUP_INACTIVE_NO_TIMING_EDGE state=INACTIVE q=NONE hXI=nan aXI=nan conf=nan,FAILURE_MODE_LOW_CONVERSION; FAILURE_MODE_LOW_CONVERSION; market=OVER_2_5; edge=0.259; market_fit=SAFE_OK; LOW_CONVERSION,2-3,1-2,1.9-2.6,2.2-3.0,"Pick wins if the projected chance volume turns into three goals, usually via early tempo or both teams contributing.",Good territory without conversion: shots arrive but finish quality or goalkeeper variance drags the score under the market.,OUTSIDE_PRELOCK_WINDOW,PRELOCK_NOT_AVAILABLE,fixture is outside requested pre-lock window,,,,,,,,PENDING,PENDING,,,PENDING,vsigma_execution_shortlist_results_ledger.csv,538998e2dbbe5dcc2ed5294d63ad4b53219ca8bff33a792242d8ab730e0bc0c6,e4ee07ba6087c6802a4b8a4511bc6140,PENDING
806292b7c8956c2c411bbba0b2653f01,2026-05-18,2026-05-18T19:52:06+00:00,PRELOCK,CANDIDATE_V2_SCHEDULE_ANOMALY,CANDIDATE_V2,0,1,1392197,Segunda División,Leganes,Huesca,OVER_1_5,OVER_2_5,1,0.81596,0.8836,151.662,0.1260242424242424,88.87,120.47242424242424,ACCURACY_CORE_PRIORITY;ACCURACY_MARKET_STABLE;ACCURACY_OVER_CONFIRMED;ACCURACY_MODEL_PROB_HIGH;ACCURACY_FAILURE_MODE_ACCEPTABLE; STRONG_ROLLING_STATS;CLEAN_MARKET_FIT;CORE_GATE_PASSED;EDGE_ABOVE_THRESHOLD;MODEL_PROB_STRONG;BET_EXECUTABLE; STATS+ODDS+MARKET_TRANSLATION+FORM+LEAGUE_COVERAGE; Proj goles: local 1.96 | visitante 1.74; Market edge primario: prob 0.884 | impl 0.758 | edge +0.126; Bias lado: +0.48 | tie=nan | hint=HOME_SIDE_OR_HOME_TEAM_TOTAL_CHECK | coverage=COVERAGE_RICH rel=0.95 stats=1.0 odds=1.0 inj=1.0 lineups=1.0 | stats=FULL hSOT=4.60 aSOT=3.40 | lab_sched=FULL/FULL trust=0.97/1.03 clean=MIXED | odds_depth=nan ladder=nan hint=nan line=nan | availability=COVERAGE_TOO_WEAK_FOR_CONFIDENCE inj=NONE hRisk=nan aRisk=nan | lineup=LINEUP_INACTIVE_NO_TIMING_EDGE state=INACTIVE q=NONE hXI=nan aXI=nan conf=nan,FAILURE_MODE_LOW_CONVERSION; FAILURE_MODE_LOW_CONVERSION; market=OVER_1_5; edge=0.126; market_fit=SAFE_OK; LOW_CONVERSION,2-2,1-2,1.6-2.3,1.4-2.1,Pick wins if either favorite pressure creates a second goal or both sides trade enough chances for a 1-1/2-0 type path.,Good territory without conversion: shots arrive but finish quality or goalkeeper variance drags the score under the market.,IN_PRELOCK_WINDOW,PRELOCK_NOT_AVAILABLE,no reliable pre-lock data available; missing data is neutral,,,,,,,,PENDING,PENDING,,,PENDING,vsigma_today_prelock_comparison.csv,1adf6dda4997e6700085ade95547ecd88911ce56731f6ad60ffcf9ca16d4747a,806e9c6318ae060865c3e9499737e9fe,PRELOCK_UPDATED
8cf296aaa249b992ec01658ae138e5dc,2026-05-18,2026-05-18T12:05:52+00:00,POST,CANDIDATE_V2_SCHEDULE_ANOMALY,CANDIDATE_V2,0,1,1494170,Allsvenskan,Djurgardens IF,Sirius,OVER_2_5,BTTS_YES,2,0.861825,0.8447,140.591,0.2458976047904191,88.49,132.0797604790419,ACCURACY_CORE_PRIORITY;ACCURACY_OVER_CONFIRMED;ACCURACY_MODEL_PROB_HIGH;ACCURACY_FAILURE_MODE_ACCEPTABLE; STRONG_ROLLING_STATS;CLEAN_MARKET_FIT;CORE_GATE_PASSED;EDGE_ABOVE_THRESHOLD;MODEL_PROB_STRONG;BET_EXECUTABLE; STATS+ODDS+MARKET_TRANSLATION+FORM+ADVISORY_AVAILABILITY+LEAGUE_COVERAGE; Proj goles: local 2.12 | visitante 2.56; Market edge primario: prob 0.845 | impl 0.599 | edge +0.246; Bias lado: -0.88 | tie=nan | hint=AWAY_SIDE_OR_AWAY_TEAM_TOTAL_CHECK | coverage=COVERAGE_RICH rel=0.95 stats=1.0 odds=1.0 inj=1.0 lineups=1.0 | stats=FULL hSOT=5.80 aSOT=5.00 | lab_sched=FULL/FULL trust=0.94/0.98 clean=POLLUTED | odds_depth=nan ladder=nan hint=nan line=nan | availability=ABSENCE_RISK_HIGH inj=FULL hRisk=3.60 aRisk=3.60 | lineup=LINEUP_INACTIVE_NO_TIMING_EDGE state=INACTIVE q=NONE hXI=nan aXI=nan conf=nan,FAILURE_MODE_LOW_CONVERSION; FAILURE_MODE_LOW_CONVERSION; market=OVER_2_5; edge=0.246; market_fit=SAFE_OK; LOW_CONVERSION,2-3,1-2,1.9-2.6,2.2-3.0,"Pick wins if the projected chance volume turns into three goals, usually via early tempo or both teams contributing.",Good territory without conversion: shots arrive but finish quality or goalkeeper variance drags the score under the market.,OUTSIDE_PRELOCK_WINDOW,PRELOCK_NOT_AVAILABLE,fixture is outside requested pre-lock window,,,,,,,,PENDING,PENDING,,,PENDING,vsigma_today_candidate_v2_results_ledger.csv,46c84ebe2e6ae0ef2bab1f928d116a7813ae05f4fd3d6647771b7aa41403b43e,d87a3cc37031bdad9261172aecf5c773,PENDING
d71256bb224f9cc67d1d34bcbae09342,2026-05-18,2026-05-18T17:36:25+00:00,PRE,CANDIDATE_V3_ODDS_DEPTH,CANDIDATE_V3,0,1,,,,,,,,,,,,,,NO_BET; SOURCE_FILE_MISSING_OR_NOT_AVAILABLE,,,,,,,,,,,,,,,,,,,,,,,vsigma_today_candidate_v3_competition_top.csv,,7ba3633059974dc2e303d9211d1bc67a,NO_BET_RECORD
40023cc0f020c2e5640cb6028caf47b8,2026-05-18,2026-05-18T19:52:06+00:00,PRELOCK,CANDIDATE_V4_O25_FIREWALL,CANDIDATE_V4,0,1,1392197,Segunda División,Leganes,Huesca,OVER_1_5,OVER_2_5,1,0.81596,0.8836,151.662,0.1260242424242424,88.87,120.47242424242424,ACCURACY_CORE_PRIORITY;ACCURACY_MARKET_STABLE;ACCURACY_OVER_CONFIRMED;ACCURACY_MODEL_PROB_HIGH;ACCURACY_FAILURE_MODE_ACCEPTABLE; STRONG_ROLLING_STATS;CLEAN_MARKET_FIT;CORE_GATE_PASSED;EDGE_ABOVE_THRESHOLD;MODEL_PROB_STRONG;BET_EXECUTABLE; STATS+ODDS+MARKET_TRANSLATION+FORM+LEAGUE_COVERAGE; Proj goles: local 1.96 | visitante 1.74; Market edge primario: prob 0.884 | impl 0.758 | edge +0.126; Bias lado: +0.48 | tie=nan | hint=HOME_SIDE_OR_HOME_TEAM_TOTAL_CHECK | coverage=COVERAGE_RICH rel=0.95 stats=1.0 odds=1.0 inj=1.0 lineups=1.0 | stats=FULL hSOT=4.60 aSOT=3.40 | lab_sched=FULL/FULL trust=0.97/1.03 clean=MIXED | odds_depth=nan ladder=nan hint=nan line=nan | availability=COVERAGE_TOO_WEAK_FOR_CONFIDENCE inj=NONE hRisk=nan aRisk=nan | lineup=LINEUP_INACTIVE_NO_TIMING_EDGE state=INACTIVE q=NONE hXI=nan aXI=nan conf=nan,FAILURE_MODE_LOW_CONVERSION; FAILURE_MODE_LOW_CONVERSION; market=OVER_1_5; edge=0.126; market_fit=SAFE_OK; LOW_CONVERSION,2-2,1-2,1.6-2.3,1.4-2.1,Pick wins if either favorite pressure creates a second goal or both sides trade enough chances for a 1-1/2-0 type path.,Good territory without conversion: shots arrive but finish quality or goalkeeper variance drags the score under the market.,IN_PRELOCK_WINDOW,PRELOCK_NOT_AVAILABLE,no reliable pre-lock data available; missing data is neutral,,,,,,,,PENDING,PENDING,,,PENDING,vsigma_today_prelock_comparison.csv,1adf6dda4997e6700085ade95547ecd88911ce56731f6ad60ffcf9ca16d4747a,bb4c17babab63a8206c1582db174550e,PRELOCK_UPDATED
b534b0138697fcf5b4c70f90f8a02c4b,2026-05-18,2026-05-18T19:52:06+00:00,PRELOCK,CANDIDATE_V5_PLAYER_IMPACT,CANDIDATE_V5,0,1,1392197,Segunda División,Leganes,Huesca,OVER_1_5,OVER_2_5,1,0.81596,0.8836,151.662,0.1260242424242424,88.87,120.47242424242424,ACCURACY_CORE_PRIORITY;ACCURACY_MARKET_STABLE;ACCURACY_OVER_CONFIRMED;ACCURACY_MODEL_PROB_HIGH;ACCURACY_FAILURE_MODE_ACCEPTABLE; STRONG_ROLLING_STATS;CLEAN_MARKET_FIT;CORE_GATE_PASSED;EDGE_ABOVE_THRESHOLD;MODEL_PROB_STRONG;BET_EXECUTABLE; STATS+ODDS+MARKET_TRANSLATION+FORM+LEAGUE_COVERAGE; Proj goles: local 1.96 | visitante 1.74; Market edge primario: prob 0.884 | impl 0.758 | edge +0.126; Bias lado: +0.48 | tie=nan | hint=HOME_SIDE_OR_HOME_TEAM_TOTAL_CHECK | coverage=COVERAGE_RICH rel=0.95 stats=1.0 odds=1.0 inj=1.0 lineups=1.0 | stats=FULL hSOT=4.60 aSOT=3.40 | lab_sched=FULL/FULL trust=0.97/1.03 clean=MIXED | odds_depth=nan ladder=nan hint=nan line=nan | availability=COVERAGE_TOO_WEAK_FOR_CONFIDENCE inj=NONE hRisk=nan aRisk=nan | lineup=LINEUP_INACTIVE_NO_TIMING_EDGE state=INACTIVE q=NONE hXI=nan aXI=nan conf=nan,FAILURE_MODE_LOW_CONVERSION; FAILURE_MODE_LOW_CONVERSION; market=OVER_1_5; edge=0.126; market_fit=SAFE_OK; LOW_CONVERSION,2-2,1-2,1.6-2.3,1.4-2.1,Pick wins if either favorite pressure creates a second goal or both sides trade enough chances for a 1-1/2-0 type path.,Good territory without conversion: shots arrive but finish quality or goalkeeper variance drags the score under the market.,IN_PRELOCK_WINDOW,PRELOCK_NOT_AVAILABLE,no reliable pre-lock data available; missing data is neutral,,,,,,,,PENDING,PENDING,,,PENDING,vsigma_today_prelock_comparison.csv,1adf6dda4997e6700085ade95547ecd88911ce56731f6ad60ffcf9ca16d4747a,5e8e3f2b9471932a28b0585d91efe2f2,PRELOCK_UPDATED
a9a42a41abc0799f1c1a3f1539e25e3d,2026-05-18,2026-05-18T12:05:52+00:00,POST,CANDIDATE_V5_PLAYER_IMPACT,CANDIDATE_V5,0,1,1494170,Allsvenskan,Djurgardens IF,Sirius,OVER_2_5,BTTS_YES,2,0.861825,0.8447,140.591,0.2458976047904191,88.49,132.0797604790419,ACCURACY_CORE_PRIORITY;ACCURACY_OVER_CONFIRMED;ACCURACY_MODEL_PROB_HIGH;ACCURACY_FAILURE_MODE_ACCEPTABLE; STRONG_ROLLING_STATS;CLEAN_MARKET_FIT;CORE_GATE_PASSED;EDGE_ABOVE_THRESHOLD;MODEL_PROB_STRONG;BET_EXECUTABLE; STATS+ODDS+MARKET_TRANSLATION+FORM+ADVISORY_AVAILABILITY+LEAGUE_COVERAGE; Proj goles: local 2.12 | visitante 2.56; Market edge primario: prob 0.845 | impl 0.599 | edge +0.246; Bias lado: -0.88 | tie=nan | hint=AWAY_SIDE_OR_AWAY_TEAM_TOTAL_CHECK | coverage=COVERAGE_RICH rel=0.95 stats=1.0 odds=1.0 inj=1.0 lineups=1.0 | stats=FULL hSOT=5.80 aSOT=5.00 | lab_sched=FULL/FULL trust=0.94/0.98 clean=POLLUTED | odds_depth=nan ladder=nan hint=nan line=nan | availability=ABSENCE_RISK_HIGH inj=FULL hRisk=3.60 aRisk=3.60 | lineup=LINEUP_INACTIVE_NO_TIMING_EDGE state=INACTIVE q=NONE hXI=nan aXI=nan conf=nan,FAILURE_MODE_LOW_CONVERSION; FAILURE_MODE_LOW_CONVERSION; market=OVER_2_5; edge=0.246; market_fit=SAFE_OK; LOW_CONVERSION,2-3,1-2,1.9-2.6,2.2-3.0,"Pick wins if the projected chance volume turns into three goals, usually via early tempo or both teams contributing.",Good territory without conversion: shots arrive but finish quality or goalkeeper variance drags the score under the market.,OUTSIDE_PRELOCK_WINDOW,PRELOCK_NOT_AVAILABLE,fixture is outside requested pre-lock window,,,,,,,,PENDING,PENDING,,,PENDING,vsigma_today_candidate_v5_results_ledger.csv,d3c93f95c3553e4bf3ea54fba15645d901521ab8b8d77c2acb22b7995cc27265,fd2685af801358704c0d040ae44cc735,PENDING
b48599ecad76c2d4b1075bbfbffd75ff,2026-05-18,2026-05-18T19:52:06+00:00,PRELOCK,CANDIDATE_V6_API_PREDICTIONS,CANDIDATE_V6,0,1,1392197,Segunda División,Leganes,Huesca,OVER_1_5,OVER_2_5,1,0.81596,0.8836,151.662,0.1260242424242424,88.87,120.47242424242424,ACCURACY_CORE_PRIORITY;ACCURACY_MARKET_STABLE;ACCURACY_OVER_CONFIRMED;ACCURACY_MODEL_PROB_HIGH;ACCURACY_FAILURE_MODE_ACCEPTABLE; STRONG_ROLLING_STATS;CLEAN_MARKET_FIT;CORE_GATE_PASSED;EDGE_ABOVE_THRESHOLD;MODEL_PROB_STRONG;BET_EXECUTABLE; STATS+ODDS+MARKET_TRANSLATION+FORM+LEAGUE_COVERAGE; Proj goles: local 1.96 | visitante 1.74; Market edge primario: prob 0.884 | impl 0.758 | edge +0.126; Bias lado: +0.48 | tie=nan | hint=HOME_SIDE_OR_HOME_TEAM_TOTAL_CHECK | coverage=COVERAGE_RICH rel=0.95 stats=1.0 odds=1.0 inj=1.0 lineups=1.0 | stats=FULL hSOT=4.60 aSOT=3.40 | lab_sched=FULL/FULL trust=0.97/1.03 clean=MIXED | odds_depth=nan ladder=nan hint=nan line=nan | availability=COVERAGE_TOO_WEAK_FOR_CONFIDENCE inj=NONE hRisk=nan aRisk=nan | lineup=LINEUP_INACTIVE_NO_TIMING_EDGE state=INACTIVE q=NONE hXI=nan aXI=nan conf=nan,FAILURE_MODE_LOW_CONVERSION; FAILURE_MODE_LOW_CONVERSION; market=OVER_1_5; edge=0.126; market_fit=SAFE_OK; LOW_CONVERSION,2-2,1-2,1.6-2.3,1.4-2.1,Pick wins if either favorite pressure creates a second goal or both sides trade enough chances for a 1-1/2-0 type path.,Good territory without conversion: shots arrive but finish quality or goalkeeper variance drags the score under the market.,IN_PRELOCK_WINDOW,PRELOCK_NOT_AVAILABLE,no reliable pre-lock data available; missing data is neutral,,,,,,,,PENDING,PENDING,,,PENDING,vsigma_today_prelock_comparison.csv,1adf6dda4997e6700085ade95547ecd88911ce56731f6ad60ffcf9ca16d4747a,514bd6f22f1adf6a1efae2af78c84381,PRELOCK_UPDATED
01de59b59ec2d029a008124325de0f9d,2026-05-18,2026-05-18T12:05:52+00:00,POST,CANDIDATE_V6_API_PREDICTIONS,CANDIDATE_V6,0,1,1494170,Allsvenskan,Djurgardens IF,Sirius,OVER_2_5,BTTS_YES,2,0.867825,0.8507,142.091,0.2458976047904191,88.49,132.0797604790419,ACCURACY_CORE_PRIORITY;ACCURACY_OVER_CONFIRMED;ACCURACY_MODEL_PROB_HIGH;ACCURACY_FAILURE_MODE_ACCEPTABLE;API_PREDICTION_ALIGNED_STRENGTHEN; STRONG_ROLLING_STATS;CLEAN_MARKET_FIT;CORE_GATE_PASSED;EDGE_ABOVE_THRESHOLD;MODEL_PROB_STRONG;BET_EXECUTABLE; STATS+ODDS+MARKET_TRANSLATION+FORM+ADVISORY_AVAILABILITY+LEAGUE_COVERAGE; Proj goles: local 2.12 | visitante 2.56; Market edge primario: prob 0.845 | impl 0.599 | edge +0.246; Bias lado: -0.88 | tie=nan | hint=AWAY_SIDE_OR_AWAY_TEAM_TOTAL_CHECK | coverage=COVERAGE_RICH rel=0.95 stats=1.0 odds=1.0 inj=1.0 lineups=1.0 | stats=FULL hSOT=5.80 aSOT=5.00 | lab_sched=FULL/FULL trust=0.94/0.98 clean=POLLUTED | odds_depth=nan ladder=nan hint=nan line=nan | availability=ABSENCE_RISK_HIGH inj=FULL hRisk=3.60 aRisk=3.60 | lineup=LINEUP_INACTIVE_NO_TIMING_EDGE state=INACTIVE q=NONE hXI=nan aXI=nan conf=nan,FAILURE_MODE_LOW_CONVERSION; FAILURE_MODE_LOW_CONVERSION; market=OVER_2_5; edge=0.246; market_fit=SAFE_OK; LOW_CONVERSION,2-3,1-2,1.9-2.6,2.2-3.0,"Pick wins if the projected chance volume turns into three goals, usually via early tempo or both teams contributing.",Good territory without conversion: shots arrive but finish quality or goalkeeper variance drags the score under the market.,OUTSIDE_PRELOCK_WINDOW,PRELOCK_NOT_AVAILABLE,fixture is outside requested pre-lock window,,,,,,,,PENDING,PENDING,,,PENDING,vsigma_today_candidate_v6_results_ledger.csv,33354d80fc977c413cec8257deeb9ccc41f1131744252b2dd78e8dc858cad13c,21c3632f6c70cfe846fb2b8b1c0407e4,PENDING
456076567b1c2db252f060c2b75b3f57,2026-05-18,2026-05-18T12:05:52+00:00,POST,CANDIDATE_V7_PRICE_DISCIPLINE,CANDIDATE_V7,0,1,1494170,Allsvenskan,Djurgardens IF,Sirius,OVER_2_5,BTTS_YES,1,0.861825,0.8447,140.591,0.2458976047904191,88.49,132.0797604790419,ACCURACY_CORE_PRIORITY;ACCURACY_OVER_CONFIRMED;ACCURACY_MODEL_PROB_HIGH;ACCURACY_FAILURE_MODE_ACCEPTABLE; STRONG_ROLLING_STATS;CLEAN_MARKET_FIT;CORE_GATE_PASSED;EDGE_ABOVE_THRESHOLD;MODEL_PROB_STRONG;BET_EXECUTABLE; STATS+ODDS+MARKET_TRANSLATION+FORM+ADVISORY_AVAILABILITY+LEAGUE_COVERAGE; Proj goles: local 2.12 | visitante 2.56; Market edge primario: prob 0.845 | impl 0.599 | edge +0.246; Bias lado: -0.88 | tie=nan | hint=AWAY_SIDE_OR_AWAY_TEAM_TOTAL_CHECK | coverage=COVERAGE_RICH rel=0.95 stats=1.0 odds=1.0 inj=1.0 lineups=1.0 | stats=FULL hSOT=5.80 aSOT=5.00 | lab_sched=FULL/FULL trust=0.94/0.98 clean=POLLUTED | odds_depth=nan ladder=nan hint=nan line=nan | availability=ABSENCE_RISK_HIGH inj=FULL hRisk=3.60 aRisk=3.60 | lineup=LINEUP_INACTIVE_NO_TIMING_EDGE state=INACTIVE q=NONE hXI=nan aXI=nan conf=nan,FAILURE_MODE_LOW_CONVERSION; FAILURE_MODE_LOW_CONVERSION; market=OVER_2_5; edge=0.246; market_fit=SAFE_OK; LOW_CONVERSION,2-3,1-2,1.9-2.6,2.2-3.0,"Pick wins if the projected chance volume turns into three goals, usually via early tempo or both teams contributing.",Good territory without conversion: shots arrive but finish quality or goalkeeper variance drags the score under the market.,OUTSIDE_PRELOCK_WINDOW,PRELOCK_NOT_AVAILABLE,fixture is outside requested pre-lock window,PRICE_OK,0.155,0.245898,0.090898,NO_DRIFT,CLV_UNAVAILABLE,,PENDING,PENDING,,,PENDING,vsigma_today_candidate_v7_results_ledger.csv,20e5f07a2e723c8b7eff2baf2e797a54678abe83fbf74b09dc1fdff29bd4ddd9,2d202b85fe431d9193b7c5f9b71f01f0,PENDING
0f04fee7ae326e0146430d1826ec7765,2026-05-18,2026-05-18T17:36:25+00:00,PRE,CANDIDATE_V7_PRICE_DISCIPLINE,CANDIDATE_V7,0,1,,,,,,,,,,,,,,NO_BET; no competition top rows,,,,,,,,,,,,,,,,,,,,,,,vsigma_today_candidate_v7_competition_top.csv,c3860f95f86f3cca80b439c5a92d9bf0e9f4b53a218be31c1a68d7f3fff06d0f,88887fd83a3908c8a128427508205e02,NO_BET_RECORD
