date,fixture_datetime_utc,fixture_timestamp,league,league_id,season,fixture_id,status,home_team,home_team_id,away_team,away_team_id,country,fixture_status_short,fixture_status_long,fixture_status_elapsed,goals_home,goals_away,score_fulltime_home,score_fulltime_away,score_halftime_home,score_halftime_away,score_extratime_home,score_extratime_away,score_penalty_home,score_penalty_away,home_xg_for,home_xg_against,away_xg_for,away_xg_against,home_sot_for,away_sot_for,home_big_for,away_big_for,home_motivation,away_motivation,home_absences,away_absences,today_pipeline_fetched_at,league_coverage_class,league_has_odds_coverage,league_has_fixture_stats_coverage,league_has_injuries_coverage,league_has_lineups_coverage,league_has_predictions_coverage,league_coverage_rich_flag,league_data_reliability_score,league_coverage_source_status,league_coverage_note,home_recent_matches,away_recent_matches,home_form_pts,away_form_pts,home_goals_for_pg,away_goals_for_pg,home_goals_against_pg,away_goals_against_pg,home_scored_rate,away_scored_rate,home_clean_sheet_rate,away_clean_sheet_rate,home_btts_rate,away_btts_rate,home_over15_rate,away_over15_rate,home_over25_rate,away_over25_rate,home_stats_season_used,away_stats_season_used,data_enrichment_level,home_recent_stats_matches_requested,home_recent_stats_matches_used,home_recent_stats_coverage_ratio,home_recent_stats_available_flag,home_recent_shots_for_pg,home_recent_shots_against_pg,home_recent_sot_for_pg,home_recent_sot_against_pg,home_recent_possession_pct,home_recent_corners_for_pg,home_recent_corners_against_pg,home_recent_fouls_pg,home_recent_yellow_pg,home_recent_offsides_pg,home_recent_blocked_shots_pg,away_recent_stats_matches_requested,away_recent_stats_matches_used,away_recent_stats_coverage_ratio,away_recent_stats_available_flag,away_recent_shots_for_pg,away_recent_shots_against_pg,away_recent_sot_for_pg,away_recent_sot_against_pg,away_recent_possession_pct,away_recent_corners_for_pg,away_recent_corners_against_pg,away_recent_fouls_pg,away_recent_yellow_pg,away_recent_offsides_pg,away_recent_blocked_shots_pg,recent_stats_quality_flag,recent_fixture_statistics_updated_at,home_injuries_count,away_injuries_count,home_injuries_available_flag,away_injuries_available_flag,home_absence_risk_score,away_absence_risk_score,home_injuries_coverage_flag,away_injuries_coverage_flag,home_absence_severity_flag,away_absence_severity_flag,injuries_quality_flag,injuries_availability_updated_at,home_lineup_available_flag,away_lineup_available_flag,home_lineup_known_starters_count,away_lineup_known_starters_count,home_lineup_bench_known_flag,away_lineup_bench_known_flag,home_lineup_attacker_count,away_lineup_attacker_count,home_lineup_defender_count,away_lineup_defender_count,home_lineup_midfielder_count,away_lineup_midfielder_count,home_lineup_goalkeeper_known_flag,away_lineup_goalkeeper_known_flag,home_lineup_attack_continuity_score,away_lineup_attack_continuity_score,home_lineup_defense_continuity_score,away_lineup_defense_continuity_score,lineup_confirmation_score,lineup_uncertainty_penalty,lineup_activation_window_minutes,lineup_minutes_to_kickoff,lineup_timing_eligible_flag,lineup_structural_confidence_flag,home_lineup_quality_flag,away_lineup_quality_flag,lineup_quality_flag,lineup_activation_state,fixture_lineups_updated_at,home_rank,home_points,home_goals_diff,home_played,home_table_goals_for,home_table_goals_against,home_urgency_score,away_rank,away_points,away_goals_diff,away_played,away_table_goals_for,away_table_goals_against,away_urgency_score,league_team_count,standings_context_updated_at,odds_1_home_v3,odds_1_draw_v3,odds_1_away_v3,odds_btts_yes_v3,odds_btts_no_v3,odds_over_1_5_v3,odds_under_1_5_v3,odds_over_2_5_v3,odds_under_2_5_v3,odds_over_3_5_v3,odds_under_3_5_v3,odds_dc_1x_v3,odds_dc_x2_v3,odds_dc_12_v3,odds_home_dnb_v3,odds_away_dnb_v3,odds_bookmakers_count_v3,odds_market_count_v3,odds_values_count_v3,imp_1_home,imp_1_draw,imp_1_away,imp_btts_yes,imp_btts_no,imp_over_1_5,imp_under_1_5,imp_over_2_5,imp_under_2_5,imp_over_3_5,imp_under_3_5,imp_dc_1x,imp_dc_x2,imp_dc_12,imp_home_dnb,imp_away_dnb,odds_context_v3_updated_at,odds_context_v3_status,league_tier,league_tier_rank,league_filter_reason,home_recent_opponent_strength_avg,away_recent_opponent_strength_avg,home_recent_schedule_difficulty_score,away_recent_schedule_difficulty_score,recent_schedule_balance_delta,home_recent_schedule_matches_used,away_recent_schedule_matches_used,home_recent_anomaly_count_last5,away_recent_anomaly_count_last5,home_recent_clean_sample_size,away_recent_clean_sample_size,home_recent_anomaly_penalty,away_recent_anomaly_penalty,home_recent_events_checked_last5,away_recent_events_checked_last5,odds_imp_over15,odds_imp_over25,odds_imp_under35,odds_imp_btts_yes,odds_imp_home_win,odds_imp_draw,odds_imp_away_win,odds_imp_home_dnb,odds_imp_away_dnb,odds_market_support_count,odds_bookmaker_support_count,odds_dispersion_score,odds_confidence_adjustment_score,home_recent_schedule_quality_flag,away_recent_schedule_quality_flag,recent_sample_cleanliness_flag,home_recent_event_coverage_flag,away_recent_event_coverage_flag,odds_structure_coherence_flag,odds_total_ladder_shape,odds_goal_expectation_band,odds_side_fragility_flag,odds_btts_support_flag,odds_over25_support_flag,odds_over15_support_flag,odds_under35_support_flag,odds_market_translation_hint,odds_line_aggression_flag,odds_structure_depth_status,league_coverage_uncertainty_penalty,league_stats_reliability_multiplier,league_quality_score,old_data_count,prior_data_count,standings_data_count,recent_stats_data_count,injuries_data_count,data_quality_score,data_warning,home_absences_num,away_absences_num,home_availability_unknown_penalty,away_availability_unknown_penalty,availability_uncertainty_penalty,availability_known_risk_score,availability_attack_penalty,lineup_score_nudge,home_recent_lab_trust_multiplier,away_recent_lab_trust_multiplier,recent_lab_context_score,attack_environment_score,recent_stats_process_score,home_goal_path_score,away_goal_path_score,home_rank_strength,away_rank_strength,team_edge_raw,team_edge_score,home_motivation_num,away_motivation_num,motivation_total_score,absences_noise_penalty,standings_context_score,vsigma_pre_score,vsigma_priority,market_family_hint,is_two_leg_tie,tie_context_status,tie_state_label,tie_home_delta,tie_away_delta,home_trailing_in_tie,away_trailing_in_tie,tie_level_before_second_leg,tie_adjustment_applied,tie_adjustment_note,priority_rank,market_bonus,selection_eligible,sample_penalty,priority_bonus,tier_bonus,selection_score,shortlist_rank,shortlist_bucket
2026-05-24,2026-05-24T17:30:00+01:00,1779640200,Jupiler Pro League,144,2025,1537007,NS,Club Brugge KV,569,Gent,631,Belgium,NS,Not Started,,,,,,,,,,,,0.0,0.0,0.0,0.0,0.0,0.0,0.0,0.0,0.0,0.0,,,2026-05-24T11:54:44.432950+00:00,COVERAGE_RICH,1.0,1.0,1.0,1.0,1.0,1,0.95,OFFICIAL_API,,8.0,8.0,2.625,1.125,3.0,0.875,1.125,1.0,1.0,0.5,0.125,0.375,0.875,0.375,1.0,0.625,0.875,0.25,2025.0,2025.0,TEAM_LAST_8_ALL_COMPETITIONS,5.0,5.0,1.0,1.0,17.6,14.8,6.4,4.0,51.6,4.8,6.2,11.4,1.8,1.0,4.8,5.0,5.0,1.0,1.0,10.8,14.0,2.6,4.8,44.0,3.8,6.8,9.6,2.0,1.4,2.8,FULL,2026-05-24T11:54:57.805174+00:00,,,0.0,0.0,,,NONE,NONE,UNKNOWN,UNKNOWN,NONE,2026-05-24T11:56:55.829332+00:00,0.0,0.0,,,,,,,,,,,,,,,,,,0.12,90.0,272.77,0.0,0.0,NONE,NONE,NONE,INACTIVE,2026-05-24T11:57:14.078151+00:00,2.0,63.0,23.0,30.0,59.0,36.0,1.0,4.0,45.0,6.0,30.0,49.0,43.0,0.5,16.0,2026-05-24T11:57:36.758967+00:00,1.67,4.75,4.75,1.5,2.7,1.13,6.5,1.42,3.05,2.05,1.82,,,,,,14.0,155.0,5375.0,0.5988,0.2105,0.2105,0.6667,0.3704,0.885,0.1538,0.7042,0.3279,0.4878,0.5495,,,,,,2026-05-24T11:57:38.071850+00:00,OK,TIER_1,1,belgium_jupiler,,,,,,,,,,,,,,,,,,,,,,,,,,,,,,,,,,,,,,,,,,,,,0.0,0.95,30,8,16,9,16,0,28.0,OK_FULL_STATS,,,0.0,0.0,0.0,0.0,0.0,0.0,1.0,1.0,0.0,18.67,3.8,20.0,11.08,0.9333333333333332,0.8,20.13,16.0,0.0,0.0,0.0,0.0,5.17,97.84,A_ANALIZAR_PRIMERO,HOME_SIDE_OR_HOME_TEAM_TOTAL_CHECK,0,NOT_TWO_LEG_TIE,,,,0,0,0,0,,1,1.4,True,0.0,3.0,1.5,103.74,1,TOP_CORE
2026-05-24,2026-05-24T17:30:00+01:00,1779640200,Segunda División,141,2025,1392207,NS,Sporting Gijon,731,Almeria,723,Spain,NS,Not Started,,,,,,,,,,,,0.0,0.0,0.0,0.0,0.0,0.0,0.0,0.0,0.0,0.0,,,2026-05-24T11:54:44.432895+00:00,COVERAGE_RICH,1.0,1.0,1.0,1.0,1.0,1,0.95,OFFICIAL_API,,8.0,8.0,0.875,2.25,1.125,2.75,1.375,2.0,0.75,0.875,0.25,0.0,0.5,0.875,0.625,1.0,0.5,0.875,2025.0,2025.0,TEAM_LAST_8_ALL_COMPETITIONS,5.0,5.0,1.0,1.0,12.8,13.0,4.6,3.8,48.8,4.6,4.2,11.8,2.2,2.0,3.2,5.0,5.0,1.0,1.0,15.0,13.8,5.8,6.2,53.2,3.4,4.8,13.8,1.8,2.0,3.2,FULL,2026-05-24T11:55:53.819505+00:00,,,0.0,0.0,,,NONE,NONE,UNKNOWN,UNKNOWN,NONE,2026-05-24T11:57:05.425376+00:00,0.0,0.0,,,,,,,,,,,,,,,,,,0.12,90.0,272.61,0.0,0.0,NONE,NONE,NONE,INACTIVE,2026-05-24T11:57:23.661448+00:00,12.0,55.0,3.0,40.0,55.0,52.0,0.0,3.0,71.0,19.0,40.0,79.0,60.0,1.0,22.0,2026-05-24T11:57:36.808194+00:00,4.12,4.1,1.82,1.55,2.5,1.18,5.5,1.58,2.52,2.45,1.65,,,,,,14.0,150.0,5033.0,0.2427,0.2439,0.5495,0.6452,0.4,0.8475,0.1818,0.6329,0.3968,0.4082,0.6061,,,,,,2026-05-24T11:57:48.038295+00:00,OK,TIER_1,1,spain_segunda,,,,,,,,,,,,,,,,,,,,,,,,,,,,,,,,,,,,,,,,,,,,,0.0,0.95,30,8,16,9,16,0,28.0,OK_FULL_STATS,,,0.0,0.0,0.0,0.0,0.0,0.0,1.0,1.0,0.0,20.0,3.8,17.46,20.0,0.4761904761904761,0.9047619047619048,-18.55,16.0,0.0,0.0,0.0,0.0,3.81,97.81,A_ANALIZAR_PRIMERO,AWAY_SIDE_OR_AWAY_TEAM_TOTAL_CHECK,0,NOT_TWO_LEG_TIE,,,,0,0,0,0,,1,1.4,True,0.0,3.0,1.5,103.71,2,TOP_CORE
2026-05-24,2026-05-24T17:30:00+01:00,1779640200,Segunda División,141,2025,1392205,NS,Huesca,726,Castellón,5254,Spain,NS,Not Started,,,,,,,,,,,,0.0,0.0,0.0,0.0,0.0,0.0,0.0,0.0,0.0,0.0,,,2026-05-24T11:54:44.432885+00:00,COVERAGE_RICH,1.0,1.0,1.0,1.0,1.0,1,0.95,OFFICIAL_API,,8.0,8.0,0.625,1.875,1.25,2.0,2.125,1.375,1.0,1.0,0.125,0.125,0.875,0.875,0.875,1.0,0.625,0.625,2025.0,2025.0,TEAM_LAST_8_ALL_COMPETITIONS,5.0,5.0,1.0,1.0,8.4,15.0,3.4,5.6,41.4,3.0,6.8,14.6,2.2,2.6,2.2,5.0,5.0,1.0,1.0,16.2,10.6,6.6,5.8,53.4,7.0,3.4,17.2,2.6,1.8,4.2,FULL,2026-05-24T11:55:49.429301+00:00,,,0.0,0.0,,,NONE,NONE,UNKNOWN,UNKNOWN,NONE,2026-05-24T11:57:03.813056+00:00,0.0,0.0,,,,,,,,,,,,,,,,,,0.12,90.0,272.63,0.0,0.0,NONE,NONE,NONE,INACTIVE,2026-05-24T11:57:22.068343+00:00,19.0,37.0,-21.0,40.0,40.0,61.0,1.0,6.0,66.0,17.0,40.0,67.0,50.0,0.0,22.0,2026-05-24T11:57:36.800044+00:00,5.25,4.36,1.7,1.67,2.18,1.22,4.54,1.71,2.33,2.8,1.5,,,,,,14.0,151.0,4915.0,0.1905,0.2294,0.5882,0.5988,0.4587,0.8197,0.2203,0.5848,0.4292,0.3571,0.6667,,,,,,2026-05-24T11:57:46.232866+00:00,OK,TIER_1,1,spain_segunda,,,,,,,,,,,,,,,,,,,,,,,,,,,,,,,,,,,,,,,,,,,,,0.0,0.95,30,8,16,9,16,0,28.0,OK_FULL_STATS,,,0.0,0.0,0.0,0.0,0.0,0.0,1.0,1.0,0.0,20.0,3.8,16.22,20.0,0.1428571428571429,0.7619047619047619,-20.69,16.0,0.0,0.0,0.0,0.0,3.05,97.05,A_ANALIZAR_PRIMERO,AWAY_SIDE_OR_AWAY_TEAM_TOTAL_CHECK,0,NOT_TWO_LEG_TIE,,,,0,0,0,0,,1,1.4,True,0.0,3.0,1.5,102.95,3,CORE_SHORTLIST
2026-05-24,2026-05-24T16:00:00+01:00,1779634800,Premier League,39,2025,1379344,NS,Manchester City,50,Aston Villa,66,England,NS,Not Started,,,,,,,,,,,,0.0,0.0,0.0,0.0,0.0,0.0,0.0,0.0,0.0,0.0,0.0,6.0,2026-05-24T11:54:44.432025+00:00,COVERAGE_RICH,1.0,1.0,1.0,1.0,1.0,1,0.95,OFFICIAL_API,,8.0,8.0,2.375,1.625,2.25,1.875,0.875,1.125,1.0,0.75,0.5,0.25,0.5,0.5,0.875,0.75,0.75,0.5,2025.0,2025.0,TEAM_LAST_8_ALL_COMPETITIONS,5.0,5.0,1.0,1.0,21.6,9.6,6.4,3.2,66.2,10.0,4.0,9.2,1.0,0.6,8.2,5.0,5.0,1.0,1.0,10.6,11.0,4.0,5.4,50.4,5.0,3.8,11.8,1.2,0.4,3.0,FULL,2026-05-24T11:55:26.621916+00:00,0.0,6.0,1.0,1.0,0.0,4.4,FULL,FULL,LOW,HIGH,FULL,2026-05-24T11:56:59.811724+00:00,0.0,0.0,,,,,,,,,,,,,,,,,,0.12,90.0,182.7,0.0,0.0,NONE,NONE,NONE,INACTIVE,2026-05-24T11:57:18.064098+00:00,2.0,78.0,43.0,37.0,76.0,33.0,1.0,4.0,62.0,6.0,37.0,54.0,48.0,0.5,20.0,2026-05-24T11:57:36.779763+00:00,1.36,6.4,9.25,1.57,2.5,1.1,9.0,1.34,3.7,1.83,2.17,,,,,,14.0,177.0,6564.0,0.7353,0.1562,0.1081,0.6369,0.4,0.9091,0.1111,0.7463,0.2703,0.5464,0.4608,,,,,,2026-05-24T11:57:42.201470+00:00,OK,TIER_1,1,england_premier_league,,,,,,,,,,,,,,,,,,,,,,,,,,,,,,,,,,,,,,,,,,,,,0.0,0.95,30,8,16,9,16,4,28.0,OK_FULL_STATS,0.0,4.4,0.0,0.0,0.0,4.4,0.1,0.0,1.0,1.0,0.0,19.44,3.8,20.0,14.55,0.9473684210526316,0.8421052631578947,12.68,13.95,0.0,0.0,0.0,0.1,5.26,96.55,A_ANALIZAR_PRIMERO,HOME_SIDE_OR_HOME_TEAM_TOTAL_CHECK,0,NOT_TWO_LEG_TIE,,,,0,0,0,0,,1,1.4,True,0.0,3.0,1.5,102.45,4,CORE_SHORTLIST
2026-05-24,2026-05-24T17:30:00+01:00,1779640200,Jupiler Pro League,144,2025,1537006,NS,Union St. Gilloise,1393,Anderlecht,554,Belgium,NS,Not Started,,,,,,,,,,,,0.0,0.0,0.0,0.0,0.0,0.0,0.0,0.0,0.0,0.0,,,2026-05-24T11:54:44.432945+00:00,COVERAGE_RICH,1.0,1.0,1.0,1.0,1.0,1,0.95,OFFICIAL_API,,8.0,8.0,2.375,0.75,1.625,1.375,0.625,2.25,0.875,0.75,0.5,0.0,0.5,0.75,0.625,0.875,0.5,0.75,2025.0,2025.0,TEAM_LAST_8_ALL_COMPETITIONS,5.0,5.0,1.0,1.0,13.2,9.0,4.8,2.6,43.2,5.0,3.8,12.4,2.8,1.2,3.2,5.0,5.0,1.0,1.0,15.0,16.0,4.6,6.0,56.0,5.2,3.4,12.8,2.6,2.0,5.0,FULL,2026-05-24T11:55:00.248423+00:00,,,0.0,0.0,,,NONE,NONE,UNKNOWN,UNKNOWN,NONE,2026-05-24T11:56:56.623871+00:00,0.0,0.0,,,,,,,,,,,,,,,,,,0.12,90.0,272.75,0.0,0.0,NONE,NONE,NONE,INACTIVE,2026-05-24T11:57:14.858909+00:00,1.0,66.0,33.0,30.0,50.0,17.0,1.0,6.0,44.0,4.0,30.0,43.0,39.0,0.0,16.0,2026-05-24T11:57:36.764224+00:00,1.6,4.4,6.0,1.8,2.0,1.24,4.33,1.75,2.18,2.9,1.47,,,,,,14.0,154.0,5165.0,0.625,0.2273,0.1667,0.5556,0.5,0.8065,0.2309,0.5714,0.4587,0.3448,0.6803,,,,,,2026-05-24T11:57:38.819366+00:00,OK,TIER_1,1,belgium_jupiler,,,,,,,,,,,,,,,,,,,,,,,,,,,,,,,,,,,,,,,,,,,,,0.0,0.95,30,8,16,9,16,0,28.0,OK_FULL_STATS,,,0.0,0.0,0.0,0.0,0.0,0.0,1.0,1.0,0.0,17.97,3.8,20.0,12.5,1.0,0.6666666666666667,22.16,16.0,0.0,0.0,0.0,0.0,4.27,96.24,A_ANALIZAR_PRIMERO,HOME_SIDE_OR_HOME_TEAM_TOTAL_CHECK,0,NOT_TWO_LEG_TIE,,,,0,0,0,0,,1,1.4,True,0.0,3.0,1.5,102.14,5,CORE_SHORTLIST
2026-05-24,2026-05-24T16:00:00+01:00,1779634800,Premier League,39,2025,1379341,NS,Crystal Palace,52,Arsenal,42,England,NS,Not Started,,,,,,,,,,,,0.0,0.0,0.0,0.0,0.0,0.0,0.0,0.0,0.0,0.0,6.0,4.0,2026-05-24T11:54:44.432009+00:00,COVERAGE_RICH,1.0,1.0,1.0,1.0,1.0,1,0.95,OFFICIAL_API,,8.0,8.0,1.625,1.75,1.5,1.125,1.375,0.625,0.75,0.875,0.25,0.625,0.625,0.375,0.875,0.5,0.875,0.375,2025.0,2025.0,TEAM_LAST_8_ALL_COMPETITIONS,5.0,5.0,1.0,1.0,9.8,13.0,3.8,3.8,42.6,3.0,7.4,12.2,2.4,1.2,1.0,5.0,5.0,1.0,1.0,12.4,13.0,4.0,3.0,48.2,4.2,4.4,10.6,1.0,3.0,3.8,FULL,2026-05-24T11:55:19.419429+00:00,6.0,4.0,1.0,1.0,6.0,4.0,FULL,FULL,HIGH,HIGH,FULL,2026-05-24T11:56:58.605749+00:00,0.0,0.0,,,,,,,,,,,,,,,,,,0.12,90.0,182.72,0.0,0.0,NONE,NONE,NONE,INACTIVE,2026-05-24T11:57:16.869866+00:00,15.0,45.0,-9.0,37.0,40.0,49.0,0.5,1.0,82.0,43.0,37.0,69.0,26.0,1.0,20.0,2026-05-24T11:57:36.773680+00:00,4.0,3.9,2.02,1.67,2.25,1.27,4.5,1.87,2.26,3.03,1.49,,,,,,14.0,175.0,6077.0,0.25,0.2564,0.495,0.5988,0.4444,0.7874,0.2222,0.5348,0.4425,0.33,0.6711,,,,,,2026-05-24T11:57:41.056990+00:00,OK,TIER_1,1,england_premier_league,,,,,,,,,,,,,,,,,,,,,,,,,,,,,,,,,,,,,,,,,,,,,0.0,0.95,30,8,16,9,16,4,28.0,OK_FULL_STATS,6.0,4.0,0.0,0.0,0.0,10.0,0.1,0.0,1.0,1.0,0.0,16.12,3.62,12.06,14.83,0.2631578947368421,1.0,-18.69,16.0,0.0,0.0,0.0,0.1,4.42,94.44,A_ANALIZAR_PRIMERO,AWAY_SIDE_OR_AWAY_TEAM_TOTAL_CHECK,0,NOT_TWO_LEG_TIE,,,,0,0,0,0,,1,1.4,True,0.0,3.0,1.5,100.34,6,WATCHLIST
2026-05-24,2026-05-24T19:45:00+01:00,1779648300,Serie A,135,2025,1378235,NS,Cremonese,520,Como,895,Italy,NS,Not Started,,,,,,,,,,,,0.0,0.0,0.0,0.0,0.0,0.0,0.0,0.0,0.0,0.0,12.0,4.0,2026-05-24T11:54:44.433367+00:00,COVERAGE_RICH,1.0,1.0,1.0,1.0,1.0,1,0.95,OFFICIAL_API,,8.0,8.0,0.5,1.375,0.75,1.875,1.875,1.25,0.625,0.75,0.25,0.5,0.5,0.5,0.75,0.75,0.625,0.625,2025.0,2025.0,TEAM_LAST_8_ALL_COMPETITIONS,5.0,5.0,1.0,1.0,9.6,13.6,3.6,5.0,50.6,4.2,4.2,14.0,1.0,0.6,2.8,5.0,5.0,1.0,1.0,15.2,11.4,5.0,3.8,54.8,4.4,3.8,11.0,2.2,1.75,4.2,FULL,2026-05-24T11:56:01.430505+00:00,12.0,4.0,1.0,1.0,10.4,4.0,FULL,FULL,HIGH,HIGH,FULL,2026-05-24T11:57:06.619605+00:00,0.0,0.0,,,,,,,,,,,,,,,,,,0.12,90.0,407.59,0.0,0.0,NONE,NONE,NONE,INACTIVE,2026-05-24T11:57:24.864049+00:00,18.0,34.0,-22.0,37.0,31.0,53.0,1.0,5.0,68.0,33.0,37.0,61.0,28.0,0.5,20.0,2026-05-24T11:57:36.814267+00:00,7.0,4.7,1.6,1.82,2.05,1.24,4.5,1.77,2.22,2.8,1.48,,,,,,14.0,175.0,6044.0,0.1429,0.2128,0.625,0.5495,0.4878,0.8065,0.2222,0.565,0.4505,0.3571,0.6757,,,,,,2026-05-24T11:57:49.226703+00:00,OK,TIER_1,1,italy_serie_a,,,,,,,,,,,,,,,,,,,,,,,,,,,,,,,,,,,,,,,,,,,,,0.0,0.95,30,8,16,9,16,4,28.0,OK_FULL_STATS,10.4,4.0,0.0,0.0,0.0,14.4,0.1,0.0,1.0,1.0,0.0,16.68,3.8,10.96,19.1,0.1052631578947368,0.7894736842105263,-24.63,16.0,0.0,0.0,0.0,0.1,3.83,94.41,A_ANALIZAR_PRIMERO,AWAY_SIDE_OR_AWAY_TEAM_TOTAL_CHECK,0,NOT_TWO_LEG_TIE,,,,0,0,0,0,,1,1.4,True,0.0,3.0,1.5,100.31,7,WATCHLIST
2026-05-24,2026-05-24T19:00:00+01:00,1779645600,Serie B,136,2025,1545796,NS,Catanzaro,1687,Monza,1579,Italy,NS,Not Started,,,,,,,,,,,,0.0,0.0,0.0,0.0,0.0,0.0,0.0,0.0,0.0,0.0,,,2026-05-24T11:54:44.433278+00:00,COVERAGE_RICH,1.0,1.0,1.0,1.0,1.0,1,0.95,OFFICIAL_API,,8.0,8.0,0.875,1.625,1.75,1.5,2.0,0.875,1.0,0.875,0.0,0.5,1.0,0.5,1.0,0.75,0.625,0.375,2025.0,2025.0,TEAM_LAST_8_ALL_COMPETITIONS,5.0,5.0,1.0,1.0,11.8,9.4,6.2,3.8,61.8,5.8,2.8,11.0,1.0,1.8,2.4,5.0,5.0,1.0,1.0,17.2,13.8,6.8,5.0,53.0,6.2,3.4,9.8,1.6,1.2,3.4,FULL,2026-05-24T11:56:17.832535+00:00,,,0.0,0.0,,,NONE,NONE,UNKNOWN,UNKNOWN,NONE,2026-05-24T11:57:09.027734+00:00,0.0,0.0,,,,,,,,,,,,,,,,,,0.12,90.0,362.55,0.0,0.0,NONE,NONE,NONE,INACTIVE,2026-05-24T11:57:27.275165+00:00,5.0,59.0,11.0,38.0,62.0,51.0,0.5,3.0,76.0,29.0,38.0,61.0,32.0,1.0,20.0,2026-05-24T11:57:36.826597+00:00,2.85,3.2,2.82,1.75,2.07,1.36,3.55,2.08,1.86,3.6,1.33,,,,,,14.0,143.0,4794.0,0.3509,0.3125,0.3546,0.5714,0.4831,0.7353,0.2817,0.4808,0.5376,0.2778,0.7519,,,,,,2026-05-24T11:57:51.581709+00:00,OK,TIER_1,1,italy_serie_b,,,,,,,,,,,,,,,,,,,,,,,,,,,,,,,,,,,,,,,,,,,,,0.0,0.95,30,8,16,9,16,0,28.0,OK_FULL_STATS,,,0.0,0.0,0.0,0.0,0.0,0.0,1.0,1.0,0.0,19.17,3.8,16.83,20.0,0.7894736842105263,0.8947368421052632,-10.43,11.47,0.0,0.0,0.0,0.0,5.09,93.73,A_ANALIZAR_PRIMERO,AWAY_SIDE_OR_AWAY_TEAM_TOTAL_CHECK,0,NOT_TWO_LEG_TIE,,,,0,0,0,0,,1,1.4,True,0.0,3.0,1.5,99.63,8,WATCHLIST
2026-05-24,2026-05-24T19:45:00+01:00,1779648300,Serie A,135,2025,1378243,NS,Hellas Verona,504,AS Roma,497,Italy,NS,Not Started,,,,,,,,,,,,0.0,0.0,0.0,0.0,0.0,0.0,0.0,0.0,0.0,0.0,12.0,12.0,2026-05-24T11:54:44.433387+00:00,COVERAGE_RICH,1.0,1.0,1.0,1.0,1.0,1,0.95,OFFICIAL_API,,8.0,8.0,0.625,1.625,0.5,2.125,1.125,1.5,0.375,1.0,0.125,0.5,0.375,0.5,0.5,0.875,0.25,0.625,2025.0,2025.0,TEAM_LAST_8_ALL_COMPETITIONS,5.0,5.0,1.0,1.0,13.0,12.6,4.0,3.0,44.0,4.8,4.6,15.8,3.0,1.25,4.2,5.0,5.0,1.0,1.0,11.4,9.6,4.8,3.8,51.4,4.6,5.6,10.6,1.6,1.2,3.2,FULL,2026-05-24T11:56:05.035795+00:00,12.0,12.0,1.0,1.0,11.2,11.2,FULL,FULL,HIGH,HIGH,FULL,2026-05-24T11:57:07.015376+00:00,0.0,0.0,,,,,,,,,,,,,,,,,,0.12,90.0,407.58,0.0,0.0,NONE,NONE,NONE,INACTIVE,2026-05-24T11:57:25.268567+00:00,19.0,21.0,-34.0,37.0,25.0,59.0,1.0,4.0,70.0,26.0,37.0,57.0,31.0,0.5,20.0,2026-05-24T11:57:36.816340+00:00,10.0,5.5,1.41,2.3,1.73,1.27,4.0,1.87,2.08,3.15,1.41,,,,,,14.0,172.0,6069.0,0.1,0.1818,0.7092,0.4348,0.578,0.7874,0.25,0.5348,0.4808,0.3175,0.7092,,,,,,2026-05-24T11:57:49.516421+00:00,OK,TIER_1,1,italy_serie_a,,,,,,,,,,,,,,,,,,,,,,,,,,,,,,,,,,,,,,,,,,,,,0.0,0.95,30,8,16,9,16,4,28.0,OK_FULL_STATS,11.2,11.2,0.0,0.0,0.0,22.4,0.1,0.0,1.0,1.0,0.0,15.84,3.8,9.89,18.66,0.0526315789473684,0.8421052631578947,-29.21,16.0,0.0,0.0,0.0,0.1,3.83,93.57,A_ANALIZAR_PRIMERO,AWAY_SIDE_OR_AWAY_TEAM_TOTAL_CHECK,0,NOT_TWO_LEG_TIE,,,,0,0,0,0,,1,1.4,True,0.0,3.0,1.5,99.47,9,WATCHLIST
2026-05-24,2026-05-24T17:30:00+01:00,1779640200,Segunda División,141,2025,1392206,NS,Las Palmas,534,Zaragoza,732,Spain,NS,Not Started,,,,,,,,,,,,0.0,0.0,0.0,0.0,0.0,0.0,0.0,0.0,0.0,0.0,,,2026-05-24T11:54:44.432890+00:00,COVERAGE_RICH,1.0,1.0,1.0,1.0,1.0,1,0.95,OFFICIAL_API,,8.0,8.0,2.25,0.625,1.5,0.875,1.0,1.25,0.875,0.625,0.375,0.125,0.5,0.5,0.875,0.625,0.5,0.375,2025.0,2025.0,TEAM_LAST_8_ALL_COMPETITIONS,5.0,5.0,1.0,1.0,12.4,10.6,4.0,3.2,54.6,4.4,4.8,11.0,1.0,1.2,4.2,5.0,5.0,1.0,1.0,15.0,11.8,3.6,3.8,52.4,6.0,4.2,16.6,4.0,2.0,6.2,FULL,2026-05-24T11:55:51.040861+00:00,,,0.0,0.0,,,NONE,NONE,UNKNOWN,UNKNOWN,NONE,2026-05-24T11:57:04.212475+00:00,0.0,0.0,,,,,,,,,,,,,,,,,,0.12,90.0,272.63,0.0,0.0,NONE,NONE,NONE,INACTIVE,2026-05-24T11:57:22.467809+00:00,5.0,69.0,16.0,40.0,54.0,38.0,0.5,22.0,35.0,-22.0,40.0,34.0,56.0,1.0,22.0,2026-05-24T11:57:36.802055+00:00,1.44,4.63,8.42,2.0,1.87,1.28,4.2,1.86,2.09,3.11,1.42,,,,,,14.0,150.0,5010.0,0.6944,0.216,0.1188,0.5,0.5348,0.7812,0.2381,0.5376,0.4785,0.3215,0.7042,,,,,,2026-05-24T11:57:46.622043+00:00,OK,TIER_1,1,spain_segunda,,,,,,,,,,,,,,,,,,,,,,,,,,,,,,,,,,,,,,,,,,,,,0.0,0.95,30,8,16,9,16,0,28.0,OK_FULL_STATS,,,0.0,0.0,0.0,0.0,0.0,0.0,1.0,1.0,0.0,15.7,3.8,16.13,11.2,0.8095238095238095,0.0,24.48,16.0,0.0,0.0,0.0,0.0,3.7,93.4,A_ANALIZAR_PRIMERO,HOME_SIDE_OR_HOME_TEAM_TOTAL_CHECK,0,NOT_TWO_LEG_TIE,,,,0,0,0,0,,1,1.4,True,0.0,3.0,1.5,99.3,10,WATCHLIST
2026-05-24,2026-05-24T15:15:00+01:00,1779632100,Segunda División,141,2025,1396989,NS,FC Andorra,8157,AD Ceuta FC,10139,Spain,NS,Not Started,,,,,,,,,,,,0.0,0.0,0.0,0.0,0.0,0.0,0.0,0.0,0.0,0.0,,,2026-05-24T11:54:44.431888+00:00,COVERAGE_RICH,1.0,1.0,1.0,1.0,1.0,1,0.95,OFFICIAL_API,,8.0,8.0,2.0,1.25,2.375,1.125,0.875,1.625,0.75,0.625,0.5,0.25,0.25,0.625,0.5,0.75,0.5,0.625,2025.0,2025.0,TEAM_LAST_8_ALL_COMPETITIONS,5.0,5.0,1.0,1.0,15.8,9.0,6.0,3.6,66.2,5.6,4.2,11.6,2.0,1.5,3.8,5.0,5.0,1.0,1.0,10.4,16.4,3.2,5.8,50.4,2.2,6.2,14.4,2.8,2.0,3.4,FULL,2026-05-24T11:55:46.623257+00:00,,,0.0,0.0,,,NONE,NONE,UNKNOWN,UNKNOWN,NONE,2026-05-24T11:57:03.419749+00:00,0.0,0.0,,,,,,,,,,,,,,,,,,0.12,90.0,137.64,0.0,0.0,NONE,NONE,NONE,INACTIVE,2026-05-24T11:57:21.677636+00:00,10.0,58.0,11.0,40.0,62.0,51.0,0.0,13.0,55.0,-15.0,40.0,48.0,63.0,0.0,22.0,2026-05-24T11:57:36.798045+00:00,1.51,5.16,6.62,1.67,2.25,1.17,6.0,1.52,2.62,2.32,1.71,,,,,,14.0,150.0,4951.0,0.6623,0.1938,0.1511,0.5988,0.4444,0.8547,0.1667,0.6579,0.3817,0.431,0.5848,,,,,,2026-05-24T11:57:45.844879+00:00,OK,TIER_1,1,spain_segunda,,,,,,,,,,,,,,,,,,,,,,,,,,,,,,,,,,,,,,,,,,,,,0.0,0.95,30,8,16,9,16,0,28.0,OK_FULL_STATS,,,0.0,0.0,0.0,0.0,0.0,0.0,1.0,1.0,0.0,17.45,3.8,20.0,11.08,0.5714285714285714,0.4285714285714286,14.34,15.77,0.0,0.0,0.0,0.0,1.6,92.82,A_ANALIZAR_PRIMERO,HOME_SIDE_OR_HOME_TEAM_TOTAL_CHECK,0,NOT_TWO_LEG_TIE,,,,0,0,0,0,,1,1.4,True,0.0,3.0,1.5,98.72,11,WATCHLIST
2026-05-24,2026-05-24T17:30:00+01:00,1779640200,Segunda División,141,2025,1392212,NS,Cultural Leonesa,725,Burgos,9580,Spain,NS,Not Started,,,,,,,,,,,,0.0,0.0,0.0,0.0,0.0,0.0,0.0,0.0,0.0,0.0,,,2026-05-24T11:54:44.432920+00:00,COVERAGE_RICH,1.0,1.0,1.0,1.0,1.0,1,0.95,OFFICIAL_API,,8.0,8.0,0.75,1.875,0.875,1.5,1.625,0.875,0.75,0.875,0.125,0.5,0.625,0.5,0.75,0.625,0.5,0.375,2025.0,2025.0,TEAM_LAST_8_ALL_COMPETITIONS,5.0,5.0,1.0,1.0,11.4,12.2,5.2,4.6,51.2,3.2,4.8,16.2,3.2,1.4,1.6,5.0,5.0,1.0,1.0,8.6,10.8,3.2,3.0,46.0,2.8,4.2,13.4,2.4,2.0,1.8,FULL,2026-05-24T11:55:41.429754+00:00,,,0.0,0.0,,,NONE,NONE,UNKNOWN,UNKNOWN,NONE,2026-05-24T11:57:02.637793+00:00,0.0,0.0,,,,,,,,,,,,,,,,,,0.12,90.0,272.65,0.0,0.0,NONE,NONE,NONE,INACTIVE,2026-05-24T11:57:20.867560+00:00,21.0,36.0,-27.0,40.0,38.0,65.0,1.0,7.0,66.0,12.0,40.0,45.0,33.0,0.0,22.0,2026-05-24T11:57:36.794052+00:00,3.1,3.17,2.52,2.0,1.81,1.47,2.88,2.43,1.65,4.66,1.21,,,,,,14.0,150.0,4579.0,0.3226,0.3155,0.3968,0.5,0.5525,0.6803,0.3472,0.4115,0.6061,0.2146,0.8264,,,,,,2026-05-24T11:57:45.022403+00:00,OK,TIER_1,1,spain_segunda,,,,,,,,,,,,,,,,,,,,,,,,,,,,,,,,,,,,,,,,,,,,,0.0,0.95,30,8,16,9,16,0,28.0,OK_FULL_STATS,,,0.0,0.0,0.0,0.0,0.0,0.0,1.0,1.0,0.0,15.93,3.6,11.6,16.81,0.0476190476190476,0.7142857142857143,-21.36,16.0,0.0,0.0,0.0,0.0,2.82,92.75,A_ANALIZAR_PRIMERO,AWAY_SIDE_OR_AWAY_TEAM_TOTAL_CHECK,0,NOT_TWO_LEG_TIE,,,,0,0,0,0,,1,1.4,True,0.0,3.0,1.5,98.65,12,WATCHLIST
2026-05-24,2026-05-24T20:00:00+01:00,1779649200,La Liga,140,2025,1391198,NS,Villarreal,533,Atletico Madrid,530,Spain,NS,Not Started,,,,,,,,,,,,0.0,0.0,0.0,0.0,0.0,0.0,0.0,0.0,0.0,0.0,8.0,16.0,2026-05-24T11:54:44.433392+00:00,COVERAGE_RICH,1.0,1.0,1.0,1.0,1.0,1,0.95,OFFICIAL_API,,8.0,8.0,2.125,1.0,2.0,1.5,1.0,1.625,0.875,0.875,0.0,0.125,0.875,0.75,0.875,0.875,0.625,0.625,2025.0,2025.0,TEAM_LAST_8_ALL_COMPETITIONS,5.0,5.0,1.0,1.0,12.2,12.8,4.2,3.6,45.4,4.2,7.4,11.0,2.4,1.8,3.6,5.0,5.0,1.0,1.0,11.8,12.4,3.6,2.8,45.6,4.2,4.8,10.4,2.0,2.0,2.8,FULL,2026-05-24T11:55:04.250083+00:00,8.0,16.0,1.0,1.0,6.8,15.2,FULL,FULL,HIGH,HIGH,FULL,2026-05-24T11:56:57.018198+00:00,0.0,0.0,,,,,,,,,,,,,,,,,,0.12,90.0,422.75,0.0,0.0,NONE,NONE,NONE,INACTIVE,2026-05-24T11:57:15.267287+00:00,3.0,69.0,22.0,37.0,67.0,45.0,1.0,4.0,69.0,22.0,37.0,61.0,39.0,0.5,20.0,2026-05-24T11:57:36.766302+00:00,2.63,3.94,2.75,1.44,3.15,1.15,6.5,1.5,2.94,2.28,1.95,,,,,,14.0,181.0,6884.0,0.3802,0.2538,0.3636,0.6944,0.3175,0.8696,0.1538,0.6667,0.3401,0.4386,0.5128,,,,,,2026-05-24T11:57:39.334358+00:00,OK,TIER_1,1,spain_la_liga,,,,,,,,,,,,,,,,,,,,,,,,,,,,,,,,,,,,,,,,,,,,,0.0,0.95,30,8,16,9,16,4,28.0,OK_FULL_STATS,6.8,15.2,0.0,0.0,0.0,22.0,0.1,0.0,1.0,1.0,0.0,19.27,3.78,18.74,15.46,0.8947368421052632,0.8421052631578947,8.78,9.66,0.0,0.0,0.0,0.1,5.18,92.01,A_ANALIZAR_PRIMERO,HOME_SIDE_OR_HOME_TEAM_TOTAL_CHECK,0,NOT_TWO_LEG_TIE,,,,0,0,0,0,,1,1.4,True,0.0,3.0,1.5,97.91,13,WATCHLIST
2026-05-24,2026-05-24T19:45:00+01:00,1779648300,Serie A,135,2025,1378242,NS,Torino,503,Juventus,496,Italy,NS,Not Started,,,,,,,,,,,,0.0,0.0,0.0,0.0,0.0,0.0,0.0,0.0,0.0,0.0,8.0,6.0,2026-05-24T11:54:44.433382+00:00,COVERAGE_RICH,1.0,1.0,1.0,1.0,1.0,1,0.95,OFFICIAL_API,,8.0,8.0,1.75,2.25,1.625,1.5,1.25,0.25,0.75,0.875,0.25,0.75,0.625,0.25,0.75,0.625,0.625,0.125,2025.0,2025.0,TEAM_LAST_8_ALL_COMPETITIONS,5.0,5.0,1.0,1.0,11.2,15.6,2.0,5.6,42.6,3.6,5.4,13.2,2.0,1.5,3.6,5.0,5.0,1.0,1.0,15.2,11.2,4.6,2.0,58.0,6.0,4.2,9.6,2.4,2.333,5.2,FULL,2026-05-24T11:56:13.835241+00:00,8.0,6.0,1.0,1.0,7.6,4.8,FULL,FULL,HIGH,HIGH,FULL,2026-05-24T11:57:08.613867+00:00,0.0,0.0,,,,,,,,,,,,,,,,,,0.12,90.0,407.55,0.0,0.0,NONE,NONE,NONE,INACTIVE,2026-05-24T11:57:26.862784+00:00,12.0,44.0,-19.0,37.0,42.0,61.0,0.0,6.0,68.0,27.0,37.0,59.0,32.0,0.0,20.0,2026-05-24T11:57:36.824599+00:00,7.0,4.5,1.58,1.92,1.95,1.28,4.33,1.81,2.15,3.0,1.45,,,,,,14.0,174.0,6041.0,0.1429,0.2222,0.6329,0.5208,0.5128,0.7812,0.2309,0.5525,0.4651,0.3333,0.6897,,,,,,2026-05-24T11:57:51.291105+00:00,OK,TIER_1,1,italy_serie_a,,,,,,,,,,,,,,,,,,,,,,,,,,,,,,,,,,,,,,,,,,,,,0.0,0.95,30,8,16,9,16,4,28.0,OK_FULL_STATS,7.6,4.8,0.0,0.0,0.0,12.4,0.1,0.0,1.0,1.0,0.0,16.14,3.59,10.2,16.63,0.4210526315789473,0.736842105263158,-14.89,16.0,0.0,0.0,0.0,0.1,1.85,91.89,A_ANALIZAR_PRIMERO,AWAY_SIDE_OR_AWAY_TEAM_TOTAL_CHECK,0,NOT_TWO_LEG_TIE,,,,0,0,0,0,,1,1.4,True,0.0,3.0,1.5,97.79,14,WATCHLIST
2026-05-24,2026-05-24T17:30:00+01:00,1779640200,Segunda División,141,2025,1392211,NS,Valladolid,720,Deportivo La Coruna,544,Spain,NS,Not Started,,,,,,,,,,,,0.0,0.0,0.0,0.0,0.0,0.0,0.0,0.0,0.0,0.0,,,2026-05-24T11:54:44.432915+00:00,COVERAGE_RICH,1.0,1.0,1.0,1.0,1.0,1,0.95,OFFICIAL_API,,8.0,8.0,0.875,2.0,0.75,1.5,0.875,0.75,0.5,1.0,0.375,0.25,0.25,0.75,0.375,0.875,0.375,0.25,2025.0,2025.0,TEAM_LAST_8_ALL_COMPETITIONS,5.0,5.0,1.0,1.0,7.2,8.2,1.4,2.2,45.2,5.8,3.2,12.8,2.6,2.25,2.2,5.0,5.0,1.0,1.0,14.2,10.8,5.0,3.8,55.2,6.2,4.6,14.6,2.8,1.5,3.8,FULL,2026-05-24T11:55:53.836992+00:00,,,0.0,0.0,,,NONE,NONE,UNKNOWN,UNKNOWN,NONE,2026-05-24T11:57:05.811289+00:00,0.0,0.0,,,,,,,,,,,,,,,,,,0.12,90.0,272.6,0.0,0.0,NONE,NONE,NONE,INACTIVE,2026-05-24T11:57:24.074526+00:00,16.0,46.0,-10.0,40.0,44.0,54.0,0.0,2.0,74.0,20.0,40.0,62.0,42.0,1.0,22.0,2026-05-24T11:57:36.810199+00:00,5.1,3.74,1.81,1.83,2.01,1.3,3.8,1.93,2.02,3.25,1.37,,,,,,14.0,149.0,4901.0,0.1961,0.2674,0.5525,0.5464,0.4975,0.7692,0.2632,0.5181,0.495,0.3077,0.7299,,,,,,2026-05-24T11:57:48.414124+00:00,OK,TIER_1,1,spain_segunda,,,,,,,,,,,,,,,,,,,,,,,,,,,,,,,,,,,,,,,,,,,,,0.0,0.95,30,8,16,9,16,0,28.0,OK_FULL_STATS,,,0.0,0.0,0.0,0.0,0.0,0.0,1.0,1.0,0.0,14.2,3.41,8.51,15.23,0.2857142857142857,0.9523809523809524,-22.53,16.0,0.0,0.0,0.0,0.0,3.58,91.78,A_ANALIZAR_PRIMERO,AWAY_SIDE_OR_AWAY_TEAM_TOTAL_CHECK,0,NOT_TWO_LEG_TIE,,,,0,0,0,0,,1,1.4,True,0.0,3.0,1.5,97.68,15,WATCHLIST
2026-05-24,2026-05-24T17:00:00+01:00,1779638400,Serie A,135,2025,1378240,NS,Napoli,492,Udinese,494,Italy,NS,Not Started,,,,,,,,,,,,0.0,0.0,0.0,0.0,0.0,0.0,0.0,0.0,0.0,0.0,4.0,10.0,2026-05-24T11:54:44.432756+00:00,COVERAGE_RICH,1.0,1.0,1.0,1.0,1.0,1,0.95,OFFICIAL_API,,8.0,8.0,2.125,1.5,1.375,1.5,0.625,0.875,0.75,0.625,0.5,0.5,0.375,0.25,0.625,0.625,0.375,0.375,2025.0,2025.0,TEAM_LAST_8_ALL_COMPETITIONS,5.0,5.0,1.0,1.0,15.0,9.4,3.8,3.8,58.6,6.4,2.8,8.6,1.0,2.4,4.4,5.0,5.0,1.0,1.0,15.4,12.8,5.6,2.8,49.8,5.8,3.4,12.0,1.4,2.5,5.0,FULL,2026-05-24T11:56:10.627507+00:00,4.0,10.0,1.0,1.0,3.2,9.6,FULL,FULL,HIGH,HIGH,FULL,2026-05-24T11:57:07.809481+00:00,0.0,0.0,,,,,,,,,,,,,,,,,,0.12,90.0,242.57,0.0,0.0,NONE,NONE,NONE,INACTIVE,2026-05-24T11:57:26.070130+00:00,2.0,73.0,21.0,37.0,57.0,36.0,1.0,10.0,50.0,-2.0,37.0,45.0,47.0,0.0,20.0,2026-05-24T11:57:36.820543+00:00,1.61,4.3,6.5,1.97,1.87,1.29,3.85,1.92,2.03,3.2,1.38,,,,,,14.0,181.0,6015.0,0.6211,0.2326,0.1538,0.5076,0.5348,0.7752,0.2597,0.5208,0.4926,0.3125,0.7246,,,,,,2026-05-24T11:57:50.553446+00:00,OK,TIER_1,1,italy_serie_a,,,,,,,,,,,,,,,,,,,,,,,,,,,,,,,,,,,,,,,,,,,,,0.0,0.95,30,8,16,9,16,4,28.0,OK_FULL_STATS,3.2,9.6,0.0,0.0,0.0,12.8,0.1,0.0,1.0,1.0,0.0,15.08,3.8,12.87,13.02,0.9473684210526316,0.5263157894736843,13.07,14.38,0.0,0.0,0.0,0.1,3.96,91.32,A_ANALIZAR_PRIMERO,HOME_SIDE_OR_HOME_TEAM_TOTAL_CHECK,0,NOT_TWO_LEG_TIE,,,,0,0,0,0,,1,1.4,True,0.0,3.0,1.5,97.22,16,WATCHLIST
2026-05-24,2026-05-24T13:00:00+01:00,1779624000,Allsvenskan,113,2026,1494181,NS,Hammarby FF,363,AIK Stockholm,377,Sweden,NS,Not Started,,,,,,,,,,,,0.0,0.0,0.0,0.0,0.0,0.0,0.0,0.0,0.0,0.0,4.0,16.0,2026-05-24T11:54:44.431021+00:00,COVERAGE_RICH,1.0,1.0,1.0,1.0,1.0,1,0.95,OFFICIAL_API,,8.0,8.0,1.875,1.375,2.625,1.5,1.125,1.375,0.875,0.875,0.25,0.125,0.625,0.75,1.0,0.75,0.625,0.625,2026.0,2026.0,TEAM_LAST_8_ALL_COMPETITIONS,5.0,5.0,1.0,1.0,23.6,8.6,7.6,2.8,66.4,5.2,2.0,10.2,1.2,1.6,6.2,5.0,5.0,1.0,1.0,12.4,12.2,5.6,3.2,55.0,8.2,4.6,10.6,2.8,0.4,3.2,FULL,2026-05-24T11:56:21.827367+00:00,4.0,16.0,1.0,1.0,3.6,13.6,FULL,FULL,HIGH,HIGH,FULL,2026-05-24T11:57:09.412148+00:00,1.0,1.0,11.0,11.0,1.0,1.0,1.0,3.0,4.0,4.0,5.0,3.0,1.0,1.0,0.22,0.45,0.45,0.45,0.393,0.0,90.0,2.54,1.0,1.0,FULL,FULL,FULL,ACTIVE,2026-05-24T11:57:27.668672+00:00,2.0,17.0,13.0,9.0,21.0,8.0,1.0,11.0,9.0,-2.0,8.0,10.0,12.0,0.0,16.0,2026-05-24T11:57:36.828638+00:00,1.5,4.81,6.8,1.8,2.05,1.2,4.89,1.66,2.33,2.63,1.52,,,,,,13.0,128.0,3817.0,0.6667,0.2079,0.1471,0.5556,0.4878,0.8333,0.2045,0.6024,0.4292,0.3802,0.6579,,,,,,2026-05-24T11:57:51.988597+00:00,OK,TIER_2,2,sweden_allsvenskan,,,,,,,,,,,,,,,,,,,,,,,,,,,,,,,,,,,,,,,,,,,,,0.0,0.95,23,8,16,9,16,4,28.0,OK_FULL_STATS,3.6,13.6,0.0,0.0,0.0,17.2,0.1,0.22,1.0,1.0,0.0,20.0,3.8,19.97,15.89,0.9333333333333332,0.3333333333333333,16.8,16.0,0.0,0.0,0.0,0.1,3.63,90.75,A_ANALIZAR_PRIMERO,HOME_SIDE_OR_HOME_TEAM_TOTAL_CHECK,0,NOT_TWO_LEG_TIE,,,,0,0,0,0,,1,1.4,True,0.0,3.0,0.8,95.95,17,WATCHLIST
2026-05-24,2026-05-24T17:00:00+01:00,1779638400,Eliteserien,103,2026,1494671,NS,Kristiansund BK,320,Viking,759,Norway,NS,Not Started,,,,,,,,,,,,0.0,0.0,0.0,0.0,0.0,0.0,0.0,0.0,0.0,0.0,8.0,12.0,2026-05-24T11:54:44.432772+00:00,COVERAGE_RICH,1.0,1.0,1.0,1.0,1.0,1,0.95,OFFICIAL_API,,8.0,8.0,1.5,2.625,1.5,2.75,1.25,0.75,0.75,1.0,0.25,0.5,0.5,0.5,1.0,0.875,0.375,0.875,2026.0,2026.0,TEAM_LAST_8_ALL_COMPETITIONS,5.0,5.0,1.0,1.0,10.2,15.2,4.6,5.2,42.6,3.2,7.2,9.6,2.2,1.4,1.6,5.0,5.0,1.0,1.0,17.2,10.4,6.6,2.6,48.0,5.4,6.0,11.8,2.2,2.0,4.2,FULL,2026-05-24T11:56:35.040067+00:00,8.0,12.0,1.0,1.0,7.2,11.2,FULL,FULL,HIGH,HIGH,FULL,2026-05-24T11:57:11.027188+00:00,0.0,0.0,,,,,,,,,,,,,,,,,,0.12,90.0,242.51,0.0,0.0,NONE,NONE,NONE,INACTIVE,2026-05-24T11:57:29.276690+00:00,10.0,11.0,-4.0,9.0,9.0,13.0,0.0,1.0,24.0,18.0,9.0,27.0,9.0,1.0,16.0,2026-05-24T11:57:36.837144+00:00,6.25,5.05,1.53,1.53,2.63,1.13,6.53,1.41,3.1,2.04,1.87,,,,,,14.0,127.0,3892.0,0.16,0.198,0.6536,0.6536,0.3802,0.885,0.1531,0.7092,0.3226,0.4902,0.5348,,,,,,2026-05-24T11:57:53.679132+00:00,OK,TIER_2,2,norway_eliteserien,,,,,,,,,,,,,,,,,,,,,,,,,,,,,,,,,,,,,,,,,,,,,0.0,0.95,23,8,16,9,16,4,28.0,OK_FULL_STATS,7.2,11.2,0.0,0.0,0.0,18.4,0.1,0.0,1.0,1.0,0.0,19.89,3.8,12.99,19.97,0.4,1.0,-22.28,16.0,0.0,0.0,0.0,0.1,3.84,90.63,A_ANALIZAR_PRIMERO,AWAY_SIDE_OR_AWAY_TEAM_TOTAL_CHECK,0,NOT_TWO_LEG_TIE,,,,0,0,0,0,,1,1.4,True,0.0,3.0,0.8,95.83,18,WATCHLIST
2026-05-24,2026-05-24T13:00:00+01:00,1779624000,Allsvenskan,113,2026,1494184,NS,Sirius,370,Gais,2170,Sweden,NS,Not Started,,,,,,,,,,,,0.0,0.0,0.0,0.0,0.0,0.0,0.0,0.0,0.0,0.0,4.0,10.0,2026-05-24T11:54:44.431025+00:00,COVERAGE_RICH,1.0,1.0,1.0,1.0,1.0,1,0.95,OFFICIAL_API,,8.0,8.0,2.375,1.375,2.5,1.5,1.25,1.125,0.875,0.75,0.25,0.375,0.625,0.5,0.875,0.75,0.75,0.625,2026.0,2026.0,TEAM_LAST_8_ALL_COMPETITIONS,5.0,5.0,1.0,1.0,15.4,13.4,5.0,4.2,47.2,5.4,4.6,13.0,1.0,1.4,5.6,5.0,5.0,1.0,1.0,14.8,10.6,5.0,4.0,53.2,5.2,3.8,17.6,2.0,1.2,3.8,FULL,2026-05-24T11:56:27.442355+00:00,4.0,10.0,1.0,1.0,3.6,9.6,FULL,FULL,HIGH,HIGH,FULL,2026-05-24T11:57:10.224418+00:00,1.0,1.0,11.0,11.0,1.0,1.0,3.0,3.0,4.0,4.0,3.0,3.0,1.0,1.0,0.45,0.45,0.45,0.45,0.45,0.0,90.0,2.53,1.0,1.0,FULL,FULL,FULL,ACTIVE,2026-05-24T11:57:28.475381+00:00,1.0,22.0,13.0,8.0,22.0,9.0,1.0,8.0,12.0,3.0,9.0,12.0,9.0,0.0,16.0,2026-05-24T11:57:36.832645+00:00,1.79,4.03,4.7,1.67,2.15,1.22,4.47,1.69,2.22,2.7,1.48,,,,,,14.0,128.0,3823.0,0.5587,0.2481,0.2128,0.5988,0.4651,0.8197,0.2237,0.5917,0.4505,0.3704,0.6757,,,,,,2026-05-24T11:57:52.888839+00:00,OK,TIER_2,2,sweden_allsvenskan,,,,,,,,,,,,,,,,,,,,,,,,,,,,,,,,,,,,,,,,,,,,,0.0,0.95,23,8,16,9,16,4,28.0,OK_FULL_STATS,3.6,9.6,0.0,0.0,0.0,13.2,0.1,0.25,1.0,1.0,0.0,19.38,3.8,19.28,15.83,1.0,0.5333333333333333,15.5,16.0,0.0,0.0,0.0,0.1,4.05,90.58,A_ANALIZAR_PRIMERO,HOME_SIDE_OR_HOME_TEAM_TOTAL_CHECK,0,NOT_TWO_LEG_TIE,,,,0,0,0,0,,1,1.4,True,0.0,3.0,0.8,95.78,19,WATCHLIST
2026-05-24,2026-05-24T19:45:00+01:00,1779648300,Serie A,135,2025,1378239,NS,AC Milan,489,Cagliari,490,Italy,NS,Not Started,,,,,,,,,,,,0.0,0.0,0.0,0.0,0.0,0.0,0.0,0.0,0.0,0.0,0.0,10.0,2026-05-24T11:54:44.433377+00:00,COVERAGE_RICH,1.0,1.0,1.0,1.0,1.0,1,0.95,OFFICIAL_API,,8.0,8.0,1.25,0.875,0.625,0.875,1.125,1.625,0.375,0.625,0.375,0.25,0.125,0.5,0.375,0.625,0.25,0.625,2025.0,2025.0,TEAM_LAST_8_ALL_COMPETITIONS,5.0,5.0,1.0,1.0,9.6,11.6,1.8,4.0,50.4,2.4,3.6,9.8,1.4,1.0,2.8,5.0,5.0,1.0,1.0,11.0,11.4,3.0,3.8,38.4,4.6,4.8,9.2,1.0,1.8,3.6,FULL,2026-05-24T11:55:57.830032+00:00,0.0,10.0,1.0,1.0,0.0,9.6,FULL,FULL,LOW,HIGH,FULL,2026-05-24T11:57:06.216134+00:00,0.0,0.0,,,,,,,,,,,,,,,,,,0.12,90.0,407.59,0.0,0.0,NONE,NONE,NONE,INACTIVE,2026-05-24T11:57:24.477061+00:00,3.0,70.0,19.0,37.0,52.0,33.0,1.0,16.0,40.0,-14.0,37.0,38.0,52.0,0.5,20.0,2026-05-24T11:57:36.812203+00:00,1.34,5.65,12.9,2.2,1.7,1.24,4.6,1.76,2.25,2.88,1.49,,,,,,14.0,173.0,5869.0,0.7463,0.177,0.0775,0.4545,0.5882,0.8065,0.2174,0.5682,0.4444,0.3472,0.6711,,,,,,2026-05-24T11:57:48.850866+00:00,OK,TIER_1,1,italy_serie_a,,,,,,,,,,,,,,,,,,,,,,,,,,,,,,,,,,,,,,,,,,,,,0.0,0.95,30,8,16,9,16,4,28.0,OK_FULL_STATS,0.0,9.6,0.0,0.0,0.0,9.6,0.1,0.0,1.0,1.0,0.0,11.45,2.63,10.21,11.23,0.8947368421052632,0.2105263157894736,15.03,16.0,0.0,0.0,0.0,0.1,4.17,89.52,A_ANALIZAR_PRIMERO,HOME_SIDE_OR_HOME_TEAM_TOTAL_CHECK,0,NOT_TWO_LEG_TIE,,,,0,0,0,0,,1,1.4,True,0.0,3.0,1.5,95.42,20,WATCHLIST
2026-05-24,2026-05-24T15:15:00+01:00,1779632100,Segunda División,141,2025,1392215,NS,Albacete,722,Real Sociedad II,9585,Spain,NS,Not Started,,,,,,,,,,,,0.0,0.0,0.0,0.0,0.0,0.0,0.0,0.0,0.0,0.0,,,2026-05-24T11:54:44.431883+00:00,COVERAGE_RICH,1.0,1.0,1.0,1.0,1.0,1,0.95,OFFICIAL_API,,8.0,8.0,1.375,0.25,1.75,0.25,1.375,1.625,0.875,0.25,0.25,0.25,0.625,0.25,0.875,0.375,0.625,0.25,2025.0,2025.0,TEAM_LAST_8_ALL_COMPETITIONS,5.0,5.0,1.0,1.0,11.4,15.6,3.4,4.8,41.4,4.8,5.4,11.8,2.4,1.667,3.0,5.0,4.0,0.8,1.0,14.75,11.0,3.25,3.5,45.0,2.0,4.25,22.0,3.5,1.25,3.75,PARTIAL,2026-05-24T11:55:35.021488+00:00,,,0.0,0.0,,,NONE,NONE,UNKNOWN,UNKNOWN,NONE,2026-05-24T11:57:01.817193+00:00,0.0,0.0,,,,,,,,,,,,,,,,,,0.12,90.0,137.66,0.0,0.0,NONE,NONE,NONE,INACTIVE,2026-05-24T11:57:20.127031+00:00,11.0,56.0,0.0,40.0,53.0,53.0,0.0,15.0,46.0,-7.0,40.0,50.0,57.0,0.0,22.0,2026-05-24T11:57:36.790029+00:00,1.9,3.99,3.95,1.62,2.26,1.23,4.5,1.71,2.27,2.75,1.5,,,,,,14.0,150.0,4911.0,0.5263,0.2506,0.2532,0.6173,0.4425,0.813,0.2222,0.5848,0.4405,0.3636,0.6667,,,,,,2026-05-24T11:57:44.110459+00:00,OK,TIER_1,1,spain_segunda,,,,,,,,,,,,,,,,,,,,,,,,,,,,,,,,,,,,,,,,,,,,,0.0,0.95,30,8,16,9,16,0,28.0,OK_FULL_STATS,,,0.0,0.0,0.0,0.0,0.0,0.0,1.0,1.0,0.0,13.74,3.1,17.35,8.05,0.5238095238095238,0.3333333333333333,16.18,16.0,0.0,0.0,0.0,0.0,1.37,89.11,A_ANALIZAR_PRIMERO,HOME_SIDE_OR_HOME_TEAM_TOTAL_CHECK,0,NOT_TWO_LEG_TIE,,,,0,0,0,0,,1,1.4,True,0.0,3.0,1.5,95.01,21,WATCHLIST
2026-05-24,2026-05-24T17:30:00+01:00,1779640200,Jupiler Pro League,144,2025,1537005,NS,St. Truiden,735,KV Mechelen,266,Belgium,NS,Not Started,,,,,,,,,,,,0.0,0.0,0.0,0.0,0.0,0.0,0.0,0.0,0.0,0.0,,,2026-05-24T11:54:44.432940+00:00,COVERAGE_RICH,1.0,1.0,1.0,1.0,1.0,1,0.95,OFFICIAL_API,,8.0,8.0,1.25,0.875,1.25,0.875,1.125,2.25,0.625,0.875,0.25,0.25,0.5,0.625,0.625,0.625,0.5,0.5,2025.0,2025.0,TEAM_LAST_8_ALL_COMPETITIONS,5.0,5.0,1.0,1.0,15.4,11.8,6.0,2.4,58.4,7.0,4.6,11.6,1.2,0.6,4.4,5.0,5.0,1.0,1.0,9.4,15.8,2.4,7.0,46.8,4.2,5.2,10.0,2.0,0.25,3.4,FULL,2026-05-24T11:54:59.819331+00:00,,,0.0,0.0,,,NONE,NONE,UNKNOWN,UNKNOWN,NONE,2026-05-24T11:56:56.214885+00:00,0.0,0.0,,,,,,,,,,,,,,,,,,0.12,90.0,272.76,0.0,0.0,NONE,NONE,NONE,INACTIVE,2026-05-24T11:57:14.466368+00:00,3.0,57.0,12.0,30.0,47.0,35.0,0.5,5.0,45.0,2.0,30.0,39.0,37.0,0.0,16.0,2026-05-24T11:57:36.762122+00:00,1.9,4.35,3.9,1.57,2.5,1.19,5.1,1.6,2.47,2.47,1.59,,,,,,14.0,157.0,5055.0,0.5263,0.2299,0.2564,0.6369,0.4,0.8403,0.1961,0.625,0.4049,0.4049,0.6289,,,,,,2026-05-24T11:57:38.449504+00:00,OK,TIER_1,1,belgium_jupiler,,,,,,,,,,,,,,,,,,,,,,,,,,,,,,,,,,,,,,,,,,,,,0.0,0.95,30,8,16,9,16,0,28.0,OK_FULL_STATS,,,0.0,0.0,0.0,0.0,0.0,0.0,1.0,1.0,0.0,16.04,3.8,18.29,12.09,0.8666666666666667,0.7333333333333334,9.54,10.49,0.0,0.0,0.0,0.0,3.36,87.89,A_ANALIZAR_PRIMERO,HOME_SIDE_OR_HOME_TEAM_TOTAL_CHECK,0,NOT_TWO_LEG_TIE,,,,0,0,0,0,,1,1.4,True,0.0,3.0,1.5,93.79,22,WATCHLIST
2026-05-24,2026-05-24T16:00:00+01:00,1779634800,Premier League,39,2025,1379339,NS,Brighton,51,Manchester United,33,England,NS,Not Started,,,,,,,,,,,,0.0,0.0,0.0,0.0,0.0,0.0,0.0,0.0,0.0,0.0,6.0,6.0,2026-05-24T11:54:44.431999+00:00,COVERAGE_RICH,1.0,1.0,1.0,1.0,1.0,1,0.95,OFFICIAL_API,,8.0,8.0,2.0,2.0,1.625,1.875,1.0,1.375,0.875,1.0,0.375,0.125,0.5,0.875,0.75,0.875,0.625,0.875,2025.0,2025.0,TEAM_LAST_8_ALL_COMPETITIONS,5.0,5.0,1.0,1.0,13.4,10.8,5.8,4.4,55.2,5.4,6.0,12.6,2.2,0.8,2.8,5.0,5.0,1.0,1.0,13.4,15.4,5.4,4.6,44.2,6.0,5.4,10.4,2.4,1.0,4.2,FULL,2026-05-24T11:55:12.611030+00:00,6.0,6.0,1.0,1.0,6.0,4.8,FULL,FULL,HIGH,HIGH,FULL,2026-05-24T11:56:57.819982+00:00,0.0,0.0,,,,,,,,,,,,,,,,,,0.12,90.0,182.73,0.0,0.0,NONE,NONE,NONE,INACTIVE,2026-05-24T11:57:16.061147+00:00,7.0,53.0,9.0,37.0,52.0,43.0,0.0,3.0,68.0,16.0,37.0,66.0,50.0,1.0,20.0,2026-05-24T11:57:36.769604+00:00,1.86,4.33,4.12,1.5,2.75,1.16,6.1,1.52,2.75,2.27,1.74,,,,,,14.0,184.0,6401.0,0.5376,0.2309,0.2427,0.6667,0.3636,0.8621,0.1639,0.6579,0.3636,0.4405,0.5747,,,,,,2026-05-24T11:57:40.236722+00:00,OK,TIER_1,1,england_premier_league,,,,,,,,,,,,,,,,,,,,,,,,,,,,,,,,,,,,,,,,,,,,,0.0,0.95,30,8,16,9,16,4,28.0,OK_FULL_STATS,6.0,4.8,0.0,0.0,0.0,10.8,0.1,0.0,1.0,1.0,0.0,19.32,3.8,17.91,17.51,0.6842105263157895,0.8947368421052632,-5.92,6.51,0.0,0.0,0.0,0.1,4.13,87.86,A_ANALIZAR_PRIMERO,AWAY_SIDE_OR_AWAY_TEAM_TOTAL_CHECK,0,NOT_TWO_LEG_TIE,,,,0,0,0,0,,1,1.4,True,0.0,3.0,1.5,93.76,23,WATCHLIST
2026-05-24,2026-05-24T17:30:00+01:00,1779640200,Segunda División,141,2025,1392214,NS,Eibar,545,Cordoba,713,Spain,NS,Not Started,,,,,,,,,,,,0.0,0.0,0.0,0.0,0.0,0.0,0.0,0.0,0.0,0.0,,,2026-05-24T11:54:44.432925+00:00,COVERAGE_RICH,1.0,1.0,1.0,1.0,1.0,1,0.95,OFFICIAL_API,,8.0,8.0,2.375,2.0,1.875,1.625,0.75,1.625,0.875,0.75,0.625,0.125,0.375,0.625,0.625,0.875,0.625,0.75,2025.0,2025.0,TEAM_LAST_8_ALL_COMPETITIONS,5.0,5.0,1.0,1.0,10.0,13.0,3.8,3.6,47.2,3.2,6.2,11.4,2.6,1.75,3.0,5.0,5.0,1.0,1.0,14.4,13.8,5.8,5.4,53.6,6.0,5.0,17.0,3.2,2.2,3.6,FULL,2026-05-24T11:55:44.629525+00:00,,,0.0,0.0,,,NONE,NONE,UNKNOWN,UNKNOWN,NONE,2026-05-24T11:57:03.031179+00:00,0.0,0.0,,,,,,,,,,,,,,,,,,0.12,90.0,272.65,0.0,0.0,NONE,NONE,NONE,INACTIVE,2026-05-24T11:57:21.260260+00:00,8.0,64.0,11.0,40.0,49.0,38.0,0.0,9.0,60.0,-2.0,40.0,56.0,58.0,0.0,22.0,2026-05-24T11:57:36.796051+00:00,1.7,4.26,4.83,1.8,2.01,1.27,4.1,1.87,2.11,3.05,1.41,,,,,,13.0,150.0,4816.0,0.5882,0.2347,0.207,0.5556,0.4975,0.7874,0.2439,0.5348,0.4739,0.3279,0.7092,,,,,,2026-05-24T11:57:45.461068+00:00,OK,TIER_1,1,spain_segunda,,,,,,,,,,,,,,,,,,,,,,,,,,,,,,,,,,,,,,,,,,,,,0.0,0.95,30,8,16,9,16,0,28.0,OK_FULL_STATS,,,0.0,0.0,0.0,0.0,0.0,0.0,1.0,1.0,0.0,18.42,3.8,18.66,14.14,0.6666666666666667,0.6190476190476191,7.88,8.67,0.0,0.0,0.0,0.0,2.06,87.15,A_ANALIZAR_PRIMERO,HOME_SIDE_OR_HOME_TEAM_TOTAL_CHECK,0,NOT_TWO_LEG_TIE,,,,0,0,0,0,,1,1.4,True,0.0,3.0,1.5,93.05,24,WATCHLIST
2026-05-24,2026-05-24T16:00:00+01:00,1779634800,Premier League,39,2025,1379347,NS,Tottenham,47,Everton,45,England,NS,Not Started,,,,,,,,,,,,0.0,0.0,0.0,0.0,0.0,0.0,0.0,0.0,0.0,0.0,12.0,6.0,2026-05-24T11:54:44.432040+00:00,COVERAGE_RICH,1.0,1.0,1.0,1.0,1.0,1,0.95,OFFICIAL_API,,8.0,8.0,1.375,1.375,1.375,1.875,1.875,1.625,0.75,0.875,0.125,0.25,0.625,0.625,0.75,1.0,0.625,0.75,2025.0,2025.0,TEAM_LAST_8_ALL_COMPETITIONS,5.0,5.0,1.0,1.0,11.8,9.4,4.6,3.0,52.6,7.2,4.0,13.6,3.2,2.5,2.8,5.0,5.0,1.0,1.0,11.8,14.8,5.8,4.2,41.2,3.2,5.8,9.4,2.4,2.75,3.4,FULL,2026-05-24T11:55:30.625259+00:00,12.0,6.0,1.0,1.0,11.2,5.2,FULL,FULL,HIGH,HIGH,FULL,2026-05-24T11:57:01.015420+00:00,0.0,0.0,,,,,,,,,,,,,,,,,,0.12,90.0,182.68,0.0,0.0,NONE,NONE,NONE,INACTIVE,2026-05-24T11:57:19.261217+00:00,17.0,38.0,-10.0,37.0,47.0,57.0,1.0,12.0,49.0,-2.0,37.0,47.0,49.0,0.0,20.0,2026-05-24T11:57:36.786018+00:00,1.94,3.75,4.4,1.75,2.17,1.28,4.2,1.89,2.12,3.1,1.43,,,,,,14.0,176.0,6073.0,0.5155,0.2667,0.2273,0.5714,0.4608,0.7812,0.2381,0.5291,0.4717,0.3226,0.6993,,,,,,2026-05-24T11:57:43.489384+00:00,OK,TIER_1,1,england_premier_league,,,,,,,,,,,,,,,,,,,,,,,,,,,,,,,,,,,,,,,,,,,,,0.0,0.95,30,8,16,9,16,4,28.0,OK_FULL_STATS,11.2,5.2,0.0,0.0,0.0,16.4,0.1,0.0,1.0,1.0,0.0,19.1,3.8,16.1,19.71,0.1578947368421053,0.4210526315789473,-6.35,6.98,0.0,0.0,0.0,0.1,2.53,86.51,A_ANALIZAR_PRIMERO,AWAY_SIDE_OR_AWAY_TEAM_TOTAL_CHECK,0,NOT_TWO_LEG_TIE,,,,0,0,0,0,,1,1.4,True,0.0,3.0,1.5,92.41,25,WATCHLIST
2026-05-24,2026-05-24T17:30:00+01:00,1779640200,Segunda División,141,2025,1392208,NS,Cadiz,724,Leganes,537,Spain,NS,Not Started,,,,,,,,,,,,0.0,0.0,0.0,0.0,0.0,0.0,0.0,0.0,0.0,0.0,,,2026-05-24T11:54:44.432900+00:00,COVERAGE_RICH,1.0,1.0,1.0,1.0,1.0,1,0.95,OFFICIAL_API,,8.0,8.0,0.125,1.0,0.625,1.25,2.125,1.75,0.5,0.625,0.0,0.125,0.5,0.625,0.75,0.875,0.75,0.625,2025.0,2025.0,TEAM_LAST_8_ALL_COMPETITIONS,5.0,5.0,1.0,1.0,9.8,13.8,3.0,5.2,44.0,4.8,4.6,11.8,3.0,2.75,3.2,5.0,5.0,1.0,1.0,14.0,14.0,4.6,6.2,45.8,5.4,5.6,11.8,2.0,1.4,4.0,FULL,2026-05-24T11:55:38.617257+00:00,,,0.0,0.0,,,NONE,NONE,UNKNOWN,UNKNOWN,NONE,2026-05-24T11:57:02.247064+00:00,0.0,0.0,,,,,,,,,,,,,,,,,,0.12,90.0,272.66,0.0,0.0,NONE,NONE,NONE,INACTIVE,2026-05-24T11:57:20.463785+00:00,18.0,40.0,-20.0,40.0,37.0,57.0,0.5,17.0,43.0,-6.0,40.0,42.0,48.0,0.5,22.0,2026-05-24T11:57:36.792048+00:00,2.69,3.25,3.15,1.75,2.06,1.34,3.42,2.06,1.9,3.5,1.32,,,,,,14.0,150.0,5039.0,0.3717,0.3077,0.3175,0.5714,0.4854,0.7463,0.2924,0.4854,0.5263,0.2857,0.7576,,,,,,2026-05-24T11:57:44.646784+00:00,OK,TIER_1,1,spain_segunda,,,,,,,,,,,,,,,,,,,,,,,,,,,,,,,,,,,,,,,,,,,,,0.0,0.95,30,8,16,9,16,0,28.0,OK_FULL_STATS,,,0.0,0.0,0.0,0.0,0.0,0.0,1.0,1.0,0.0,15.61,3.67,12.58,17.45,0.1904761904761904,0.2380952380952381,-9.13,10.04,0.0,0.0,0.0,0.0,2.29,85.94,A_ANALIZAR_PRIMERO,AWAY_SIDE_OR_AWAY_TEAM_TOTAL_CHECK,0,NOT_TWO_LEG_TIE,,,,0,0,0,0,,1,1.4,True,0.0,3.0,1.5,91.84,26,WATCHLIST
2026-05-24,2026-05-24T17:30:00+01:00,1779640200,Segunda División,141,2025,1392210,NS,Mirandes,799,Granada CF,715,Spain,NS,Not Started,,,,,,,,,,,,0.0,0.0,0.0,0.0,0.0,0.0,0.0,0.0,0.0,0.0,,,2026-05-24T11:54:44.432909+00:00,COVERAGE_RICH,1.0,1.0,1.0,1.0,1.0,1,0.95,OFFICIAL_API,,8.0,8.0,1.5,1.5,1.75,1.625,1.875,1.875,1.0,0.875,0.0,0.375,1.0,0.5,1.0,0.75,0.875,0.5,2025.0,2025.0,TEAM_LAST_8_ALL_COMPETITIONS,5.0,5.0,1.0,1.0,13.6,15.2,5.6,4.4,45.8,6.2,4.2,14.4,3.2,2.2,4.0,5.0,5.0,1.0,1.0,11.8,11.6,5.0,4.8,54.6,5.0,4.4,13.2,3.6,3.5,2.6,FULL,2026-05-24T11:55:53.438614+00:00,,,0.0,0.0,,,NONE,NONE,UNKNOWN,UNKNOWN,NONE,2026-05-24T11:57:05.026406+00:00,0.0,0.0,,,,,,,,,,,,,,,,,,0.12,90.0,272.61,0.0,0.0,NONE,NONE,NONE,INACTIVE,2026-05-24T11:57:23.285063+00:00,20.0,37.0,-23.0,40.0,44.0,67.0,1.0,14.0,48.0,-3.0,40.0,48.0,51.0,0.0,22.0,2026-05-24T11:57:36.806177+00:00,1.49,4.6,7.25,1.87,1.95,1.25,4.4,1.75,2.22,2.85,1.48,,,,,,14.0,149.0,4985.0,0.6711,0.2174,0.1379,0.5348,0.5128,0.8,0.2273,0.5714,0.4505,0.3509,0.6757,,,,,,2026-05-24T11:57:47.684851+00:00,OK,TIER_1,1,spain_segunda,,,,,,,,,,,,,,,,,,,,,,,,,,,,,,,,,,,,,,,,,,,,,0.0,0.95,30,8,16,9,16,0,28.0,OK_FULL_STATS,,,0.0,0.0,0.0,0.0,0.0,0.0,1.0,1.0,0.0,20.0,3.8,19.75,19.17,0.0952380952380952,0.3809523809523809,-3.96,4.36,0.0,0.0,0.0,0.0,2.36,84.72,A_ANALIZAR_PRIMERO,AWAY_SIDE_OR_AWAY_TEAM_TOTAL_CHECK,0,NOT_TWO_LEG_TIE,,,,0,0,0,0,,1,1.4,True,0.0,3.0,1.5,90.62,27,WATCHLIST
2026-05-24,2026-05-24T17:30:00+01:00,1779640200,Segunda División,141,2025,1392209,NS,Malaga,535,Racing Santander,4665,Spain,NS,Not Started,,,,,,,,,,,,0.0,0.0,0.0,0.0,0.0,0.0,0.0,0.0,0.0,0.0,1.0,0.0,2026-05-24T11:54:44.432905+00:00,COVERAGE_RICH,1.0,1.0,1.0,1.0,1.0,1,0.95,OFFICIAL_API,,8.0,8.0,1.5,1.625,2.125,2.125,1.5,2.125,0.875,0.625,0.375,0.125,0.625,0.625,0.875,0.875,0.625,0.75,2025.0,2025.0,TEAM_LAST_8_ALL_COMPETITIONS,5.0,5.0,1.0,1.0,14.8,15.0,5.0,5.6,52.0,5.2,4.8,11.0,2.6,2.0,5.0,5.0,5.0,1.0,1.0,18.0,12.6,9.4,3.8,54.0,6.6,2.6,14.0,2.8,2.4,4.2,FULL,2026-05-24T11:55:52.235542+00:00,1.0,0.0,1.0,1.0,1.0,0.0,FULL,FULL,LOW,LOW,FULL,2026-05-24T11:57:04.621470+00:00,0.0,0.0,,,,,,,,,,,,,,,,,,0.12,90.0,272.62,0.0,0.0,NONE,NONE,NONE,INACTIVE,2026-05-24T11:57:22.878536+00:00,4.0,69.0,21.0,40.0,72.0,51.0,0.5,1.0,78.0,26.0,40.0,85.0,59.0,1.0,22.0,2026-05-24T11:57:36.804124+00:00,1.66,4.57,4.8,1.45,2.8,1.13,7.0,1.4,3.05,2.05,1.9,,,,,,14.0,151.0,5228.0,0.6024,0.2188,0.2083,0.6897,0.3571,0.885,0.1429,0.7143,0.3279,0.4878,0.5263,,,,,,2026-05-24T11:57:47.050590+00:00,OK,TIER_1,1,spain_segunda,,,,,,,,,,,,,,,,,,,,,,,,,,,,,,,,,,,,,,,,,,,,,0.0,0.95,30,8,16,9,16,4,28.0,OK_FULL_STATS,1.0,0.0,0.0,0.0,0.0,1.0,0.0,0.0,1.0,1.0,0.0,20.0,3.8,20.0,20.0,0.8571428571428572,1.0,-1.22,1.34,0.0,0.0,0.0,0.0,5.37,84.71,A_ANALIZAR_PRIMERO,OVER_OR_BTTS_CHECK,0,NOT_TWO_LEG_TIE,,,,0,0,0,0,,1,1.2,True,0.0,3.0,1.5,90.41,28,WATCHLIST
2026-05-24,2026-05-24T16:00:00+01:00,1779634800,Premier League,39,2025,1379348,NS,West Ham,48,Leeds,63,England,NS,Not Started,,,,,,,,,,,,0.0,0.0,0.0,0.0,0.0,0.0,0.0,0.0,0.0,0.0,4.0,16.0,2026-05-24T11:54:44.432045+00:00,COVERAGE_RICH,1.0,1.0,1.0,1.0,1.0,1,0.95,OFFICIAL_API,,8.0,8.0,1.25,1.625,1.375,1.5,1.375,0.875,0.625,0.625,0.25,0.375,0.5,0.5,0.875,0.625,0.625,0.625,2025.0,2025.0,TEAM_LAST_8_ALL_COMPETITIONS,5.0,5.0,1.0,1.0,14.4,13.8,4.8,4.2,48.4,4.8,3.4,12.8,2.2,2.4,3.2,5.0,5.0,1.0,1.0,14.0,12.2,5.2,4.6,47.2,3.8,7.0,11.8,2.4,0.2,3.6,FULL,2026-05-24T11:55:31.019039+00:00,4.0,16.0,1.0,1.0,4.0,13.2,FULL,FULL,HIGH,HIGH,FULL,2026-05-24T11:57:01.407730+00:00,0.0,0.0,,,,,,,,,,,,,,,,,,0.12,90.0,182.67,0.0,0.0,NONE,NONE,NONE,INACTIVE,2026-05-24T11:57:19.667149+00:00,18.0,36.0,-22.0,37.0,43.0,65.0,1.0,14.0,47.0,-4.0,37.0,49.0,53.0,0.0,20.0,2026-05-24T11:57:36.788032+00:00,1.8,4.26,4.6,1.65,2.25,1.21,4.6,1.7,2.34,2.8,1.52,,,,,,14.0,176.0,6026.0,0.5556,0.2347,0.2174,0.6061,0.4444,0.8264,0.2174,0.5882,0.4274,0.3571,0.6579,,,,,,2026-05-24T11:57:43.837167+00:00,OK,TIER_1,1,england_premier_league,,,,,,,,,,,,,,,,,,,,,,,,,,,,,,,,,,,,,,,,,,,,,0.0,0.95,30,8,16,9,16,4,28.0,OK_FULL_STATS,4.0,13.2,0.0,0.0,0.0,17.2,0.1,0.0,1.0,1.0,0.0,16.18,3.8,13.39,15.59,0.1052631578947368,0.3157894736842105,-6.77,7.45,0.0,0.0,0.0,0.1,2.27,83.8,A_ANALIZAR_PRIMERO,AWAY_SIDE_OR_AWAY_TEAM_TOTAL_CHECK,0,NOT_TWO_LEG_TIE,,,,0,0,0,0,,1,1.4,True,0.0,3.0,1.5,89.7,29,WATCHLIST
2026-05-24,2026-05-24T16:00:00+01:00,1779634800,Premier League,39,2025,1379340,NS,Burnley,44,Wolves,39,England,NS,Not Started,,,,,,,,,,,,0.0,0.0,0.0,0.0,0.0,0.0,0.0,0.0,0.0,0.0,4.0,8.0,2026-05-24T11:54:44.432004+00:00,COVERAGE_RICH,1.0,1.0,1.0,1.0,1.0,1,0.95,OFFICIAL_API,,8.0,8.0,0.125,1.0,0.75,1.0,2.375,1.875,0.5,0.625,0.125,0.125,0.5,0.5,0.75,0.875,0.5,0.625,2025.0,2025.0,TEAM_LAST_8_ALL_COMPETITIONS,5.0,5.0,1.0,1.0,8.2,18.2,3.4,6.6,46.0,4.2,5.6,10.0,2.25,1.4,2.8,5.0,5.0,1.0,1.0,13.0,13.2,3.6,4.0,49.8,4.8,3.8,10.6,2.0,1.2,3.6,FULL,2026-05-24T11:55:16.214638+00:00,4.0,8.0,1.0,1.0,4.0,7.2,FULL,FULL,HIGH,HIGH,FULL,2026-05-24T11:56:58.222341+00:00,0.0,0.0,,,,,,,,,,,,,,,,,,0.12,90.0,182.73,0.0,0.0,NONE,NONE,NONE,INACTIVE,2026-05-24T11:57:16.465464+00:00,19.0,21.0,-37.0,37.0,37.0,74.0,1.0,20.0,19.0,-41.0,37.0,26.0,67.0,1.0,20.0,2026-05-24T11:57:36.771657+00:00,2.56,3.65,2.92,1.67,2.4,1.28,4.55,1.89,2.22,3.05,1.5,,,,,,14.0,175.0,5931.0,0.3906,0.274,0.3425,0.5988,0.4167,0.7812,0.2198,0.5291,0.4505,0.3279,0.6667,,,,,,2026-05-24T11:57:40.581104+00:00,OK,TIER_1,1,england_premier_league,,,,,,,,,,,,,,,,,,,,,,,,,,,,,,,,,,,,,,,,,,,,,0.0,0.95,30,8,16,9,16,4,28.0,OK_FULL_STATS,4.0,7.2,0.0,0.0,0.0,11.2,0.1,0.0,1.0,1.0,0.0,14.96,3.32,12.9,16.78,0.0526315789473684,0.0,-4.75,5.22,0.0,0.0,0.0,0.1,3.28,81.36,A_ANALIZAR_PRIMERO,AWAY_SIDE_OR_AWAY_TEAM_TOTAL_CHECK,0,NOT_TWO_LEG_TIE,,,,0,0,0,0,,1,1.4,True,0.0,3.0,1.5,87.26,30,WATCHLIST
2026-05-24,2026-05-24T19:45:00+01:00,1779648300,Serie A,135,2025,1378238,NS,Lecce,867,Genoa,495,Italy,NS,Not Started,,,,,,,,,,,,0.0,0.0,0.0,0.0,0.0,0.0,0.0,0.0,0.0,0.0,4.0,14.0,2026-05-24T11:54:44.433372+00:00,COVERAGE_RICH,1.0,1.0,1.0,1.0,1.0,1,0.95,OFFICIAL_API,,8.0,8.0,1.0,1.625,0.75,1.0,1.375,1.125,0.5,0.5,0.125,0.25,0.5,0.375,0.75,0.875,0.5,0.375,2025.0,2025.0,TEAM_LAST_8_ALL_COMPETITIONS,5.0,5.0,1.0,1.0,10.0,11.2,2.2,4.6,45.8,3.6,4.6,13.8,2.2,1.4,3.2,5.0,5.0,1.0,1.0,11.0,14.4,3.6,4.8,47.2,3.8,4.4,11.0,1.2,1.25,4.0,FULL,2026-05-24T11:56:08.239389+00:00,4.0,14.0,1.0,1.0,4.0,9.6,FULL,FULL,HIGH,HIGH,FULL,2026-05-24T11:57:07.410969+00:00,0.0,0.0,,,,,,,,,,,,,,,,,,0.12,90.0,407.57,0.0,0.0,NONE,NONE,NONE,INACTIVE,2026-05-24T11:57:25.663462+00:00,17.0,35.0,-23.0,37.0,27.0,50.0,1.0,15.0,41.0,-9.0,37.0,41.0,50.0,0.5,20.0,2026-05-24T11:57:36.818460+00:00,1.87,3.56,5.1,2.15,1.7,1.47,2.92,2.43,1.66,4.75,1.23,,,,,,14.0,173.0,6130.0,0.5348,0.2809,0.1961,0.4651,0.5882,0.6803,0.3425,0.4115,0.6024,0.2105,0.813,,,,,,2026-05-24T11:57:50.134723+00:00,OK,TIER_1,1,italy_serie_a,,,,,,,,,,,,,,,,,,,,,,,,,,,,,,,,,,,,,,,,,,,,,0.0,0.95,30,8,16,9,16,4,28.0,OK_FULL_STATS,4.0,9.6,0.0,0.0,0.0,13.6,0.1,0.0,1.0,1.0,0.0,12.71,2.92,10.27,12.77,0.1578947368421053,0.2631578947368421,-6.22,6.84,0.0,0.0,0.0,0.1,3.07,80.52,A_ANALIZAR_PRIMERO,AWAY_SIDE_OR_AWAY_TEAM_TOTAL_CHECK,0,NOT_TWO_LEG_TIE,,,,0,0,0,0,,1,1.4,True,0.0,3.0,1.5,86.42,31,WATCHLIST
2026-05-24,2026-05-24T14:00:00+01:00,1779627600,Serie A,135,2025,1378241,NS,Parma,523,Sassuolo,488,Italy,NS,Not Started,,,,,,,,,,,,0.0,0.0,0.0,0.0,0.0,0.0,0.0,0.0,0.0,0.0,16.0,18.0,2026-05-24T11:54:44.431207+00:00,COVERAGE_RICH,1.0,1.0,1.0,1.0,1.0,1,0.95,OFFICIAL_API,,8.0,8.0,1.125,1.375,0.625,1.125,1.25,1.0,0.625,0.75,0.375,0.25,0.375,0.625,0.625,0.75,0.125,0.5,2025.0,2025.0,TEAM_LAST_8_ALL_COMPETITIONS,5.0,5.0,1.0,1.0,7.8,13.4,2.4,4.0,40.0,4.0,7.2,7.4,0.8,1.4,3.0,5.0,5.0,1.0,1.0,12.6,14.6,4.4,4.0,47.8,3.8,6.0,13.0,2.6,1.0,3.2,FULL,2026-05-24T11:56:12.643674+00:00,16.0,18.0,1.0,1.0,16.0,15.6,FULL,FULL,HIGH,HIGH,FULL,2026-05-24T11:57:08.215518+00:00,0.0,0.0,,,,,,,,,,,,,,,,,,0.12,90.0,62.56,1.0,0.0,NONE,NONE,NONE,INACTIVE,2026-05-24T11:57:26.470111+00:00,13.0,42.0,-19.0,37.0,27.0,46.0,0.0,11.0,49.0,-3.0,37.0,46.0,49.0,0.0,20.0,2026-05-24T11:57:36.822577+00:00,2.89,3.42,2.65,1.71,2.15,1.31,3.82,1.97,1.97,3.35,1.37,,,,,,14.0,182.0,6185.0,0.346,0.2924,0.3774,0.5848,0.4651,0.7634,0.2618,0.5076,0.5076,0.2985,0.7299,,,,,,2026-05-24T11:57:50.897795+00:00,OK,TIER_1,1,italy_serie_a,,,,,,,,,,,,,,,,,,,,,,,,,,,,,,,,,,,,,,,,,,,,,0.0,0.95,30,8,16,9,16,4,28.0,OK_FULL_STATS,16.0,15.6,0.0,0.0,0.0,31.6,0.1,0.0,1.0,1.0,0.0,13.34,3.23,9.88,13.77,0.368421052631579,0.4736842105263158,-6.94,7.63,0.0,0.0,0.0,0.1,1.35,80.22,A_ANALIZAR_PRIMERO,AWAY_SIDE_OR_AWAY_TEAM_TOTAL_CHECK,0,NOT_TWO_LEG_TIE,,,,0,0,0,0,,1,1.4,True,0.0,3.0,1.5,86.12,32,WATCHLIST
2026-05-24,2026-05-24T16:00:00+01:00,1779634800,Premier League,39,2025,1379345,NS,Nottingham Forest,65,Bournemouth,35,England,NS,Not Started,,,,,,,,,,,,0.0,0.0,0.0,0.0,0.0,0.0,0.0,0.0,0.0,0.0,12.0,6.0,2026-05-24T11:54:44.432030+00:00,COVERAGE_RICH,1.0,1.0,1.0,1.0,1.0,1,0.95,OFFICIAL_API,,8.0,8.0,2.5,1.75,2.375,1.5,0.5,0.875,1.0,0.75,0.5,0.375,0.5,0.625,0.75,0.75,0.5,0.625,2025.0,2025.0,TEAM_LAST_8_ALL_COMPETITIONS,5.0,5.0,1.0,1.0,11.4,11.8,4.8,3.4,46.8,4.8,5.0,11.2,1.4,1.8,2.8,5.0,5.0,1.0,1.0,13.8,11.6,4.6,3.0,51.8,5.8,4.4,11.2,2.4,1.4,4.0,FULL,2026-05-24T11:55:28.619632+00:00,12.0,6.0,1.0,1.0,10.4,5.2,FULL,FULL,HIGH,HIGH,FULL,2026-05-24T11:57:00.216818+00:00,0.0,0.0,,,,,,,,,,,,,,,,,,0.12,90.0,182.69,0.0,0.0,NONE,NONE,NONE,INACTIVE,2026-05-24T11:57:18.479245+00:00,16.0,43.0,-3.0,37.0,47.0,50.0,0.5,6.0,56.0,4.0,37.0,57.0,53.0,0.0,20.0,2026-05-24T11:57:36.781888+00:00,3.66,3.96,2.05,1.5,2.6,1.19,5.3,1.6,2.5,2.46,1.64,,,,,,14.0,176.0,6169.0,0.2732,0.2525,0.4878,0.6667,0.3846,0.8403,0.1887,0.625,0.4,0.4065,0.6098,,,,,,2026-05-24T11:57:42.627752+00:00,OK,TIER_1,1,england_premier_league,,,,,,,,,,,,,,,,,,,,,,,,,,,,,,,,,,,,,,,,,,,,,0.0,0.95,30,8,16,9,16,4,28.0,OK_FULL_STATS,10.4,5.2,0.0,0.0,0.0,15.6,0.1,0.0,1.0,1.0,0.0,18.4,3.8,18.2,12.68,0.2105263157894736,0.736842105263158,1.48,1.63,0.0,0.0,0.0,0.1,2.32,80.25,A_ANALIZAR_PRIMERO,OVER_OR_BTTS_CHECK,0,NOT_TWO_LEG_TIE,,,,0,0,0,0,,1,1.2,True,0.0,3.0,1.5,85.95,33,WATCHLIST
2026-05-24,2026-05-24T20:00:00+01:00,1779649200,Serie A,71,2026,1492272,NS,Cruzeiro,135,Chapecoense-sc,132,Brazil,NS,Not Started,,,,,,,,,,,,0.0,0.0,0.0,0.0,0.0,0.0,0.0,0.0,0.0,0.0,8.0,10.0,2026-05-24T11:54:44.433396+00:00,COVERAGE_RICH,1.0,1.0,1.0,1.0,1.0,1,0.95,OFFICIAL_API,,8.0,8.0,1.75,0.875,1.25,0.875,1.0,1.625,0.875,0.625,0.5,0.125,0.5,0.625,0.625,0.75,0.5,0.625,2026.0,2026.0,TEAM_LAST_8_ALL_COMPETITIONS,5.0,5.0,1.0,1.0,11.8,9.8,3.6,3.0,55.8,3.2,2.8,14.2,3.2,2.0,3.4,5.0,3.0,0.6,1.0,11.0,18.667,2.0,6.0,38.667,4.0,4.667,11.0,3.333,0.5,3.333,PARTIAL,2026-05-24T11:56:50.638964+00:00,8.0,10.0,1.0,1.0,7.2,8.8,FULL,FULL,HIGH,HIGH,FULL,2026-05-24T11:57:12.614920+00:00,0.0,0.0,,,,,,,,,,,,,,,,,,0.12,90.0,422.48,0.0,0.0,NONE,NONE,NONE,INACTIVE,2026-05-24T11:57:31.092970+00:00,15.0,20.0,-5.0,16.0,21.0,26.0,0.5,20.0,9.0,-14.0,15.0,16.0,30.0,1.0,20.0,2026-05-24T11:57:36.845272+00:00,1.37,5.46,9.75,2.1,1.75,1.25,4.37,1.8,2.25,2.9,1.47,,,,,,14.0,167.0,6092.0,0.7299,0.1832,0.1026,0.4762,0.5714,0.8,0.2288,0.5556,0.4444,0.3448,0.6803,,,,,,2026-05-24T11:57:55.318554+00:00,OK,TIER_2,2,brazil_serie_a,,,,,,,,,,,,,,,,,,,,,,,,,,,,,,,,,,,,,,,,,,,,,0.0,0.95,23,8,16,9,16,4,28.0,OK_FULL_STATS,7.2,8.8,0.0,0.0,0.0,16.0,0.1,0.0,1.0,1.0,0.0,14.16,2.37,16.6,9.03,0.2631578947368421,0.0,11.55,12.71,0.0,0.0,0.0,0.1,2.82,80.59,A_ANALIZAR_PRIMERO,HOME_SIDE_OR_HOME_TEAM_TOTAL_CHECK,0,NOT_TWO_LEG_TIE,,,,0,0,0,0,,1,1.4,True,0.0,3.0,0.8,85.79,34,WATCHLIST
2026-05-24,2026-05-24T13:00:00+01:00,1779624000,League One,41,2025,1545176,NS,Bolton,68,Stockport County,4686,England,NS,Not Started,,,,,,,,,,,,0.0,0.0,0.0,0.0,0.0,0.0,0.0,0.0,0.0,0.0,,,2026-05-24T11:54:44.431153+00:00,COVERAGE_RICH,1.0,1.0,1.0,1.0,1.0,1,0.95,OFFICIAL_API,,8.0,8.0,1.125,1.375,1.875,1.875,1.75,1.625,0.75,0.875,0.0,0.125,0.75,0.75,0.875,0.875,0.625,0.75,2025.0,2025.0,TEAM_LAST_8_ALL_COMPETITIONS,5.0,5.0,1.0,1.0,19.0,12.4,6.2,3.6,56.2,5.0,4.8,11.8,2.0,0.6,4.4,5.0,5.0,1.0,1.0,18.2,10.8,7.2,5.6,60.8,7.4,4.4,9.6,2.2,2.8,4.6,FULL,2026-05-24T11:56:39.048337+00:00,,,0.0,0.0,,,NONE,NONE,UNKNOWN,UNKNOWN,NONE,2026-05-24T11:57:11.417368+00:00,1.0,1.0,11.0,11.0,1.0,1.0,1.0,3.0,4.0,4.0,5.0,3.0,1.0,1.0,0.22,0.45,0.45,0.45,0.393,0.0,90.0,2.51,1.0,1.0,FULL,FULL,FULL,ACTIVE,2026-05-24T11:57:29.666100+00:00,5.0,75.0,18.0,46.0,70.0,52.0,0.5,3.0,77.0,13.0,46.0,71.0,58.0,1.0,24.0,2026-05-24T11:57:36.839221+00:00,2.63,3.2,3.01,1.87,1.95,1.38,3.2,2.21,1.73,4.1,1.27,,,,,,14.0,177.0,5437.0,0.3802,0.3125,0.3322,0.5348,0.5128,0.7246,0.3125,0.4525,0.578,0.2439,0.7874,,,,,,2026-05-24T11:57:54.111359+00:00,OK,TIER_2,2,england_league_one,,,,,,,,,,,,,,,,,,,,,,,,,,,,,,,,,,,,,,,,,,,,,0.0,0.95,23,8,16,9,16,0,28.0,OK_FULL_STATS,,,0.0,0.0,0.0,0.0,0.0,0.22,1.0,1.0,0.0,20.0,3.8,19.61,20.0,0.8260869565217391,0.9130434782608696,-3.25,3.58,0.0,0.0,0.0,0.0,5.18,79.98,A_ANALIZAR_PRIMERO,AWAY_SIDE_OR_AWAY_TEAM_TOTAL_CHECK,0,NOT_TWO_LEG_TIE,,,,0,0,0,0,,1,1.4,True,0.0,3.0,0.8,85.18,35,WATCHLIST
2026-05-24,2026-05-24T22:00:00+01:00,1779656400,Major League Soccer,253,2026,1490322,NS,Columbus Crew,1613,Atlanta United FC,1608,USA,NS,Not Started,,,,,,,,,,,,0.0,0.0,0.0,0.0,0.0,0.0,0.0,0.0,0.0,0.0,4.0,6.0,2026-05-24T11:54:44.433688+00:00,COVERAGE_RICH,1.0,1.0,1.0,1.0,1.0,1,0.95,OFFICIAL_API,,8.0,8.0,2.0,1.5,2.25,1.5,1.125,1.375,1.0,0.75,0.25,0.125,0.75,0.625,1.0,0.875,0.75,0.625,2026.0,2026.0,TEAM_LAST_8_ALL_COMPETITIONS,5.0,4.0,0.8,1.0,11.25,9.5,4.0,3.25,57.75,4.25,3.5,11.5,1.5,1.0,3.25,5.0,4.0,0.8,1.0,14.5,11.0,5.0,4.75,50.75,5.5,5.0,13.5,2.5,2.25,5.0,PARTIAL,2026-05-24T11:56:43.036870+00:00,4.0,6.0,1.0,1.0,3.2,4.4,FULL,FULL,HIGH,HIGH,FULL,2026-05-24T11:57:11.810805+00:00,0.0,0.0,,,,,,,,,,,,,,,,,,0.12,90.0,542.5,0.0,0.0,NONE,NONE,NONE,INACTIVE,2026-05-24T11:57:30.081405+00:00,13.0,13.0,-4.0,14.0,19.0,23.0,0.0,14.0,11.0,-7.0,13.0,14.0,21.0,0.0,30.0,2026-05-24T11:57:36.841238+00:00,1.57,4.7,6.0,1.67,2.25,1.18,5.25,1.58,2.48,2.42,1.6,,,,,,13.0,147.0,4461.0,0.6369,0.2128,0.1667,0.5988,0.4444,0.8475,0.1905,0.6329,0.4032,0.4132,0.625,,,,,,2026-05-24T11:57:54.507812+00:00,OK,TIER_2,2,usa_mls,,,,,,,,,,,,,,,,,,,,,,,,,,,,,,,,,,,,,,,,,,,,,0.0,0.95,23,8,16,9,16,4,28.0,OK_FULL_STATS,3.2,4.4,0.0,0.0,0.0,7.6,0.1,0.0,1.0,1.0,0.0,18.94,3.04,19.16,14.48,0.5862068965517242,0.5517241379310345,7.21,7.93,0.0,0.0,0.0,0.1,1.82,79.59,A_ANALIZAR_PRIMERO,HOME_SIDE_OR_HOME_TEAM_TOTAL_CHECK,0,NOT_TWO_LEG_TIE,,,,0,0,0,0,,1,1.4,True,0.0,3.0,0.8,84.79,36,WATCHLIST
2026-05-24,2026-05-24T16:00:00+01:00,1779634800,Premier League,39,2025,1379343,NS,Liverpool,40,Brentford,55,England,NS,Not Started,,,,,,,,,,,,0.0,0.0,0.0,0.0,0.0,0.0,0.0,0.0,0.0,0.0,14.0,6.0,2026-05-24T11:54:44.432020+00:00,COVERAGE_RICH,1.0,1.0,1.0,1.0,1.0,1,0.95,OFFICIAL_API,,8.0,8.0,1.125,1.125,1.25,1.25,1.875,1.0,0.625,0.625,0.125,0.5,0.5,0.5,1.0,0.625,0.625,0.625,2025.0,2025.0,TEAM_LAST_8_ALL_COMPETITIONS,5.0,5.0,1.0,1.0,15.0,14.6,4.8,5.4,55.6,5.4,4.6,10.4,1.25,2.4,4.8,5.0,5.0,1.0,1.0,12.4,12.6,4.0,4.2,49.8,4.6,5.0,8.0,1.0,1.2,3.4,FULL,2026-05-24T11:55:23.811108+00:00,14.0,6.0,1.0,1.0,12.4,6.0,FULL,FULL,HIGH,HIGH,FULL,2026-05-24T11:56:59.422678+00:00,0.0,0.0,,,,,,,,,,,,,,,,,,0.12,90.0,182.71,0.0,0.0,NONE,NONE,NONE,INACTIVE,2026-05-24T11:57:17.676185+00:00,5.0,59.0,10.0,37.0,62.0,52.0,0.5,9.0,52.0,3.0,37.0,54.0,51.0,0.0,20.0,2026-05-24T11:57:36.777734+00:00,1.9,4.32,4.02,1.46,2.75,1.16,6.5,1.5,2.75,2.22,1.77,,,,,,14.0,185.0,6339.0,0.5263,0.2315,0.2488,0.6849,0.3636,0.8621,0.1538,0.6667,0.3636,0.4505,0.565,,,,,,2026-05-24T11:57:41.834720+00:00,OK,TIER_1,1,england_premier_league,,,,,,,,,,,,,,,,,,,,,,,,,,,,,,,,,,,,,,,,,,,,,0.0,0.95,30,8,16,9,16,4,28.0,OK_FULL_STATS,12.4,6.0,0.0,0.0,0.0,18.4,0.1,0.0,1.0,1.0,0.0,16.11,3.8,12.92,16.11,0.7894736842105263,0.5789473684210527,1.24,1.36,0.0,0.0,0.0,0.1,2.99,78.36,A_ANALIZAR_PRIMERO,OVER_OR_BTTS_CHECK,0,NOT_TWO_LEG_TIE,,,,0,0,0,0,,1,1.2,True,0.0,3.0,1.5,84.06,37,WATCHLIST
2026-05-24,2026-05-24T15:00:00+01:00,1779631200,Eliteserien,103,2026,1494668,NS,Bodo/Glimt,327,Brann,319,Norway,NS,Not Started,,,,,,,,,,,,0.0,0.0,0.0,0.0,0.0,0.0,0.0,0.0,0.0,0.0,4.0,22.0,2026-05-24T11:54:44.431547+00:00,COVERAGE_RICH,1.0,1.0,1.0,1.0,1.0,1,0.95,OFFICIAL_API,,8.0,8.0,2.0,1.625,2.0,2.375,1.0,1.25,0.75,0.875,0.5,0.125,0.25,0.75,0.875,0.875,0.625,0.75,2026.0,2026.0,TEAM_LAST_8_ALL_COMPETITIONS,5.0,4.0,0.8,1.0,21.5,8.75,8.0,3.5,61.0,9.75,2.75,8.75,0.333,1.333,7.0,5.0,4.0,0.8,1.0,12.25,13.25,5.0,4.0,52.75,5.75,5.25,14.5,2.25,1.5,4.0,PARTIAL,2026-05-24T11:56:31.435484+00:00,4.0,22.0,1.0,1.0,2.4,20.4,FULL,FULL,MEDIUM,HIGH,FULL,2026-05-24T11:57:10.625823+00:00,0.0,0.0,,,,,,,,,,,,,,,,,,0.12,90.0,122.52,0.0,0.0,NONE,NONE,NONE,INACTIVE,2026-05-24T11:57:28.866480+00:00,3.0,19.0,15.0,9.0,23.0,8.0,0.5,6.0,13.0,7.0,10.0,22.0,15.0,0.0,16.0,2026-05-24T11:57:36.834641+00:00,1.33,6.25,8.5,1.53,2.63,1.11,9.0,1.28,4.1,1.76,2.3,,,,,,14.0,127.0,3950.0,0.7519,0.16,0.1176,0.6536,0.3802,0.9009,0.1111,0.7812,0.2439,0.5682,0.4348,,,,,,2026-05-24T11:57:53.310502+00:00,OK,TIER_2,2,norway_eliteserien,,,,,,,,,,,,,,,,,,,,,,,,,,,,,,,,,,,,,,,,,,,,,0.0,0.95,23,8,16,9,16,4,28.0,OK_FULL_STATS,2.4,20.4,0.0,0.0,0.0,22.8,0.1,0.0,1.0,1.0,0.0,19.23,3.04,18.42,17.14,0.8666666666666667,0.6666666666666667,4.86,5.35,0.0,0.0,0.0,0.1,3.25,78.73,A_ANALIZAR_PRIMERO,HOME_SIDE_OR_HOME_TEAM_TOTAL_CHECK,0,NOT_TWO_LEG_TIE,,,,0,0,0,0,,1,1.4,True,0.0,3.0,0.8,83.93,38,WATCHLIST
2026-05-24,2026-05-24T20:00:00+01:00,1779649200,Serie A,71,2026,1492276,NS,Remo,1198,Atletico Paranaense,134,Brazil,NS,Not Started,,,,,,,,,,,,0.0,0.0,0.0,0.0,0.0,0.0,0.0,0.0,0.0,0.0,10.0,10.0,2026-05-24T11:54:44.433401+00:00,COVERAGE_RICH,1.0,1.0,1.0,1.0,1.0,1,0.95,OFFICIAL_API,,8.0,8.0,1.625,1.375,1.5,1.25,1.375,1.0,0.875,0.5,0.125,0.375,0.75,0.375,0.75,0.625,0.625,0.5,2026.0,2026.0,TEAM_LAST_8_ALL_COMPETITIONS,5.0,4.0,0.8,1.0,11.75,12.5,4.5,6.25,42.5,3.25,5.25,11.5,1.0,1.5,3.25,5.0,5.0,1.0,1.0,14.4,8.0,6.0,1.6,55.4,4.8,3.4,15.8,3.2,1.6,2.6,PARTIAL,2026-05-24T11:56:54.255129+00:00,10.0,10.0,1.0,1.0,10.0,8.4,FULL,FULL,HIGH,HIGH,FULL,2026-05-24T11:57:13.011416+00:00,0.0,0.0,,,,,,,,,,,,,,,,,,0.12,90.0,422.48,0.0,0.0,NONE,NONE,NONE,INACTIVE,2026-05-24T11:57:31.316783+00:00,19.0,15.0,-8.0,16.0,19.0,27.0,1.0,5.0,24.0,4.0,16.0,21.0,17.0,0.5,20.0,2026-05-24T11:57:36.847280+00:00,2.67,3.3,3.1,1.8,2.0,1.38,3.4,2.14,1.77,3.81,1.29,,,,,,14.0,168.0,5962.0,0.3745,0.303,0.3226,0.5556,0.5,0.7246,0.2941,0.4673,0.565,0.2625,0.7752,,,,,,2026-05-24T11:57:55.724712+00:00,OK,TIER_2,2,brazil_serie_a,,,,,,,,,,,,,,,,,,,,,,,,,,,,,,,,,,,,,,,,,,,,,0.0,0.95,23,8,16,9,16,4,28.0,OK_FULL_STATS,10.0,8.4,0.0,0.0,0.0,18.4,0.1,0.0,1.0,1.0,0.0,15.83,3.42,13.84,15.25,0.0526315789473684,0.7894736842105263,-7.08,7.79,0.0,0.0,0.0,0.1,3.75,78.27,A_ANALIZAR_PRIMERO,AWAY_SIDE_OR_AWAY_TEAM_TOTAL_CHECK,0,NOT_TWO_LEG_TIE,,,,0,0,0,0,,1,1.4,True,0.0,3.0,0.8,83.47,39,WATCHLIST
2026-05-24,2026-05-24T15:30:00+01:00,1779633000,Allsvenskan,113,2026,1494183,NS,Malmo FF,375,Vasteras SK FK,2241,Sweden,NS,Not Started,,,,,,,,,,,,0.0,0.0,0.0,0.0,0.0,0.0,0.0,0.0,0.0,0.0,4.0,8.0,2026-05-24T11:54:44.431942+00:00,COVERAGE_RICH,1.0,1.0,1.0,1.0,1.0,1,0.95,OFFICIAL_API,,8.0,8.0,1.75,1.5,1.5,1.75,1.125,2.0,1.0,0.875,0.375,0.125,0.625,0.75,0.625,0.875,0.375,0.875,2026.0,2026.0,TEAM_LAST_8_ALL_COMPETITIONS,5.0,5.0,1.0,1.0,12.4,15.0,4.0,5.6,47.2,4.6,7.2,12.8,1.6,0.4,4.4,5.0,5.0,1.0,1.0,10.4,17.4,3.6,5.2,45.6,5.4,5.8,13.0,1.2,1.667,2.6,FULL,2026-05-24T11:56:25.032528+00:00,4.0,8.0,1.0,1.0,3.6,5.6,FULL,FULL,HIGH,HIGH,FULL,2026-05-24T11:57:09.816228+00:00,0.0,0.0,,,,,,,,,,,,,,,,,,0.12,90.0,152.53,0.0,0.0,NONE,NONE,NONE,INACTIVE,2026-05-24T11:57:28.081230+00:00,10.0,10.0,-2.0,8.0,13.0,15.0,0.0,13.0,9.0,-5.0,8.0,10.0,15.0,0.5,16.0,2026-05-24T11:57:36.830647+00:00,1.73,4.01,4.9,1.75,2.1,1.24,4.33,1.75,2.14,2.88,1.44,,,,,,14.0,128.0,3793.0,0.578,0.2494,0.2041,0.5714,0.4762,0.8065,0.2309,0.5714,0.4673,0.3472,0.6944,,,,,,2026-05-24T11:57:52.484585+00:00,OK,TIER_2,2,sweden_allsvenskan,,,,,,,,,,,,,,,,,,,,,,,,,,,,,,,,,,,,,,,,,,,,,0.0,0.95,23,8,16,9,16,4,28.0,OK_FULL_STATS,3.6,5.6,0.0,0.0,0.0,9.2,0.1,0.0,1.0,1.0,0.0,18.96,3.62,19.16,16.14,0.4,0.1999999999999999,4.69,5.16,0.0,0.0,0.0,0.1,1.76,76.78,A_ANALIZAR_PRIMERO,HOME_SIDE_OR_HOME_TEAM_TOTAL_CHECK,0,NOT_TWO_LEG_TIE,,,,0,0,0,0,,1,1.4,True,0.0,3.0,0.8,81.98,40,WATCHLIST
2026-05-24,2026-05-24T16:00:00+01:00,1779634800,Premier League,39,2025,1379342,NS,Fulham,36,Newcastle,34,England,NS,Not Started,,,,,,,,,,,,0.0,0.0,0.0,0.0,0.0,0.0,0.0,0.0,0.0,0.0,6.0,10.0,2026-05-24T11:54:44.432014+00:00,COVERAGE_RICH,1.0,1.0,1.0,1.0,1.0,1,0.95,OFFICIAL_API,,8.0,8.0,1.0,0.875,0.5,1.25,1.0,2.0,0.25,0.875,0.375,0.125,0.125,0.75,0.375,0.75,0.25,0.625,2025.0,2025.0,TEAM_LAST_8_ALL_COMPETITIONS,5.0,5.0,1.0,1.0,15.0,13.6,3.4,4.8,48.0,4.8,5.8,9.8,1.5,2.2,6.2,5.0,5.0,1.0,1.0,12.2,12.8,3.8,4.6,52.0,3.8,5.4,10.2,2.2,0.8,3.6,FULL,2026-05-24T11:55:21.826366+00:00,6.0,10.0,1.0,1.0,5.2,9.6,FULL,FULL,HIGH,HIGH,FULL,2026-05-24T11:56:59.017856+00:00,0.0,0.0,,,,,,,,,,,,,,,,,,0.12,90.0,182.71,0.0,0.0,NONE,NONE,NONE,INACTIVE,2026-05-24T11:57:17.269756+00:00,13.0,49.0,-6.0,37.0,45.0,51.0,0.0,11.0,49.0,0.0,37.0,53.0,53.0,0.0,20.0,2026-05-24T11:57:36.775703+00:00,2.85,3.84,2.55,1.53,2.63,1.2,5.5,1.62,2.5,2.5,1.66,,,,,,14.0,175.0,5907.0,0.3509,0.2604,0.3922,0.6536,0.3802,0.8333,0.1818,0.6173,0.4,0.4,0.6024,,,,,,2026-05-24T11:57:41.401907+00:00,OK,TIER_1,1,england_premier_league,,,,,,,,,,,,,,,,,,,,,,,,,,,,,,,,,,,,,,,,,,,,,0.0,0.95,30,8,16,9,16,4,28.0,OK_FULL_STATS,5.2,9.6,0.0,0.0,0.0,14.8,0.1,0.0,1.0,1.0,0.0,13.71,3.72,11.66,14.04,0.368421052631579,0.4736842105263158,-2.8,3.08,0.0,0.0,0.0,0.1,1.35,76.04,A_ANALIZAR_PRIMERO,AWAY_SIDE_OR_AWAY_TEAM_TOTAL_CHECK,0,NOT_TWO_LEG_TIE,,,,0,0,0,0,,1,1.4,True,0.0,3.0,1.5,81.94,41,WATCHLIST
2026-05-24,2026-05-24T16:00:00+01:00,1779634800,Premier League,39,2025,1379346,NS,Sunderland,746,Chelsea,49,England,NS,Not Started,,,,,,,,,,,,0.0,0.0,0.0,0.0,0.0,0.0,0.0,0.0,0.0,0.0,12.0,10.0,2026-05-24T11:54:44.432035+00:00,COVERAGE_RICH,1.0,1.0,1.0,1.0,1.0,1,0.95,OFFICIAL_API,,8.0,8.0,1.25,0.75,1.0,1.125,1.625,2.0,0.625,0.375,0.25,0.25,0.375,0.125,0.5,0.75,0.375,0.75,2025.0,2025.0,TEAM_LAST_8_ALL_COMPETITIONS,5.0,5.0,1.0,1.0,12.8,14.4,4.4,6.2,49.0,3.6,6.2,13.6,3.6,1.0,4.2,5.0,5.0,1.0,1.0,13.6,10.6,2.6,5.0,53.0,6.4,4.8,10.8,2.2,3.0,6.6,FULL,2026-05-24T11:55:29.413514+00:00,12.0,10.0,1.0,1.0,10.4,8.8,FULL,FULL,HIGH,HIGH,FULL,2026-05-24T11:57:00.618745+00:00,0.0,0.0,,,,,,,,,,,,,,,,,,0.12,90.0,182.69,0.0,0.0,NONE,NONE,NONE,INACTIVE,2026-05-24T11:57:18.866067+00:00,10.0,51.0,-7.0,37.0,40.0,47.0,0.0,8.0,52.0,7.0,37.0,57.0,50.0,0.0,20.0,2026-05-24T11:57:36.784002+00:00,3.52,3.8,2.14,1.67,2.25,1.26,4.33,1.83,2.14,2.92,1.45,,,,,,14.0,183.0,6097.0,0.2841,0.2632,0.4673,0.5988,0.4444,0.7937,0.2309,0.5464,0.4673,0.3425,0.6897,,,,,,2026-05-24T11:57:42.902929+00:00,OK,TIER_1,1,england_premier_league,,,,,,,,,,,,,,,,,,,,,,,,,,,,,,,,,,,,,,,,,,,,,0.0,0.95,30,8,16,9,16,4,28.0,OK_FULL_STATS,10.4,8.8,0.0,0.0,0.0,19.2,0.1,0.0,1.0,1.0,0.0,14.54,3.63,15.37,13.07,0.5263157894736843,0.631578947368421,0.76,0.84,0.0,0.0,0.0,0.1,1.85,75.13,A_ANALIZAR_PRIMERO,OVER_OR_BTTS_CHECK,0,NOT_TWO_LEG_TIE,,,,0,0,0,0,,1,1.2,True,0.0,3.0,1.5,80.83,42,WATCHLIST
2026-05-24,2026-05-24T22:30:00+01:00,1779658200,Serie A,71,2026,1492270,NS,Corinthians,131,Atletico-MG,1062,Brazil,NS,Not Started,,,,,,,,,,,,0.0,0.0,0.0,0.0,0.0,0.0,0.0,0.0,0.0,0.0,10.0,6.0,2026-05-24T11:54:44.433774+00:00,COVERAGE_RICH,1.0,1.0,1.0,1.0,1.0,1,0.95,OFFICIAL_API,,8.0,8.0,1.875,1.25,1.0,1.125,0.375,1.625,0.75,0.5,0.75,0.0,0.25,0.5,0.5,0.75,0.125,0.625,2026.0,2026.0,TEAM_LAST_8_ALL_COMPETITIONS,5.0,5.0,1.0,1.0,11.6,11.6,3.6,4.8,59.8,5.0,3.4,10.6,1.4,2.0,3.8,5.0,5.0,1.0,1.0,12.2,13.6,5.6,4.8,47.2,5.2,3.8,10.6,2.8,2.25,3.2,FULL,2026-05-24T11:56:47.038215+00:00,10.0,6.0,1.0,1.0,9.6,5.2,FULL,FULL,HIGH,HIGH,FULL,2026-05-24T11:57:12.221000+00:00,0.0,0.0,,,,,,,,,,,,,,,,,,0.12,90.0,572.49,0.0,0.0,NONE,NONE,NONE,INACTIVE,2026-05-24T11:57:30.476239+00:00,16.0,18.0,-4.0,16.0,14.0,18.0,0.5,11.0,21.0,-1.0,16.0,21.0,22.0,0.0,20.0,2026-05-24T11:57:36.843259+00:00,1.87,3.55,5.25,2.2,1.67,1.48,2.88,2.48,1.6,5.0,1.21,,,,,,14.0,168.0,6007.0,0.5348,0.2817,0.1905,0.4545,0.5988,0.6757,0.3472,0.4032,0.625,0.2,0.8264,,,,,,2026-05-24T11:57:54.921828+00:00,OK,TIER_2,2,brazil_serie_a,,,,,,,,,,,,,,,,,,,,,,,,,,,,,,,,,,,,,,,,,,,,,0.0,0.95,23,8,16,9,16,4,28.0,OK_FULL_STATS,9.6,5.2,0.0,0.0,0.0,14.8,0.1,0.0,1.0,1.0,0.0,13.93,3.8,15.11,9.81,0.2105263157894736,0.4736842105263158,4.58,5.04,0.0,0.0,0.0,0.1,1.89,71.76,A_ANALIZAR_PRIMERO,HOME_SIDE_OR_HOME_TEAM_TOTAL_CHECK,0,NOT_TWO_LEG_TIE,,,,0,0,0,0,,1,1.4,True,0.0,3.0,0.8,76.96,43,WATCHLIST
2026-05-24,2026-05-24T16:00:00+01:00,1779634800,Ligue 2,62,2025,1545225,NS,Laval,433,Rouen,3221,France,NS,Not Started,,,,,,,,,,,,0.0,0.0,0.0,0.0,0.0,0.0,0.0,0.0,0.0,0.0,,,2026-05-24T11:54:44.432591+00:00,COVERAGE_RICH,1.0,1.0,1.0,1.0,1.0,1,0.95,OFFICIAL_API,,8.0,8.0,1.25,1.25,1.125,1.0,1.5,1.0,0.5,0.625,0.375,0.375,0.375,0.625,0.75,0.625,0.5,0.5,2025.0,2025.0,TEAM_LAST_8_ALL_COMPETITIONS,5.0,5.0,1.0,1.0,7.8,14.4,3.4,5.0,38.8,3.6,5.4,12.0,1.8,1.4,2.0,5.0,0.0,0.0,0.0,,,,,,,,,,,,SPARSE,2026-05-24T11:55:08.621589+00:00,,,0.0,0.0,,,NONE,NONE,UNKNOWN,UNKNOWN,NONE,2026-05-24T11:56:57.413150+00:00,0.0,0.0,,,,,,,,,,,,,,,,,,0.12,90.0,182.74,0.0,0.0,NONE,NONE,NONE,INACTIVE,2026-05-24T11:57:15.682433+00:00,16.0,32.0,-18.0,34.0,30.0,48.0,1.0,,,,,,,,18.0,2026-05-24T11:57:36.767559+00:00,2.15,3.25,3.96,1.95,1.87,1.45,3.1,2.35,1.68,4.27,1.23,,,,,,14.0,124.0,3160.0,0.4651,0.3077,0.2525,0.5128,0.5348,0.6897,0.3226,0.4255,0.5952,0.2342,0.813,,,,,,2026-05-24T11:57:39.798588+00:00,OK,TIER_1,1,france_ligue_2,,,,,,,,,,,,,,,,,,,,,,,,,,,,,,,,,,,,,,,,,,,,,0.0,0.95,30,8,16,5,9,0,23.58,OK_FULL_STATS,,,0.0,0.0,0.0,0.0,0.0,0.0,1.0,1.0,0.0,11.49,0.72,10.2,9.89,0.1176470588235294,0.0,3.8,4.18,0.0,0.0,0.0,0.0,1.79,71.04,A_ANALIZAR_PRIMERO,HOME_SIDE_OR_HOME_TEAM_TOTAL_CHECK,0,NOT_TWO_LEG_TIE,,,,0,0,0,0,,1,1.4,True,0.0,3.0,1.5,76.94,44,WATCHLIST
