shortlist_rank,shortlist_bucket,analysis_label,date,country,league,fixture_id,home_team,away_team,selection_score,vsigma_pre_score,confidence_band,likely_scoreline,market_primary,market_alt,edge_floor_band,base_execution_verdict,base_final_recommendation,execution_verdict,final_recommendation,production_governance_status,production_governance_rule_count,production_governance_premium_rule_count,production_governance_standard_rule_count,production_governance_generic_rule_count,production_governance_best_evidence_tier,production_governance_top_rule,production_governance_matched_rules,production_governance_note,execution_fragility_reason,execution_market_fit_status,execution_market_fit_note,execution_preferred_safer_market,primary_model_prob,primary_odds_used,primary_implied_prob,primary_edge,alt_model_prob,alt_odds_used,alt_implied_prob,alt_edge,projected_home_goals,projected_away_goals,projected_total_goals,league_coverage_class,league_data_reliability_score,league_coverage_rich_flag,league_has_odds_coverage,league_has_fixture_stats_coverage,league_has_injuries_coverage,league_has_lineups_coverage,league_has_predictions_coverage,league_stats_reliability_multiplier,league_coverage_uncertainty_penalty,league_coverage_source_status,league_coverage_note,recent_stats_quality_flag,recent_stats_process_score,recent_lab_context_score,home_recent_lab_trust_multiplier,away_recent_lab_trust_multiplier,home_recent_opponent_strength_avg,away_recent_opponent_strength_avg,home_recent_schedule_difficulty_score,away_recent_schedule_difficulty_score,home_recent_schedule_quality_flag,away_recent_schedule_quality_flag,recent_schedule_balance_delta,home_recent_anomaly_count_last5,away_recent_anomaly_count_last5,home_recent_clean_sample_size,away_recent_clean_sample_size,home_recent_anomaly_penalty,away_recent_anomaly_penalty,home_recent_event_coverage_flag,away_recent_event_coverage_flag,recent_sample_cleanliness_flag,odds_imp_over15,odds_imp_over25,odds_imp_under35,odds_imp_btts_yes,odds_imp_home_win,odds_imp_draw,odds_imp_away_win,odds_imp_home_dnb,odds_imp_away_dnb,odds_market_support_count,odds_bookmaker_support_count,odds_dispersion_score,odds_structure_coherence_flag,odds_total_ladder_shape,odds_goal_expectation_band,odds_side_fragility_flag,odds_btts_support_flag,odds_over25_support_flag,odds_over15_support_flag,odds_under35_support_flag,odds_market_translation_hint,odds_line_aggression_flag,odds_confidence_adjustment_score,odds_structure_depth_status,home_recent_stats_matches_used,away_recent_stats_matches_used,home_recent_stats_coverage_ratio,away_recent_stats_coverage_ratio,home_injuries_count,away_injuries_count,home_injuries_coverage_flag,away_injuries_coverage_flag,home_absence_risk_score,away_absence_risk_score,home_absence_severity_flag,away_absence_severity_flag,injuries_quality_flag,availability_known_risk_score,availability_uncertainty_penalty,availability_attack_penalty,home_lineup_available_flag,away_lineup_available_flag,home_lineup_quality_flag,away_lineup_quality_flag,lineup_quality_flag,lineup_activation_state,lineup_activation_window_minutes,lineup_minutes_to_kickoff,lineup_timing_eligible_flag,lineup_structural_confidence_flag,home_lineup_known_starters_count,away_lineup_known_starters_count,home_lineup_bench_known_flag,away_lineup_bench_known_flag,home_lineup_attacker_count,away_lineup_attacker_count,home_lineup_defender_count,away_lineup_defender_count,home_lineup_midfielder_count,away_lineup_midfielder_count,home_lineup_goalkeeper_known_flag,away_lineup_goalkeeper_known_flag,home_lineup_attack_continuity_score,away_lineup_attack_continuity_score,home_lineup_defense_continuity_score,away_lineup_defense_continuity_score,lineup_confirmation_score,lineup_uncertainty_penalty,lineup_score_nudge,vsigma_priority,market_family_hint,tie_state_label,tie_adjustment_note,reason_1,reason_2,reason_3,home_rank,away_rank,home_urgency_score,away_urgency_score,home_form_pts,away_form_pts,home_goals_for_pg,away_goals_for_pg,home_goals_against_pg,away_goals_against_pg,home_scored_rate,away_scored_rate,home_clean_sheet_rate,away_clean_sheet_rate,home_btts_rate,away_btts_rate,home_over15_rate,away_over15_rate,home_over25_rate,away_over25_rate,home_recent_shots_for_pg,away_recent_shots_for_pg,home_recent_shots_against_pg,away_recent_shots_against_pg,home_recent_sot_for_pg,away_recent_sot_for_pg,home_recent_sot_against_pg,away_recent_sot_against_pg,home_recent_possession_pct,away_recent_possession_pct,home_recent_corners_for_pg,away_recent_corners_for_pg,home_recent_corners_against_pg,away_recent_corners_against_pg,home_recent_fouls_pg,away_recent_fouls_pg,home_recent_yellow_pg,away_recent_yellow_pg,home_recent_offsides_pg,away_recent_offsides_pg,home_recent_blocked_shots_pg,away_recent_blocked_shots_pg,score_fulltime_home,score_fulltime_away,goals_home,goals_away,status,resolved_home_goals,resolved_away_goals,match_finished_flag,primary_result,alt_result,primary_profit_units,alt_profit_units,actionable_flag,actionable_result,actionable_profit_units
1,TOP_CORE,TOP_CORE,2026-05-04,Spain,Segunda División,1392179,Almeria,Mirandes,104.49,98.59,HIGH,2-1 / 3-1 / 2-2,OVER_2_5,BTTS_YES,STRONG,TOP_CORE,BET,TOP_CORE,BET,APPROVED_BY_PREMIUM_PROMOTED_RULE,13,13,0,0,PREMIUM_EVIDENCE,model_edge_abs_num >= 0.115531,model_edge_abs_num >= 0.115531 | primary_edge >= 0.115531 | model_edge_abs_num >= 0.131684 | model_edge_abs_num >= 0.136433 | primary_edge >= 0.131684 | primary_edge >= 0.136433 | model_edge_abs_num >= 0.128099 | model_edge_abs_num >= 0.129431 | model_edge_abs_num >= 0.138141 | primary_edge >= 0.128099 | primary_edge >= 0.129431 | primary_edge >= 0.138141 | model_edge_abs_num >= 0.146275,Actionable recommendation matched premium promoted-rule evidence.,,SAFE_OK,Execution market translation passed hardening gates.,,0.8224,1.5,0.6666666666666666,0.1557333333333334,0.7528,1.64,0.6097560975609756,0.1430439024390244,2.88,1.6,4.48,COVERAGE_RICH,0.95,1,1.0,1.0,1.0,1.0,1.0,0.95,0.0,OFFICIAL_API,,FULL,3.8,-0.33,0.955,0.962,0.656,0.483,0.312,-0.034,FULL,FULL,0.173,2.0,1.0,3.0,4.0,0.7,0.35,SUPPORTED,SUPPORTED,POLLUTED,0.862069,0.666667,0.568182,0.609756,0.694444,0.191939,0.142857,,,7.0,13.0,0.0,RICH_COHERENT,WIDE_GOALS,HIGH,SIDE_PRICE_CLEANER,SUPPORTED,SUPPORTED,SUPPORTED,WEAK,ALLOW_AGGRESSIVE_TOTAL,OVER_2_5_SUPPORTED,0.03,FALLBACK_EXISTING_ODDS,5.0,5.0,1.0,1.0,,,NONE,NONE,,,UNKNOWN,UNKNOWN,NONE,0.0,0.0,0.0,1.0,1.0,FULL,FULL,FULL,ADVISORY_ONLY,90.0,-9371.07,0.0,1.0,11.0,11.0,1.0,1.0,1.0,3.0,4.0,4.0,5.0,3.0,1.0,1.0,0.22,0.45,0.45,0.45,0.393,0.0,0.0,A_ANALIZAR_PRIMERO,HOME_SIDE_OR_HOME_TEAM_TOTAL_CHECK,,,Proj goles: local 2.88 | visitante 1.60,Market edge primario: prob 0.822 | impl 0.667 | edge +0.156,Bias lado: +2.43 | tie=nan | hint=HOME_SIDE_OR_HOME_TEAM_TOTAL_CHECK | coverage=COVERAGE_RICH rel=0.95 stats=1.0 odds=1.0 inj=1.0 lineups=1.0 | stats=FULL hSOT=5.80 aSOT=5.60 | lab_sched=FULL/FULL trust=0.95/0.96 clean=POLLUTED | odds_depth=RICH_COHERENT ladder=WIDE_GOALS hint=ALLOW_AGGRESSIVE_TOTAL line=OVER_2_5_SUPPORTED | availability=COVERAGE_TOO_WEAK_FOR_CONFIDENCE inj=NONE hRisk=nan aRisk=nan | lineup=LINEUP_UNCERTAIN_ADVISORY state=ADVISORY_ONLY q=FULL hXI=11 aXI=11 conf=0.39,3.0,20.0,1.0,1.0,1.875,1.5,2.25,1.5,2.0,1.625,0.75,0.875,0.0,0.0,0.75,0.875,1.0,1.0,0.75,0.75,14.6,13.8,15.2,15.2,5.8,5.6,6.4,4.4,52.4,45.6,3.4,6.8,5.2,3.8,14.0,13.4,2.4,2.8,1.8,2.2,2.8,4.0,4,2,4,2,FT,4.0,2.0,1,WIN,WIN,0.5,0.64,1,WIN,0.5
2,TOP_CORE,TOP_CORE,2026-05-04,England,Premier League,1379314,Everton,Manchester City,102.21,96.31,HIGH,1-2 / 1-3 / 2-2,OVER_2_5,OVER_1_5,STRONG,TOP_CORE,BET,TOP_CORE,BET,APPROVED_BY_PREMIUM_PROMOTED_RULE,2,2,0,0,PREMIUM_EVIDENCE,model_edge_abs_num >= 0.115531,model_edge_abs_num >= 0.115531 | primary_edge >= 0.115531,Actionable recommendation matched premium promoted-rule evidence.,,SAFE_OK,Execution market translation passed hardening gates.,,0.7248,1.65,0.6060606060606061,0.1187393939393939,0.8895,1.2,0.8333333333333334,0.0561666666666665,1.18,2.59,3.77,COVERAGE_RICH,0.95,1,1.0,1.0,1.0,1.0,1.0,0.95,0.0,OFFICIAL_API,,FULL,3.8,-0.01,0.988,1.01,0.645,0.565,0.29,0.13,FULL,PARTIAL,0.08,1.0,0.0,4.0,3.0,0.35,0.0,SUPPORTED,PARTIAL,MIXED,0.833333,0.606061,0.636943,0.564972,0.140845,0.204918,0.657895,,,7.0,13.0,0.0,RICH_COHERENT,BROAD_GOALS,HIGH,SIDE_PRICE_CLEANER,SUPPORTED,SUPPORTED,SUPPORTED,MIXED,ALLOW_AGGRESSIVE_TOTAL,OVER_2_5_SUPPORTED,0.03,FALLBACK_EXISTING_ODDS,5.0,5.0,1.0,1.0,6.0,6.0,FULL,FULL,6.0,5.6,HIGH,HIGH,FULL,11.6,0.0,0.1,1.0,1.0,FULL,FULL,FULL,ADVISORY_ONLY,90.0,-9341.07,0.0,1.0,11.0,11.0,1.0,1.0,1.0,1.0,4.0,4.0,5.0,5.0,1.0,1.0,0.22,0.22,0.45,0.45,0.335,0.0,0.0,A_ANALIZAR_PRIMERO,AWAY_SIDE_OR_AWAY_TEAM_TOTAL_CHECK,,,Proj goles: local 1.18 | visitante 2.59,Market edge primario: prob 0.725 | impl 0.606 | edge +0.119,Bias lado: -2.88 | tie=nan | hint=AWAY_SIDE_OR_AWAY_TEAM_TOTAL_CHECK | coverage=COVERAGE_RICH rel=0.95 stats=1.0 odds=1.0 inj=1.0 lineups=1.0 | stats=FULL hSOT=5.20 aSOT=7.00 | lab_sched=FULL/PARTIAL trust=0.99/1.01 clean=MIXED | odds_depth=RICH_COHERENT ladder=BROAD_GOALS hint=ALLOW_AGGRESSIVE_TOTAL line=OVER_2_5_SUPPORTED | availability=ABSENCE_RISK_HIGH inj=FULL hRisk=6.00 aRisk=5.60 | lineup=LINEUP_UNCERTAIN_ADVISORY state=ADVISORY_ONLY q=FULL hXI=11 aXI=11 conf=0.34,10.0,2.0,0.0,1.0,1.25,2.375,1.5,2.0,1.375,0.625,0.75,1.0,0.25,0.5,0.5,0.5,0.875,0.875,0.625,0.625,10.8,19.6,15.6,9.0,5.2,7.0,4.8,3.0,43.2,61.0,2.8,9.0,5.6,3.4,8.8,11.2,2.0,1.5,2.0,0.8,3.0,6.8,3,3,3,3,FT,3.0,3.0,1,WIN,WIN,0.65,0.2,1,WIN,0.65
3,CORE_SHORTLIST,CORE,2026-05-04,England,Premier League,1379313,Chelsea,Nottingham Forest,97.7,91.8,HIGH,1-2 / 1-3 / 2-2,AWAY_WIN,OVER_2_5,STRONG,CORE_SHORTLIST,BET,WATCH,WATCH,APPROVED_BY_PREMIUM_PROMOTED_RULE,25,13,12,0,PREMIUM_EVIDENCE,model_edge_abs_num >= 0.115531,model_edge_abs_num >= 0.115531 | primary_edge >= 0.115531 | model_edge_abs_num >= 0.131684 | model_edge_abs_num >= 0.136433 | primary_edge >= 0.131684 | primary_edge >= 0.136433 | model_edge_abs_num >= 0.167733 | primary_edge >= 0.167733 | model_edge_abs_num >= 0.176245 | primary_edge >= 0.176245 | model_edge_abs_num >= 0.164431 | primary_edge >= 0.164431 | model_edge_abs_num >= 0.184762 | primary_edge >= 0.184762 | model_edge_abs_num >= 0.169424 | primary_edge >= 0.169424 | model_edge_abs_num >= 0.128099 | model_edge_abs_num >= 0.129431 | model_edge_abs_num >= 0.138141 | primary_edge >= 0.128099 | primary_edge >= 0.129431 | primary_edge >= 0.138141 | model_edge_abs_num >= 0.178059 | primary_edge >= 0.178059 | model_edge_abs_num >= 0.146275,Actionable recommendation matched premium promoted-rule evidence.,AWAY_WIN_DRAW_RISK,MARKET_FIT_DOWNGRADED,"AWAY_WIN requires premium governance, core base verdict, usable odds, and strict model probability/edge strength.",,0.6938,5.3,0.1886792452830188,0.5051207547169811,0.6887,1.76,0.5681818181818182,0.1205181818181817,1.04,2.52,3.56,COVERAGE_RICH,0.95,1,1.0,1.0,1.0,1.0,1.0,0.95,0.0,OFFICIAL_API,,FULL,3.8,0.31,1.053,1.024,0.829,0.648,0.658,0.296,PARTIAL,FULL,0.181,0.0,0.0,3.0,3.0,0.0,0.0,PARTIAL,PARTIAL,CLEAN,0.806452,0.568182,0.680272,0.595238,0.571429,0.242718,0.188679,,,7.0,13.0,0.0,RICH_COHERENT,BROAD_GOALS,HIGH,SIDE_PRICE_CLEANER,SUPPORTED,SUPPORTED,SUPPORTED,SUPPORTED,ALLOW_AGGRESSIVE_TOTAL,OVER_2_5_SUPPORTED,0.03,FALLBACK_EXISTING_ODDS,5.0,5.0,1.0,1.0,10.0,16.0,FULL,FULL,9.2,16.0,HIGH,HIGH,FULL,25.2,0.0,0.1,1.0,1.0,FULL,FULL,FULL,ADVISORY_ONLY,90.0,-9641.07,0.0,1.0,11.0,11.0,1.0,1.0,1.0,2.0,4.0,4.0,5.0,4.0,1.0,1.0,0.22,0.45,0.45,0.45,0.393,0.0,0.0,A_ANALIZAR_PRIMERO,AWAY_SIDE_OR_AWAY_TEAM_TOTAL_CHECK,,,Proj goles: local 1.04 | visitante 2.52,Market edge primario: prob 0.694 | impl 0.189 | edge +0.505,Bias lado: -2.57 | tie=nan | hint=AWAY_SIDE_OR_AWAY_TEAM_TOTAL_CHECK | coverage=COVERAGE_RICH rel=0.95 stats=1.0 odds=1.0 inj=1.0 lineups=1.0 | stats=FULL hSOT=3.80 aSOT=4.80 | lab_sched=PARTIAL/FULL trust=1.05/1.02 clean=CLEAN | odds_depth=RICH_COHERENT ladder=BROAD_GOALS hint=ALLOW_AGGRESSIVE_TOTAL line=OVER_2_5_SUPPORTED | availability=ABSENCE_RISK_HIGH inj=FULL hRisk=9.20 aRisk=16.00 | lineup=LINEUP_UNCERTAIN_ADVISORY state=ADVISORY_ONLY q=FULL hXI=11 aXI=11 conf=0.39,9.0,15.0,0.0,0.5,0.75,2.5,1.0,2.25,1.75,0.5,0.25,1.0,0.25,0.5,0.0,0.5,0.625,0.75,0.625,0.5,13.4,13.2,10.2,10.0,3.8,4.8,4.2,3.4,54.8,48.4,6.0,6.0,5.0,3.6,10.4,12.2,1.6,1.6,3.4,1.6,5.8,3.6,1,3,1,3,FT,1.0,3.0,1,WIN,WIN,4.3,0.76,0,SKIPPED,
4,CORE_SHORTLIST,CORE,2026-05-04,Italy,Serie A,1378207,Cremonese,Lazio,97.18,91.28,HIGH,1-2 / 0-1 / 1-1,AWAY_WIN,OVER_1_5,STRONG,CORE_SHORTLIST,BET,CORE_SHORTLIST,BET,APPROVED_BY_PREMIUM_PROMOTED_RULE,25,13,12,0,PREMIUM_EVIDENCE,model_edge_abs_num >= 0.115531,model_edge_abs_num >= 0.115531 | primary_edge >= 0.115531 | model_edge_abs_num >= 0.131684 | model_edge_abs_num >= 0.136433 | primary_edge >= 0.131684 | primary_edge >= 0.136433 | model_edge_abs_num >= 0.167733 | primary_edge >= 0.167733 | model_edge_abs_num >= 0.176245 | primary_edge >= 0.176245 | model_edge_abs_num >= 0.164431 | primary_edge >= 0.164431 | model_edge_abs_num >= 0.184762 | primary_edge >= 0.184762 | model_edge_abs_num >= 0.169424 | primary_edge >= 0.169424 | model_edge_abs_num >= 0.128099 | model_edge_abs_num >= 0.129431 | model_edge_abs_num >= 0.138141 | primary_edge >= 0.128099 | primary_edge >= 0.129431 | primary_edge >= 0.138141 | model_edge_abs_num >= 0.178059 | primary_edge >= 0.178059 | model_edge_abs_num >= 0.146275,Actionable recommendation matched premium promoted-rule evidence.,,SAFE_OK,Execution market translation passed hardening gates.,,0.7941,2.44,0.4098360655737705,0.3842639344262295,0.7986,1.39,0.7194244604316548,0.0791755395683452,0.54,2.45,2.99,COVERAGE_RICH,0.95,1,1.0,1.0,1.0,1.0,1.0,0.95,0.0,OFFICIAL_API,,FULL,3.45,-0.08,0.972,1.008,0.542,0.553,0.084,0.106,FULL,PARTIAL,-0.011,1.0,0.0,4.0,4.0,0.35,0.0,SUPPORTED,SUPPORTED,MIXED,0.719424,0.452489,0.78125,0.52356,0.301205,0.30303,0.409836,,,7.0,13.0,0.0,RICH_COHERENT,BALANCED,MEDIUM,DRAW_LIVE_FRAGILITY,MIXED,WEAK,MIXED,SUPPORTED,CAUTION_FRAGILE_SIDE,NEUTRAL,-0.015,FALLBACK_EXISTING_ODDS,5.0,5.0,1.0,1.0,2.0,10.0,FULL,FULL,2.0,9.6,MEDIUM,HIGH,FULL,11.6,0.0,0.1,1.0,1.0,FULL,FULL,FULL,ADVISORY_ONLY,90.0,-9491.07,0.0,1.0,11.0,11.0,1.0,1.0,3.0,3.0,3.0,4.0,4.0,3.0,1.0,1.0,0.45,0.45,0.45,0.45,0.45,0.0,0.0,A_ANALIZAR_PRIMERO,AWAY_SIDE_OR_AWAY_TEAM_TOTAL_CHECK,,,Proj goles: local 0.54 | visitante 2.45,Market edge primario: prob 0.794 | impl 0.410 | edge +0.384,Bias lado: -3.36 | tie=nan | hint=AWAY_SIDE_OR_AWAY_TEAM_TOTAL_CHECK | coverage=COVERAGE_RICH rel=0.95 stats=1.0 odds=1.0 inj=1.0 lineups=1.0 | stats=FULL hSOT=3.40 aSOT=4.40 | lab_sched=FULL/PARTIAL trust=0.97/1.01 clean=MIXED | odds_depth=RICH_COHERENT ladder=BALANCED hint=CAUTION_FRAGILE_SIDE line=NEUTRAL | availability=ABSENCE_RISK_HIGH inj=FULL hRisk=2.00 aRisk=9.60 | lineup=LINEUP_UNCERTAIN_ADVISORY state=ADVISORY_ONLY q=FULL hXI=11 aXI=11 conf=0.45,18.0,8.0,1.0,0.0,0.5,1.875,0.625,1.5,1.875,0.875,0.5,0.875,0.25,0.375,0.375,0.5,0.75,0.75,0.5,0.25,8.4,11.0,13.6,14.4,3.4,4.4,4.6,3.8,51.8,48.2,3.8,4.6,4.2,6.2,13.8,11.6,1.5,2.2,1.0,0.25,2.2,2.4,1,2,1,2,FT,1.0,2.0,1,WIN,WIN,1.44,0.39,1,WIN,1.44
5,CORE_SHORTLIST,CORE,2026-05-04,Italy,Serie A,1378211,AS Roma,Fiorentina,96.74,90.84,HIGH,2-1 / 3-1 / 2-2,OVER_1_5,OVER_2_5,STRONG,CORE_SHORTLIST,BET,WATCH,WATCH,DOWNGRADED_NO_PROMOTED_RULE_MATCH,0,0,0,0,,,,Base actionable recommendation did not match any production-ready promoted rule.,,SAFE_OK,Execution market translation passed hardening gates.,,0.8628,1.3,0.7692307692307692,0.0935692307692308,0.6768,1.91,0.5235602094240838,0.1532397905759162,2.11,1.38,3.49,COVERAGE_RICH,0.95,1,1.0,1.0,1.0,1.0,1.0,0.95,0.0,OFFICIAL_API,,FULL,3.67,0.06,1.004,1.01,0.525,0.564,0.05,0.128,FULL,FULL,-0.039,0.0,0.0,5.0,3.0,0.0,0.0,SUPPORTED,PARTIAL,CLEAN,0.769231,0.52356,0.719424,0.512821,0.613497,0.230947,0.136799,,,7.0,13.0,0.0,RICH_COHERENT,BALANCED,MEDIUM,SIDE_PRICE_CLEANER,MIXED,MIXED,SUPPORTED,SUPPORTED,NEUTRAL,NEUTRAL,0.0,FALLBACK_EXISTING_ODDS,5.0,5.0,1.0,1.0,10.0,10.0,FULL,FULL,9.6,10.0,HIGH,HIGH,FULL,19.6,0.0,0.1,1.0,1.0,FULL,FULL,FULL,ADVISORY_ONLY,90.0,-9356.07,0.0,1.0,11.0,11.0,1.0,1.0,3.0,3.0,3.0,4.0,4.0,3.0,1.0,1.0,0.45,0.45,0.45,0.45,0.45,0.0,0.0,A_ANALIZAR_PRIMERO,HOME_SIDE_OR_HOME_TEAM_TOTAL_CHECK,,,Proj goles: local 2.11 | visitante 1.38,Market edge primario: prob 0.863 | impl 0.769 | edge +0.094,Bias lado: +1.40 | tie=nan | hint=HOME_SIDE_OR_HOME_TEAM_TOTAL_CHECK | coverage=COVERAGE_RICH rel=0.95 stats=1.0 odds=1.0 inj=1.0 lineups=1.0 | stats=FULL hSOT=3.80 aSOT=3.60 | lab_sched=FULL/FULL trust=1.00/1.01 clean=CLEAN | odds_depth=RICH_COHERENT ladder=BALANCED hint=NEUTRAL line=NEUTRAL | availability=ABSENCE_RISK_HIGH inj=FULL hRisk=9.60 aRisk=10.00 | lineup=LINEUP_UNCERTAIN_ADVISORY state=ADVISORY_ONLY q=FULL hXI=11 aXI=11 conf=0.45,5.0,15.0,0.5,0.5,1.375,1.875,1.75,1.0,1.625,0.875,1.0,0.75,0.375,0.375,0.625,0.5,0.875,0.625,0.5,0.375,11.4,11.8,10.4,12.8,3.8,3.6,4.2,4.0,52.6,48.6,5.8,4.2,5.0,3.8,11.0,12.2,1.6,3.2,2.0,1.25,3.4,2.8,4,0,4,0,FT,4.0,0.0,1,WIN,WIN,0.3,0.91,0,SKIPPED,
6,WATCHLIST,WATCH,2026-05-04,Portugal,Primeira Liga,1396524,Sporting CP,Guimaraes,96.17,90.27,HIGH,2-1 / 1-0 / 2-0,UNDER_3_5,BTTS_YES,STRONG,WATCH,BET,WATCH,WATCH,DOWNGRADED_NO_PROMOTED_RULE_MATCH,0,0,0,0,,,,Base actionable recommendation did not match any production-ready promoted rule.,,SAFE_OK,Execution market translation passed hardening gates.,,0.6698,1.69,0.591715976331361,0.0780840236686389,0.5843,1.91,0.5235602094240838,0.0607397905759162,1.53,1.37,2.9,COVERAGE_RICH,0.95,1,1.0,1.0,1.0,1.0,1.0,0.95,0.0,OFFICIAL_API,,FULL,3.8,-0.32,0.966,0.955,0.538,0.439,0.076,-0.122,PARTIAL,FULL,0.099,1.0,1.0,2.0,4.0,0.4,0.35,PARTIAL,SUPPORTED,MIXED,0.854701,0.657895,0.591716,0.52356,0.746269,0.16,0.100503,,,7.0,13.0,0.0,RICH_COHERENT,WIDE_GOALS,HIGH,SIDE_PRICE_CLEANER,MIXED,SUPPORTED,SUPPORTED,WEAK,ALLOW_AGGRESSIVE_TOTAL,OVER_2_5_SUPPORTED,0.03,FALLBACK_EXISTING_ODDS,5.0,5.0,1.0,1.0,,,NONE,NONE,,,UNKNOWN,UNKNOWN,NONE,0.0,0.0,0.0,1.0,1.0,FULL,FULL,FULL,ADVISORY_ONLY,90.0,-9326.07,0.0,1.0,11.0,11.0,1.0,1.0,1.0,1.0,4.0,4.0,5.0,5.0,1.0,1.0,0.22,0.22,0.45,0.45,0.335,0.0,0.0,A_ANALIZAR_PRIMERO,HOME_SIDE_OR_HOME_TEAM_TOTAL_CHECK,,,Proj goles: local 1.53 | visitante 1.37,Market edge primario: prob 0.670 | impl 0.592 | edge +0.078,Bias lado: +0.90 | tie=nan | hint=HOME_SIDE_OR_HOME_TEAM_TOTAL_CHECK | coverage=COVERAGE_RICH rel=0.95 stats=1.0 odds=1.0 inj=1.0 lineups=1.0 | stats=FULL hSOT=4.20 aSOT=3.80 | lab_sched=PARTIAL/FULL trust=0.97/0.95 clean=MIXED | odds_depth=RICH_COHERENT ladder=WIDE_GOALS hint=ALLOW_AGGRESSIVE_TOTAL line=OVER_2_5_SUPPORTED | availability=COVERAGE_TOO_WEAK_FOR_CONFIDENCE inj=NONE hRisk=nan aRisk=nan | lineup=LINEUP_UNCERTAIN_ADVISORY state=ADVISORY_ONLY q=FULL hXI=11 aXI=11 conf=0.34,3.0,8.0,1.0,0.0,1.25,1.375,1.125,1.375,1.0,1.125,0.625,0.75,0.375,0.375,0.5,0.375,0.5,0.875,0.375,0.375,13.2,12.8,13.4,9.8,4.2,3.8,3.0,3.8,60.0,53.6,4.8,4.2,5.4,5.0,11.2,12.2,1.8,1.8,2.0,1.4,3.0,2.8,5,1,5,1,FT,5.0,1.0,1,LOSS,WIN,-1.0,0.91,0,SKIPPED,
7,WATCHLIST,WATCH,2026-05-04,Spain,La Liga,1391156,Sevilla,Real Sociedad,93.0,87.1,HIGH,1-2 / 1-3 / 2-2,OVER_1_5,OVER_2_5,STRONG,WATCH,BET,WATCH,BET,APPROVED_BY_PREMIUM_PROMOTED_RULE,17,13,4,0,PREMIUM_EVIDENCE,model_edge_abs_num >= 0.115531,model_edge_abs_num >= 0.115531 | primary_edge >= 0.115531 | model_edge_abs_num >= 0.131684 | model_edge_abs_num >= 0.136433 | primary_edge >= 0.131684 | primary_edge >= 0.136433 | model_edge_abs_num >= 0.167733 | primary_edge >= 0.167733 | model_edge_abs_num >= 0.164431 | primary_edge >= 0.164431 | model_edge_abs_num >= 0.128099 | model_edge_abs_num >= 0.129431 | model_edge_abs_num >= 0.138141 | primary_edge >= 0.128099 | primary_edge >= 0.129431 | primary_edge >= 0.138141 | model_edge_abs_num >= 0.146275,Actionable recommendation matched premium promoted-rule evidence.,,SAFE_OK,Execution market translation passed hardening gates.,,0.894,1.38,0.7246376811594204,0.1693623188405796,0.7335,2.16,0.4629629629629629,0.2705370370370371,1.45,2.37,3.82,COVERAGE_RICH,0.95,1,1.0,1.0,1.0,1.0,1.0,0.95,0.0,OFFICIAL_API,,FULL,3.16,-0.84,0.92,0.871,0.436,0.413,-0.128,-0.174,FULL,PARTIAL,0.023,2.0,3.0,3.0,1.0,0.7,1.15,SUPPORTED,SUPPORTED,POLLUTED,0.724638,0.462963,0.735294,0.555556,0.396825,0.289855,0.318471,,,7.0,13.0,0.0,RICH_COHERENT,MILD_GOALS,MEDIUM,DRAW_LIVE_FRAGILITY,SUPPORTED,WEAK,SUPPORTED,SUPPORTED,PREFER_MILDER_TOTAL,PREFER_OVER_1_5,-0.015,FALLBACK_EXISTING_ODDS,5.0,5.0,1.0,1.0,6.0,8.0,FULL,FULL,5.6,8.0,HIGH,HIGH,FULL,13.6,0.0,0.1,1.0,1.0,FULL,FULL,FULL,ADVISORY_ONLY,90.0,-9341.07,0.0,1.0,11.0,11.0,1.0,1.0,2.0,1.0,4.0,4.0,4.0,5.0,1.0,1.0,0.45,0.22,0.45,0.45,0.393,0.0,0.0,A_ANALIZAR_PRIMERO,AWAY_SIDE_OR_AWAY_TEAM_TOTAL_CHECK,,,Proj goles: local 1.45 | visitante 2.37,Market edge primario: prob 0.894 | impl 0.725 | edge +0.169,Bias lado: -1.79 | tie=nan | hint=AWAY_SIDE_OR_AWAY_TEAM_TOTAL_CHECK | coverage=COVERAGE_RICH rel=0.95 stats=1.0 odds=1.0 inj=1.0 lineups=1.0 | stats=FULL hSOT=1.20 aSOT=5.40 | lab_sched=FULL/PARTIAL trust=0.92/0.87 clean=POLLUTED | odds_depth=RICH_COHERENT ladder=MILD_GOALS hint=PREFER_MILDER_TOTAL line=PREFER_OVER_1_5 | availability=ABSENCE_RISK_HIGH inj=FULL hRisk=5.60 aRisk=8.00 | lineup=LINEUP_UNCERTAIN_ADVISORY state=ADVISORY_ONLY q=FULL hXI=11 aXI=11 conf=0.39,13.0,8.0,0.0,0.0,0.625,1.125,1.0,2.0,2.0,2.0,0.625,0.875,0.0,0.125,0.625,0.75,0.875,0.875,0.5,0.75,9.6,14.2,10.4,13.6,1.2,5.4,4.0,3.8,43.4,51.8,5.2,7.2,4.2,4.8,12.2,12.8,3.0,3.0,2.2,2.8,2.8,4.2,1,0,1,0,FT,1.0,0.0,1,LOSS,LOSS,-1.0,-1.0,1,LOSS,-1.0
8,WATCHLIST,WATCH,2026-05-04,Sweden,Allsvenskan,1494154,Djurgardens IF,IFK Goteborg,92.04,86.84,HIGH,2-1 / 3-1 / 2-2,OVER_2_5,BTTS_YES,STRONG,WATCH,BET,WATCH,BET,APPROVED_BY_PREMIUM_PROMOTED_RULE,25,13,12,0,PREMIUM_EVIDENCE,model_edge_abs_num >= 0.115531,model_edge_abs_num >= 0.115531 | primary_edge >= 0.115531 | model_edge_abs_num >= 0.131684 | model_edge_abs_num >= 0.136433 | primary_edge >= 0.131684 | primary_edge >= 0.136433 | model_edge_abs_num >= 0.167733 | primary_edge >= 0.167733 | model_edge_abs_num >= 0.176245 | primary_edge >= 0.176245 | model_edge_abs_num >= 0.164431 | primary_edge >= 0.164431 | model_edge_abs_num >= 0.184762 | primary_edge >= 0.184762 | model_edge_abs_num >= 0.169424 | primary_edge >= 0.169424 | model_edge_abs_num >= 0.128099 | model_edge_abs_num >= 0.129431 | model_edge_abs_num >= 0.138141 | primary_edge >= 0.128099 | primary_edge >= 0.129431 | primary_edge >= 0.138141 | model_edge_abs_num >= 0.178059 | primary_edge >= 0.178059 | model_edge_abs_num >= 0.146275,Actionable recommendation matched premium promoted-rule evidence.,,SAFE_OK,Execution market translation passed hardening gates.,,0.7711,1.79,0.5586592178770949,0.212440782122905,0.7348,1.8,0.5555555555555556,0.1792444444444444,2.43,1.64,4.07,COVERAGE_RICH,0.95,1,1.0,1.0,1.0,1.0,1.0,0.95,0.0,OFFICIAL_API,,FULL,3.8,-0.2,0.952,0.999,0.64,0.494,0.28,-0.012,FULL,FULL,0.146,2.0,0.0,3.0,5.0,0.7,0.0,SUPPORTED,SUPPORTED,MIXED,0.8,0.558659,0.704225,0.555556,0.595238,0.249377,0.188679,,,7.0,13.0,0.0,RICH_COHERENT,BALANCED,MEDIUM,SIDE_PRICE_CLEANER,SUPPORTED,SUPPORTED,SUPPORTED,SUPPORTED,NEUTRAL,NEUTRAL,0.0,FALLBACK_EXISTING_ODDS,5.0,5.0,1.0,1.0,4.0,10.0,FULL,FULL,3.6,8.8,HIGH,HIGH,FULL,12.4,0.0,0.1,1.0,1.0,FULL,FULL,FULL,ADVISORY_ONLY,90.0,-9461.07,0.0,1.0,11.0,11.0,1.0,1.0,1.0,2.0,4.0,4.0,5.0,4.0,1.0,1.0,0.22,0.45,0.45,0.45,0.393,0.0,0.0,A_ANALIZAR_PRIMERO,HOME_SIDE_OR_HOME_TEAM_TOTAL_CHECK,,,Proj goles: local 2.43 | visitante 1.64,Market edge primario: prob 0.771 | impl 0.559 | edge +0.212,Bias lado: +1.63 | tie=nan | hint=HOME_SIDE_OR_HOME_TEAM_TOTAL_CHECK | coverage=COVERAGE_RICH rel=0.95 stats=1.0 odds=1.0 inj=1.0 lineups=1.0 | stats=FULL hSOT=4.80 aSOT=4.60 | lab_sched=FULL/FULL trust=0.95/1.00 clean=MIXED | odds_depth=RICH_COHERENT ladder=BALANCED hint=NEUTRAL line=NEUTRAL | availability=ABSENCE_RISK_HIGH inj=FULL hRisk=3.60 aRisk=8.80 | lineup=LINEUP_UNCERTAIN_ADVISORY state=ADVISORY_ONLY q=FULL hXI=11 aXI=11 conf=0.39,4.0,15.0,0.5,1.0,2.0,1.25,1.75,1.875,1.25,1.5,0.875,0.75,0.125,0.125,0.75,0.625,0.75,1.0,0.625,0.5,15.4,15.0,10.2,12.0,4.8,4.6,3.8,5.0,59.2,56.8,6.6,5.4,2.4,4.6,12.6,10.6,2.0,2.6,1.6,1.6,4.0,4.2,6,0,6,0,FT,6.0,0.0,1,WIN,LOSS,0.79,-1.0,1,WIN,0.79
9,WATCHLIST,WATCH,2026-05-04,Austria,Bundesliga,1531252,Lask Linz,Rapid Vienna,88.19,82.99,HIGH,2-1 / 3-1 / 2-2,OVER_2_5,BTTS_YES,STRONG,WATCH,BET,WATCH,BET,APPROVED_BY_PREMIUM_PROMOTED_RULE,25,13,12,0,PREMIUM_EVIDENCE,model_edge_abs_num >= 0.115531,model_edge_abs_num >= 0.115531 | primary_edge >= 0.115531 | model_edge_abs_num >= 0.131684 | model_edge_abs_num >= 0.136433 | primary_edge >= 0.131684 | primary_edge >= 0.136433 | model_edge_abs_num >= 0.167733 | primary_edge >= 0.167733 | model_edge_abs_num >= 0.176245 | primary_edge >= 0.176245 | model_edge_abs_num >= 0.164431 | primary_edge >= 0.164431 | model_edge_abs_num >= 0.184762 | primary_edge >= 0.184762 | model_edge_abs_num >= 0.169424 | primary_edge >= 0.169424 | model_edge_abs_num >= 0.128099 | model_edge_abs_num >= 0.129431 | model_edge_abs_num >= 0.138141 | primary_edge >= 0.128099 | primary_edge >= 0.129431 | primary_edge >= 0.138141 | model_edge_abs_num >= 0.178059 | primary_edge >= 0.178059 | model_edge_abs_num >= 0.146275,Actionable recommendation matched premium promoted-rule evidence.,,SAFE_OK,Execution market translation passed hardening gates.,,0.809,1.75,0.5714285714285714,0.2375714285714286,0.7706,1.62,0.6172839506172839,0.153316049382716,2.55,1.81,4.36,COVERAGE_RICH,0.95,1,1.0,1.0,1.0,1.0,1.0,0.95,0.0,OFFICIAL_API,,PARTIAL,3.42,-0.1,0.937,1.038,0.826,0.736,0.652,0.472,PARTIAL,FULL,0.09,3.0,0.0,1.0,5.0,1.15,0.0,SUPPORTED,SUPPORTED,POLLUTED,0.819672,0.571429,0.653595,0.617284,0.505051,0.25641,0.246305,,,7.0,13.0,0.0,RICH_COHERENT,BROAD_GOALS,HIGH,SIDE_PRICE_CLEANER,SUPPORTED,SUPPORTED,SUPPORTED,MIXED,ALLOW_AGGRESSIVE_TOTAL,OVER_2_5_SUPPORTED,0.03,FALLBACK_EXISTING_ODDS,4.0,5.0,0.8,1.0,,,NONE,NONE,,,UNKNOWN,UNKNOWN,NONE,0.0,0.0,0.0,1.0,1.0,FULL,FULL,FULL,ADVISORY_ONLY,90.0,-9371.07,0.0,1.0,11.0,11.0,1.0,1.0,2.0,3.0,5.0,3.0,3.0,4.0,1.0,1.0,0.45,0.45,0.45,0.45,0.45,0.0,0.0,A_ANALIZAR_PRIMERO,HOME_SIDE_OR_HOME_TEAM_TOTAL_CHECK,,,Proj goles: local 2.55 | visitante 1.81,Market edge primario: prob 0.809 | impl 0.571 | edge +0.238,Bias lado: +1.45 | tie=nan | hint=HOME_SIDE_OR_HOME_TEAM_TOTAL_CHECK | coverage=COVERAGE_RICH rel=0.95 stats=1.0 odds=1.0 inj=1.0 lineups=1.0 | stats=PARTIAL hSOT=6.00 aSOT=2.40 | lab_sched=PARTIAL/FULL trust=0.94/1.04 clean=POLLUTED | odds_depth=RICH_COHERENT ladder=BROAD_GOALS hint=ALLOW_AGGRESSIVE_TOTAL line=OVER_2_5_SUPPORTED | availability=COVERAGE_TOO_WEAK_FOR_CONFIDENCE inj=NONE hRisk=nan aRisk=nan | lineup=LINEUP_UNCERTAIN_ADVISORY state=ADVISORY_ONLY q=FULL hXI=11 aXI=11 conf=0.45,3.0,5.0,0.5,0.0,2.125,1.75,2.75,1.25,1.625,1.125,1.0,0.75,0.0,0.375,1.0,0.375,1.0,0.625,0.75,0.25,18.25,10.2,10.5,9.4,6.0,2.4,3.0,3.0,42.75,64.0,4.0,6.2,4.75,5.0,10.5,9.2,2.25,2.8,1.0,1.8,3.25,3.6,3,1,3,1,FT,3.0,1.0,1,WIN,WIN,0.75,0.62,1,WIN,0.75
10,WATCHLIST,WATCH,2026-05-04,Norway,Eliteserien,1494651,Bodo/Glimt,Molde,86.97,81.77,HIGH,2-1 / 3-1 / 2-2,BTTS_YES,OVER_2_5,STRONG,WATCH,BET,WATCH,BET,APPROVED_BY_PREMIUM_PROMOTED_RULE,2,2,0,0,PREMIUM_EVIDENCE,model_edge_abs_num >= 0.115531,model_edge_abs_num >= 0.115531 | primary_edge >= 0.115531,Actionable recommendation matched premium promoted-rule evidence.,,SAFE_OK,Execution market translation passed hardening gates.,,0.7863,1.5,0.6666666666666666,0.1196333333333333,0.8209,1.3,0.7692307692307692,0.0516692307692308,2.53,1.93,4.46,COVERAGE_RICH,0.95,1,1.0,1.0,1.0,1.0,1.0,0.95,0.0,OFFICIAL_API,,PARTIAL,3.42,-0.43,0.945,0.947,0.376,0.604,-0.248,0.208,PARTIAL,FULL,-0.228,1.0,2.0,3.0,3.0,0.35,0.7,SUPPORTED,SUPPORTED,POLLUTED,0.917431,0.769231,0.469484,0.666667,0.735294,0.16129,0.121212,,,7.0,13.0,0.0,RICH_COHERENT,WIDE_GOALS,HIGH,SIDE_PRICE_CLEANER,SUPPORTED,SUPPORTED,SUPPORTED,WEAK,ALLOW_AGGRESSIVE_TOTAL,OVER_2_5_SUPPORTED,0.03,FALLBACK_EXISTING_ODDS,4.0,5.0,0.8,1.0,2.0,12.0,FULL,FULL,2.0,12.0,MEDIUM,HIGH,FULL,14.0,0.0,0.1,1.0,1.0,FULL,FULL,FULL,ADVISORY_ONLY,90.0,-9461.07,0.0,1.0,11.0,11.0,1.0,1.0,3.0,1.0,4.0,4.0,3.0,5.0,1.0,1.0,0.45,0.22,0.45,0.45,0.393,0.0,0.0,A_ANALIZAR_PRIMERO,HOME_SIDE_OR_HOME_TEAM_TOTAL_CHECK,,,Proj goles: local 2.53 | visitante 1.93,Market edge primario: prob 0.786 | impl 0.667 | edge +0.120,Bias lado: +1.18 | tie=nan | hint=HOME_SIDE_OR_HOME_TEAM_TOTAL_CHECK | coverage=COVERAGE_RICH rel=0.95 stats=1.0 odds=1.0 inj=1.0 lineups=1.0 | stats=PARTIAL hSOT=7.00 aSOT=5.00 | lab_sched=PARTIAL/FULL trust=0.94/0.95 clean=POLLUTED | odds_depth=RICH_COHERENT ladder=WIDE_GOALS hint=ALLOW_AGGRESSIVE_TOTAL line=OVER_2_5_SUPPORTED | availability=ABSENCE_RISK_HIGH inj=FULL hRisk=2.00 aRisk=12.00 | lineup=LINEUP_UNCERTAIN_ADVISORY state=ADVISORY_ONLY q=FULL hXI=11 aXI=11 conf=0.39,4.0,5.0,0.5,0.0,2.375,1.625,2.5,2.25,0.875,1.375,0.875,0.875,0.625,0.125,0.25,0.75,1.0,0.875,0.75,0.625,19.25,13.4,11.5,11.6,7.0,5.0,4.5,5.2,64.0,60.6,8.5,5.0,3.5,4.0,8.0,13.8,1.0,1.8,0.333,0.6,6.5,1.2,0,1,0,1,FT,0.0,1.0,1,LOSS,LOSS,-1.0,-1.0,1,LOSS,-1.0
11,WATCHLIST,WATCH,2026-05-04,Denmark,Superliga,1530582,FC Midtjylland,Viborg,86.93,81.73,HIGH,2-1 / 3-1 / 2-2,UNDER_3_5,BTTS_YES,PLAYABLE,WATCH,LEAN_PLAY,WATCH,WATCH,DOWNGRADED_NO_PROMOTED_RULE_MATCH,0,0,0,0,,,,Base actionable recommendation did not match any production-ready promoted rule.,,SAFE_OK,Execution market translation passed hardening gates.,,0.6408,1.67,0.5988023952095809,0.0419976047904191,0.6052,1.62,0.6172839506172839,-0.0120839506172839,1.64,1.39,3.03,COVERAGE_RICH,0.95,1,1.0,1.0,1.0,1.0,1.0,0.95,0.0,OFFICIAL_API,,FULL,3.8,0.38,1.057,1.037,0.859,0.729,0.718,0.458,FULL,FULL,0.13,0.0,0.0,5.0,5.0,0.0,0.0,SUPPORTED,SUPPORTED,CLEAN,0.854701,0.653595,0.598802,0.617284,0.636943,0.21692,0.16,,,7.0,13.0,0.0,RICH_COHERENT,WIDE_GOALS,HIGH,SIDE_PRICE_CLEANER,SUPPORTED,SUPPORTED,SUPPORTED,WEAK,ALLOW_AGGRESSIVE_TOTAL,OVER_2_5_SUPPORTED,0.03,FALLBACK_EXISTING_ODDS,5.0,5.0,1.0,1.0,8.0,14.0,FULL,FULL,6.8,11.6,HIGH,HIGH,FULL,18.4,0.0,0.1,1.0,1.0,FULL,FULL,FULL,ADVISORY_ONLY,90.0,-9461.07,0.0,1.0,11.0,11.0,1.0,1.0,3.0,1.0,3.0,4.0,4.0,5.0,1.0,1.0,0.45,0.22,0.45,0.45,0.393,0.0,0.0,A_ANALIZAR_PRIMERO,HOME_SIDE_OR_HOME_TEAM_TOTAL_CHECK,,,Proj goles: local 1.64 | visitante 1.39,Market edge primario: prob 0.641 | impl 0.599 | edge +0.042,Bias lado: +0.76 | tie=nan | hint=HOME_SIDE_OR_HOME_TEAM_TOTAL_CHECK | coverage=COVERAGE_RICH rel=0.95 stats=1.0 odds=1.0 inj=1.0 lineups=1.0 | stats=FULL hSOT=3.40 aSOT=5.00 | lab_sched=FULL/FULL trust=1.06/1.04 clean=CLEAN | odds_depth=RICH_COHERENT ladder=WIDE_GOALS hint=ALLOW_AGGRESSIVE_TOTAL line=OVER_2_5_SUPPORTED | availability=ABSENCE_RISK_HIGH inj=FULL hRisk=6.80 aRisk=11.60 | lineup=LINEUP_UNCERTAIN_ADVISORY state=ADVISORY_ONLY q=FULL hXI=11 aXI=11 conf=0.39,2.0,5.0,1.0,0.0,1.5,1.25,1.25,1.0,1.125,1.0,0.75,0.875,0.125,0.375,0.75,0.5,0.75,0.625,0.625,0.375,13.8,13.0,11.2,15.2,3.4,5.0,4.2,4.8,53.8,45.0,6.4,4.4,4.4,4.4,15.6,9.4,3.0,2.2,1.5,1.6,4.4,1.4,3,3,3,3,FT,3.0,3.0,1,LOSS,WIN,-1.0,0.62,0,SKIPPED,
12,WATCHLIST,WATCH,2026-05-04,Sweden,Allsvenskan,1494157,Halmstad,IF Brommapojkarna,84.47,79.27,HIGH,1-2 / 1-3 / 2-2,OVER_1_5,AWAY_WIN,STRONG,WATCH,BET,WATCH,WATCH,DOWNGRADED_NO_PROMOTED_RULE_MATCH,0,0,0,0,,,,Base actionable recommendation did not match any production-ready promoted rule.,,SAFE_OK,Execution market translation passed hardening gates.,,0.805,1.33,0.7518796992481203,0.0531203007518797,0.6249,2.44,0.4098360655737705,0.2150639344262295,0.97,2.06,3.03,COVERAGE_RICH,0.95,1,1.0,1.0,1.0,1.0,1.0,0.95,0.0,OFFICIAL_API,,FULL,3.15,-0.13,1.003,0.964,0.521,0.496,0.042,-0.008,FULL,FULL,0.025,0.0,1.0,5.0,4.0,0.0,0.35,SUPPORTED,SUPPORTED,MIXED,0.75188,0.485437,0.763359,0.555556,0.326797,0.30303,0.409836,,,7.0,12.0,0.0,RICH_COHERENT,MILD_GOALS,MEDIUM,DRAW_LIVE_FRAGILITY,SUPPORTED,WEAK,SUPPORTED,SUPPORTED,PREFER_MILDER_TOTAL,PREFER_OVER_1_5,-0.015,FALLBACK_EXISTING_ODDS,5.0,5.0,1.0,1.0,0.0,2.0,FULL,FULL,0.0,2.0,LOW,MEDIUM,FULL,2.0,0.0,0.0,1.0,1.0,FULL,FULL,FULL,ADVISORY_ONLY,90.0,-9461.07,0.0,1.0,11.0,11.0,1.0,1.0,1.0,2.0,4.0,3.0,5.0,4.0,1.0,1.0,0.22,0.45,0.45,0.45,0.393,0.0,0.0,A_ANALIZAR_PRIMERO,AWAY_SIDE_OR_AWAY_TEAM_TOTAL_CHECK,,,Proj goles: local 0.97 | visitante 2.06,Market edge primario: prob 0.805 | impl 0.752 | edge +0.053,Bias lado: -1.80 | tie=nan | hint=AWAY_SIDE_OR_AWAY_TEAM_TOTAL_CHECK | coverage=COVERAGE_RICH rel=0.95 stats=1.0 odds=1.0 inj=1.0 lineups=1.0 | stats=FULL hSOT=3.20 aSOT=3.80 | lab_sched=FULL/FULL trust=1.00/0.96 clean=MIXED | odds_depth=RICH_COHERENT ladder=MILD_GOALS hint=PREFER_MILDER_TOTAL line=PREFER_OVER_1_5 | availability=AVAILABILITY_SAFE inj=FULL hRisk=0.00 aRisk=2.00 | lineup=LINEUP_UNCERTAIN_ADVISORY state=ADVISORY_ONLY q=FULL hXI=11 aXI=11 conf=0.39,16.0,10.0,1.0,0.0,0.375,0.75,0.375,1.375,1.875,2.0,0.375,0.875,0.125,0.0,0.375,0.875,0.875,1.0,0.375,1.0,11.0,10.8,17.0,13.6,3.2,3.8,5.2,4.2,39.6,45.6,2.2,3.0,5.4,5.6,14.0,11.4,1.6,1.6,1.0,2.0,3.4,3.8,1,3,1,3,FT,1.0,3.0,1,WIN,WIN,0.33,1.44,0,SKIPPED,
13,WATCHLIST,WATCH,2026-05-04,Scotland,Premiership,1540025,Heart Of Midlothian,Rangers,81.95,76.95,MEDIUM_HIGH,2-2 / 2-1 / 1-2,OVER_2_5,OVER_1_5,STRONG,WATCH,BET,WATCH,BET,APPROVED_BY_PREMIUM_PROMOTED_RULE,25,13,12,0,PREMIUM_EVIDENCE,model_edge_abs_num >= 0.115531,model_edge_abs_num >= 0.115531 | primary_edge >= 0.115531 | model_edge_abs_num >= 0.131684 | model_edge_abs_num >= 0.136433 | primary_edge >= 0.131684 | primary_edge >= 0.136433 | model_edge_abs_num >= 0.167733 | primary_edge >= 0.167733 | model_edge_abs_num >= 0.176245 | primary_edge >= 0.176245 | model_edge_abs_num >= 0.164431 | primary_edge >= 0.164431 | model_edge_abs_num >= 0.184762 | primary_edge >= 0.184762 | model_edge_abs_num >= 0.169424 | primary_edge >= 0.169424 | model_edge_abs_num >= 0.128099 | model_edge_abs_num >= 0.129431 | model_edge_abs_num >= 0.138141 | primary_edge >= 0.128099 | primary_edge >= 0.129431 | primary_edge >= 0.138141 | model_edge_abs_num >= 0.178059 | primary_edge >= 0.178059 | model_edge_abs_num >= 0.146275,Actionable recommendation matched premium promoted-rule evidence.,,SAFE_OK,Execution market translation passed hardening gates.,,0.8176,1.72,0.5813953488372093,0.2362046511627906,0.935,1.24,0.8064516129032259,0.1285483870967741,2.1,2.33,4.43,COVERAGE_RICH,0.95,1,1.0,1.0,1.0,1.0,1.0,0.95,0.0,OFFICIAL_API,,FULL,3.8,-0.2,0.987,0.962,0.636,0.698,0.272,0.396,FULL,FULL,-0.062,1.0,2.0,4.0,3.0,0.35,0.7,SUPPORTED,SUPPORTED,POLLUTED,0.806452,0.581395,0.666667,0.625,0.343643,0.27027,0.411523,,,7.0,13.0,0.0,RICH_COHERENT,BROAD_GOALS,HIGH,DRAW_LIVE_FRAGILITY,SUPPORTED,SUPPORTED,SUPPORTED,MIXED,ALLOW_AGGRESSIVE_TOTAL,OVER_2_5_SUPPORTED,0.03,FALLBACK_EXISTING_ODDS,5.0,5.0,1.0,1.0,,,NONE,NONE,,,UNKNOWN,UNKNOWN,NONE,0.0,0.0,0.0,1.0,1.0,FULL,FULL,FULL,ADVISORY_ONLY,90.0,-9491.07,0.0,1.0,11.0,11.0,1.0,1.0,3.0,1.0,3.0,4.0,4.0,5.0,1.0,1.0,0.45,0.22,0.45,0.45,0.393,0.0,0.0,A_ANALIZAR_PRIMERO,OVER_OR_BTTS_CHECK,,,Proj goles: local 2.10 | visitante 2.33,Market edge primario: prob 0.818 | impl 0.581 | edge +0.236,Bias lado: -0.24 | tie=nan | hint=OVER_OR_BTTS_CHECK | coverage=COVERAGE_RICH rel=0.95 stats=1.0 odds=1.0 inj=1.0 lineups=1.0 | stats=FULL hSOT=5.20 aSOT=7.80 | lab_sched=FULL/FULL trust=0.99/0.96 clean=POLLUTED | odds_depth=RICH_COHERENT ladder=BROAD_GOALS hint=ALLOW_AGGRESSIVE_TOTAL line=OVER_2_5_SUPPORTED | availability=COVERAGE_TOO_WEAK_FOR_CONFIDENCE inj=NONE hRisk=nan aRisk=nan | lineup=LINEUP_UNCERTAIN_ADVISORY state=ADVISORY_ONLY q=FULL hXI=11 aXI=11 conf=0.39,1.0,3.0,1.0,0.5,2.0,1.875,1.5,2.625,1.125,1.625,0.875,0.875,0.375,0.25,0.5,0.75,0.5,0.75,0.5,0.75,16.8,18.4,10.0,8.4,5.2,7.8,2.4,2.8,61.4,56.4,7.0,6.2,3.6,2.6,12.0,12.6,2.0,1.4,0.8,2.333,4.8,4.8,2,1,2,1,FT,2.0,1.0,1,WIN,WIN,0.72,0.24,1,WIN,0.72
14,WATCHLIST,WATCH,2026-05-04,Brazil,Serie A,1492246,Mirassol,Corinthians,79.46,74.26,MEDIUM_HIGH,1-2 / 0-1 / 1-1,OVER_1_5,UNDER_3_5,NO_ODDS,WATCH,MODEL_ONLY,WATCH,MODEL_ONLY,NON_ACTIONABLE_NO_PROMOTED_RULE_MATCH,0,0,0,0,,,,Non-actionable recommendation did not match production-ready promoted rules.,,SAFE_OK,Execution market translation passed hardening gates.,,0.7364,,,,0.7319,,,,0.99,1.63,2.62,COVERAGE_RICH,0.95,1,1.0,1.0,1.0,1.0,1.0,0.95,0.0,OFFICIAL_API,,FULL,3.55,0.18,1.026,1.019,0.693,0.647,0.386,0.294,PARTIAL,PARTIAL,0.046,0.0,0.0,2.0,2.0,0.05,0.05,PARTIAL,PARTIAL,CLEAN,,,,,,,,,,0.0,0.0,0.0,NO_ODDS_UNCERTAIN,UNKNOWN,UNKNOWN,UNKNOWN,UNKNOWN,UNKNOWN,UNKNOWN,UNKNOWN,ODDS_DEPTH_UNCERTAIN,UNKNOWN,0.0,NO_ODDS_FOUND,5.0,5.0,1.0,1.0,6.0,18.0,FULL,FULL,5.6,16.8,HIGH,HIGH,FULL,22.4,0.0,0.1,1.0,1.0,FULL,FULL,FULL,ADVISORY_ONLY,90.0,-10511.07,0.0,1.0,11.0,11.0,1.0,1.0,1.0,1.0,4.0,4.0,3.0,5.0,1.0,1.0,0.22,0.22,0.45,0.45,0.335,0.0,0.0,A_ANALIZAR_PRIMERO,AWAY_SIDE_OR_AWAY_TEAM_TOTAL_CHECK,,,Proj goles: local 0.99 | visitante 1.63,"Market edge primario: prob 0.736 | sin cuota útil, fallback modelo",Bias lado: -1.08 | tie=nan | hint=AWAY_SIDE_OR_AWAY_TEAM_TOTAL_CHECK | coverage=COVERAGE_RICH rel=0.95 stats=1.0 odds=1.0 inj=1.0 lineups=1.0 | stats=FULL hSOT=3.20 aSOT=4.20 | lab_sched=PARTIAL/PARTIAL trust=1.03/1.02 clean=CLEAN | odds_depth=NO_ODDS_UNCERTAIN ladder=UNKNOWN hint=ODDS_DEPTH_UNCERTAIN line=UNKNOWN | availability=ABSENCE_RISK_HIGH inj=FULL hRisk=5.60 aRisk=16.80 | lineup=LINEUP_UNCERTAIN_ADVISORY state=ADVISORY_ONLY q=FULL hXI=11 aXI=11 conf=0.34,18.0,16.0,1.0,0.5,1.625,2.125,1.125,1.125,1.0,0.25,0.75,0.75,0.25,0.875,0.5,0.125,0.75,0.5,0.375,0.125,10.0,11.2,17.4,11.0,3.2,4.2,5.0,2.8,44.0,58.0,3.6,4.8,7.4,4.2,11.8,11.0,3.6,1.6,0.8,1.333,3.0,3.0,2,1,2,1,FT,2.0,1.0,1,WIN,WIN,,,0,SKIPPED,
15,WATCHLIST,WATCH,2026-05-04,Austria,Bundesliga,1531280,SCR Altach,Wolfsberger AC,78.24,73.04,MEDIUM_HIGH,2-1 / 1-0 / 2-0,OVER_1_5,BTTS_YES,STRONG,WATCH,BET,WATCH,WATCH,DOWNGRADED_NO_PROMOTED_RULE_MATCH,0,0,0,0,,,,Base actionable recommendation did not match any production-ready promoted rule.,,SAFE_OK,Execution market translation passed hardening gates.,,0.7932,1.38,0.7246376811594204,0.0685623188405796,0.582,1.8,0.5555555555555556,0.0264444444444443,1.71,1.24,2.95,COVERAGE_RICH,0.95,1,1.0,1.0,1.0,1.0,1.0,0.95,0.0,OFFICIAL_API,,PARTIAL,2.51,0.1,1.01,1.014,0.561,0.585,0.122,0.17,PARTIAL,FULL,-0.024,0.0,0.0,4.0,5.0,0.0,0.0,SUPPORTED,SUPPORTED,CLEAN,0.724638,0.460829,0.769231,0.555556,0.392157,0.30303,0.330033,,,7.0,13.0,0.0,RICH_COHERENT,MILD_GOALS,MEDIUM,DRAW_LIVE_FRAGILITY,SUPPORTED,WEAK,SUPPORTED,SUPPORTED,PREFER_MILDER_TOTAL,PREFER_OVER_1_5,-0.015,FALLBACK_EXISTING_ODDS,4.0,5.0,0.8,1.0,,,NONE,NONE,,,UNKNOWN,UNKNOWN,NONE,0.0,0.0,0.0,1.0,1.0,FULL,FULL,FULL,ADVISORY_ONLY,90.0,-9491.07,0.0,1.0,11.0,11.0,1.0,1.0,3.0,3.0,2.0,3.0,4.0,4.0,1.0,1.0,0.45,0.45,0.2,0.45,0.388,0.0,0.0,A_ANALIZAR_PRIMERO,HOME_SIDE_OR_HOME_TEAM_TOTAL_CHECK,,,Proj goles: local 1.71 | visitante 1.24,Market edge primario: prob 0.793 | impl 0.725 | edge +0.069,Bias lado: +0.74 | tie=nan | hint=HOME_SIDE_OR_HOME_TEAM_TOTAL_CHECK | coverage=COVERAGE_RICH rel=0.95 stats=1.0 odds=1.0 inj=1.0 lineups=1.0 | stats=PARTIAL hSOT=3.50 aSOT=2.20 | lab_sched=PARTIAL/FULL trust=1.01/1.01 clean=CLEAN | odds_depth=RICH_COHERENT ladder=MILD_GOALS hint=PREFER_MILDER_TOTAL line=PREFER_OVER_1_5 | availability=COVERAGE_TOO_WEAK_FOR_CONFIDENCE inj=NONE hRisk=nan aRisk=nan | lineup=LINEUP_UNCERTAIN_ADVISORY state=ADVISORY_ONLY q=FULL hXI=11 aXI=11 conf=0.39,3.0,2.0,0.5,1.0,1.125,0.75,1.375,0.5,1.75,1.5,0.75,0.5,0.25,0.375,0.625,0.375,0.75,0.625,0.625,0.375,9.0,9.6,13.25,13.2,3.5,2.2,6.5,4.4,51.5,49.0,2.75,5.4,4.75,6.8,10.5,13.0,1.333,1.25,1.5,1.4,1.5,2.8,1,4,1,4,FT,1.0,4.0,1,WIN,WIN,0.38,0.8,0,SKIPPED,
