target_date,generated_at,fixture_id,home_team,away_team,league,promotion_status,gap_status,gap_stage,scored_row_found,scored_row_status,gap_reason,recommended_fix,allowed_downstream_use,auto_apply,production_change
2026-06-25,2026-06-25T23:55:04+01:00,1534772,Aktobe Jas,Arys,1. Division,TRUSTED_SOURCE_BUT_NO_SCORED_ROW,MISSING_SCORED_ROW,SCORING_NOT_RUN_FOR_TRUSTED_RAW,false,MISSING,trusted raw candidate has no matching scored row,Run/repair scoring enrichment over trusted raw fixture candidates before market translation.,WAIT_SCORING,NO,NO
2026-06-25,2026-06-25T23:55:04+01:00,1534774,Jaiyq,Akademiya Ontustik,1. Division,TRUSTED_SOURCE_BUT_NO_SCORED_ROW,MISSING_SCORED_ROW,SCORING_NOT_RUN_FOR_TRUSTED_RAW,false,MISSING,trusted raw candidate has no matching scored row,Run/repair scoring enrichment over trusted raw fixture candidates before market translation.,WAIT_SCORING,NO,NO
2026-06-25,2026-06-25T23:55:04+01:00,1534776,Kaspij Aktau 2,Tobol 2,1. Division,TRUSTED_SOURCE_BUT_NO_SCORED_ROW,MISSING_SCORED_ROW,SCORING_NOT_RUN_FOR_TRUSTED_RAW,false,MISSING,trusted raw candidate has no matching scored row,Run/repair scoring enrichment over trusted raw fixture candidates before market translation.,WAIT_SCORING,NO,NO
2026-06-25,2026-06-25T23:55:04+01:00,1534775,Sport Academy Kairat,Khan Tengri,1. Division,NOT_TRUSTED_NO_PROMOTION,NOT_TRUSTED_SKIPPED,RAW_TRUST_GATE_BLOCK,false,MISSING,"raw candidate was not trusted, so scoring gap is intentionally ignored",Keep diagnostic only unless future whitelist changes source trust.,DIAGNOSTIC_ONLY,NO,NO
2026-06-25,2026-06-25T23:55:04+01:00,1534778,Yelimay Semey 2,Turan Turkistan,1. Division,TRUSTED_SOURCE_BUT_NO_SCORED_ROW,MISSING_SCORED_ROW,SCORING_NOT_RUN_FOR_TRUSTED_RAW,false,MISSING,trusted raw candidate has no matching scored row,Run/repair scoring enrichment over trusted raw fixture candidates before market translation.,WAIT_SCORING,NO,NO
2026-06-25,2026-06-25T23:55:04+01:00,1496461,Konnerud,IF Ready,3. Division - Girone 1,TRUSTED_SOURCE_BUT_NO_SCORED_ROW,MISSING_SCORED_ROW,SCORING_NOT_RUN_FOR_TRUSTED_RAW,false,MISSING,trusted raw candidate has no matching scored row,Run/repair scoring enrichment over trusted raw fixture candidates before market translation.,WAIT_SCORING,NO,NO
2026-06-25,2026-06-25T23:55:04+01:00,1496644,Strindheim,Melhus,3. Division - Girone 2,TRUSTED_SOURCE_BUT_NO_SCORED_ROW,MISSING_SCORED_ROW,SCORING_NOT_RUN_FOR_TRUSTED_RAW,false,MISSING,trusted raw candidate has no matching scored row,Run/repair scoring enrichment over trusted raw fixture candidates before market translation.,WAIT_SCORING,NO,NO
2026-06-25,2026-06-25T23:55:04+01:00,1496822,Austevoll,Fyllingsdalen,3. Division - Girone 3,TRUSTED_SOURCE_BUT_NO_SCORED_ROW,MISSING_SCORED_ROW,SCORING_NOT_RUN_FOR_TRUSTED_RAW,false,MISSING,trusted raw candidate has no matching scored row,Run/repair scoring enrichment over trusted raw fixture candidates before market translation.,WAIT_SCORING,NO,NO
2026-06-25,2026-06-25T23:55:04+01:00,1496820,Åsane II,Os,3. Division - Girone 3,TRUSTED_SOURCE_BUT_NO_SCORED_ROW,MISSING_SCORED_ROW,SCORING_NOT_RUN_FOR_TRUSTED_RAW,false,MISSING,trusted raw candidate has no matching scored row,Run/repair scoring enrichment over trusted raw fixture candidates before market translation.,WAIT_SCORING,NO,NO
2026-06-25,2026-06-25T23:55:04+01:00,1497005,Staal Jørpeland,Hinna,3. Division - Girone 4,TRUSTED_SOURCE_BUT_NO_SCORED_ROW,MISSING_SCORED_ROW,SCORING_NOT_RUN_FOR_TRUSTED_RAW,false,MISSING,trusted raw candidate has no matching scored row,Run/repair scoring enrichment over trusted raw fixture candidates before market translation.,WAIT_SCORING,NO,NO
2026-06-25,2026-06-25T23:55:04+01:00,1497006,Våg,Viking II,3. Division - Girone 4,TRUSTED_SOURCE_BUT_NO_SCORED_ROW,MISSING_SCORED_ROW,SCORING_NOT_RUN_FOR_TRUSTED_RAW,false,MISSING,trusted raw candidate has no matching scored row,Run/repair scoring enrichment over trusted raw fixture candidates before market translation.,WAIT_SCORING,NO,NO
2026-06-25,2026-06-25T23:55:04+01:00,1497366,Bjørkelangen,Sarpsborg 08 II,3. Division - Girone 6,TRUSTED_SOURCE_BUT_NO_SCORED_ROW,MISSING_SCORED_ROW,SCORING_NOT_RUN_FOR_TRUSTED_RAW,false,MISSING,trusted raw candidate has no matching scored row,Run/repair scoring enrichment over trusted raw fixture candidates before market translation.,WAIT_SCORING,NO,NO
2026-06-25,2026-06-25T23:55:04+01:00,1497367,Brumunddal,Gjøvik-Lyn,3. Division - Girone 6,TRUSTED_SOURCE_BUT_NO_SCORED_ROW,MISSING_SCORED_ROW,SCORING_NOT_RUN_FOR_TRUSTED_RAW,false,MISSING,trusted raw candidate has no matching scored row,Run/repair scoring enrichment over trusted raw fixture candidates before market translation.,WAIT_SCORING,NO,NO
2026-06-25,2026-06-25T23:55:04+01:00,1555010,CODM Meknès,Hassania Agadir,Botola Pro,TRUSTED_SOURCE_BUT_NO_SCORED_ROW,MISSING_SCORED_ROW,SCORING_NOT_RUN_FOR_TRUSTED_RAW,false,MISSING,trusted raw candidate has no matching scored row,Run/repair scoring enrichment over trusted raw fixture candidates before market translation.,WAIT_SCORING,NO,NO
2026-06-25,2026-06-25T23:55:04+01:00,1555013,CR Khemis Zemamra,Olympique Safi,Botola Pro,TRUSTED_SOURCE_BUT_NO_SCORED_ROW,MISSING_SCORED_ROW,SCORING_NOT_RUN_FOR_TRUSTED_RAW,false,MISSING,trusted raw candidate has no matching scored row,Run/repair scoring enrichment over trusted raw fixture candidates before market translation.,WAIT_SCORING,NO,NO
2026-06-25,2026-06-25T23:55:04+01:00,1555012,Kawkab Marrakech,FUS Rabat,Botola Pro,TRUSTED_SOURCE_BUT_NO_SCORED_ROW,MISSING_SCORED_ROW,SCORING_NOT_RUN_FOR_TRUSTED_RAW,false,MISSING,trusted raw candidate has no matching scored row,Run/repair scoring enrichment over trusted raw fixture candidates before market translation.,WAIT_SCORING,NO,NO
2026-06-25,2026-06-25T23:55:04+01:00,1555011,Olympique Dcheïra,Ittihad Tanger,Botola Pro,TRUSTED_SOURCE_BUT_NO_SCORED_ROW,MISSING_SCORED_ROW,SCORING_NOT_RUN_FOR_TRUSTED_RAW,false,MISSING,trusted raw candidate has no matching scored row,Run/repair scoring enrichment over trusted raw fixture candidates before market translation.,WAIT_SCORING,NO,NO
2026-06-25,2026-06-25T23:55:04+01:00,1555009,Renaissance Berkane,FAR Rabat,Botola Pro,TRUSTED_SOURCE_BUT_NO_SCORED_ROW,MISSING_SCORED_ROW,SCORING_NOT_RUN_FOR_TRUSTED_RAW,false,MISSING,trusted raw candidate has no matching scored row,Run/repair scoring enrichment over trusted raw fixture candidates before market translation.,WAIT_SCORING,NO,NO
2026-06-25,2026-06-25T23:55:04+01:00,1555014,UTS Rabat,Difaa EL Jadida,Botola Pro,TRUSTED_SOURCE_BUT_NO_SCORED_ROW,MISSING_SCORED_ROW,SCORING_NOT_RUN_FOR_TRUSTED_RAW,false,MISSING,trusted raw candidate has no matching scored row,Run/repair scoring enrichment over trusted raw fixture candidates before market translation.,WAIT_SCORING,NO,NO
2026-06-25,2026-06-25T23:55:04+01:00,1555015,Wydad AC,Maghreb Fès,Botola Pro,TRUSTED_SOURCE_BUT_NO_SCORED_ROW,MISSING_SCORED_ROW,SCORING_NOT_RUN_FOR_TRUSTED_RAW,false,MISSING,trusted raw candidate has no matching scored row,Run/repair scoring enrichment over trusted raw fixture candidates before market translation.,WAIT_SCORING,NO,NO
2026-06-25,2026-06-25T23:55:04+01:00,1555016,Yacoub El Mansour,Raja Casablanca,Botola Pro,TRUSTED_SOURCE_BUT_NO_SCORED_ROW,MISSING_SCORED_ROW,SCORING_NOT_RUN_FOR_TRUSTED_RAW,false,MISSING,trusted raw candidate has no matching scored row,Run/repair scoring enrichment over trusted raw fixture candidates before market translation.,WAIT_SCORING,NO,NO
2026-06-25,2026-06-25T23:55:04+01:00,1560804,Petare FC,Marítimo,Copa Venezuela,TRUSTED_SOURCE_BUT_NO_SCORED_ROW,MISSING_SCORED_ROW,SCORING_NOT_RUN_FOR_TRUSTED_RAW,false,MISSING,trusted raw candidate has no matching scored row,Run/repair scoring enrichment over trusted raw fixture candidates before market translation.,WAIT_SCORING,NO,NO
2026-06-25,2026-06-25T23:55:04+01:00,1495505,Piteå W,Hammarby W,Damallsvenskan,TRUSTED_SOURCE_BUT_NO_SCORED_ROW,MISSING_SCORED_ROW,SCORING_NOT_RUN_FOR_TRUSTED_RAW,false,MISSING,trusted raw candidate has no matching scored row,Run/repair scoring enrichment over trusted raw fixture candidates before market translation.,WAIT_SCORING,NO,NO
2026-06-25,2026-06-25T23:55:04+01:00,1546828,Zooveti,Aragvi Dusheti,David Kipiani Cup,TRUSTED_SOURCE_BUT_NO_SCORED_ROW,MISSING_SCORED_ROW,SCORING_NOT_RUN_FOR_TRUSTED_RAW,false,MISSING,trusted raw candidate has no matching scored row,Run/repair scoring enrichment over trusted raw fixture candidates before market translation.,WAIT_SCORING,NO,NO
2026-06-25,2026-06-25T23:55:04+01:00,1510618,IFK Skövde,Lidköping,Division 2 - Norra Götaland,TRUSTED_SOURCE_BUT_NO_SCORED_ROW,MISSING_SCORED_ROW,SCORING_NOT_RUN_FOR_TRUSTED_RAW,false,MISSING,trusted raw candidate has no matching scored row,Run/repair scoring enrichment over trusted raw fixture candidates before market translation.,WAIT_SCORING,NO,NO
2026-06-25,2026-06-25T23:55:04+01:00,1510800,Helges,Sunnersta,Division 2 - Norra Svealand,TRUSTED_SOURCE_BUT_NO_SCORED_ROW,MISSING_SCORED_ROW,SCORING_NOT_RUN_FOR_TRUSTED_RAW,false,MISSING,trusted raw candidate has no matching scored row,Run/repair scoring enrichment over trusted raw fixture candidates before market translation.,WAIT_SCORING,NO,NO
2026-06-25,2026-06-25T23:55:04+01:00,1511161,Nyköping,Nacka Iliria,Division 2 - Södra Svealand,TRUSTED_SOURCE_BUT_NO_SCORED_ROW,MISSING_SCORED_ROW,SCORING_NOT_RUN_FOR_TRUSTED_RAW,false,MISSING,trusted raw candidate has no matching scored row,Run/repair scoring enrichment over trusted raw fixture candidates before market translation.,WAIT_SCORING,NO,NO
2026-06-25,2026-06-25T23:55:04+01:00,1511345,Galtabacks,Böljan,Division 2 - Västra Götaland,TRUSTED_SOURCE_BUT_NO_SCORED_ROW,MISSING_SCORED_ROW,SCORING_NOT_RUN_FOR_TRUSTED_RAW,false,MISSING,trusted raw candidate has no matching scored row,Run/repair scoring enrichment over trusted raw fixture candidates before market translation.,WAIT_SCORING,NO,NO
2026-06-25,2026-06-25T23:55:04+01:00,1561330,Caravel,Estrella,Division di Honor,TRUSTED_SOURCE_BUT_NO_SCORED_ROW,MISSING_SCORED_ROW,SCORING_NOT_RUN_FOR_TRUSTED_RAW,false,MISSING,trusted raw candidate has no matching scored row,Run/repair scoring enrichment over trusted raw fixture candidates before market translation.,WAIT_SCORING,NO,NO
2026-06-25,2026-06-25T23:55:04+01:00,1543345,Vikingur Gota,HB Torshavn,Løgmanssteypid,TRUSTED_SOURCE_BUT_NO_SCORED_ROW,MISSING_SCORED_ROW,SCORING_NOT_RUN_FOR_TRUSTED_RAW,false,MISSING,trusted raw candidate has no matching scored row,Run/repair scoring enrichment over trusted raw fixture candidates before market translation.,WAIT_SCORING,NO,NO
2026-06-25,2026-06-25T23:55:04+01:00,1544794,Araioses,Expressinho,Maranhense - 2,TRUSTED_SOURCE_BUT_NO_SCORED_ROW,MISSING_SCORED_ROW,SCORING_NOT_RUN_FOR_TRUSTED_RAW,false,MISSING,trusted raw candidate has no matching scored row,Run/repair scoring enrichment over trusted raw fixture candidates before market translation.,WAIT_SCORING,NO,NO
2026-06-25,2026-06-25T23:55:04+01:00,1553794,Al Fahaheel,Al Qadsia,Premier League,TRUSTED_SOURCE_BUT_NO_SCORED_ROW,MISSING_SCORED_ROW,SCORING_NOT_RUN_FOR_TRUSTED_RAW,false,MISSING,trusted raw candidate has no matching scored row,Run/repair scoring enrichment over trusted raw fixture candidates before market translation.,WAIT_SCORING,NO,NO
2026-06-25,2026-06-25T23:55:04+01:00,1508065,Al Hikma,Al Mabarrah,Premier League,TRUSTED_SOURCE_BUT_NO_SCORED_ROW,MISSING_SCORED_ROW,SCORING_NOT_RUN_FOR_TRUSTED_RAW,false,MISSING,trusted raw candidate has no matching scored row,Run/repair scoring enrichment over trusted raw fixture candidates before market translation.,WAIT_SCORING,NO,NO
2026-06-25,2026-06-25T23:55:04+01:00,1553795,Al Kuwait,Kazma,Premier League,TRUSTED_SOURCE_BUT_NO_SCORED_ROW,MISSING_SCORED_ROW,SCORING_NOT_RUN_FOR_TRUSTED_RAW,false,MISSING,trusted raw candidate has no matching scored row,Run/repair scoring enrichment over trusted raw fixture candidates before market translation.,WAIT_SCORING,NO,NO
2026-06-25,2026-06-25T23:55:04+01:00,1508066,Al Nejmeh,Tadamon Sour,Premier League,TRUSTED_SOURCE_BUT_NO_SCORED_ROW,MISSING_SCORED_ROW,SCORING_NOT_RUN_FOR_TRUSTED_RAW,false,MISSING,trusted raw candidate has no matching scored row,Run/repair scoring enrichment over trusted raw fixture candidates before market translation.,WAIT_SCORING,NO,NO
2026-06-25,2026-06-25T23:55:04+01:00,1553796,Al Salmiyah,Al Arabi,Premier League,TRUSTED_SOURCE_BUT_NO_SCORED_ROW,MISSING_SCORED_ROW,SCORING_NOT_RUN_FOR_TRUSTED_RAW,false,MISSING,trusted raw candidate has no matching scored row,Run/repair scoring enrichment over trusted raw fixture candidates before market translation.,WAIT_SCORING,NO,NO
2026-06-25,2026-06-25T23:55:04+01:00,1559539,Khoromkhon,Ulaangom City,Premier League,TRUSTED_SOURCE_BUT_NO_SCORED_ROW,MISSING_SCORED_ROW,SCORING_NOT_RUN_FOR_TRUSTED_RAW,false,MISSING,trusted raw candidate has no matching scored row,Run/repair scoring enrichment over trusted raw fixture candidates before market translation.,WAIT_SCORING,NO,NO
2026-06-25,2026-06-25T23:55:04+01:00,1525071,Miami AC,FC Miami City,USL League Two,TRUSTED_SOURCE_BUT_NO_SCORED_ROW,MISSING_SCORED_ROW,SCORING_NOT_RUN_FOR_TRUSTED_RAW,false,MISSING,trusted raw candidate has no matching scored row,Run/repair scoring enrichment over trusted raw fixture candidates before market translation.,WAIT_SCORING,NO,NO
2026-06-25,2026-06-25T23:55:04+01:00,1525095,Sueno,River Light,USL League Two,TRUSTED_SOURCE_BUT_NO_SCORED_ROW,MISSING_SCORED_ROW,SCORING_NOT_RUN_FOR_TRUSTED_RAW,false,MISSING,trusted raw candidate has no matching scored row,Run/repair scoring enrichment over trusted raw fixture candidates before market translation.,WAIT_SCORING,NO,NO
2026-06-25,2026-06-25T23:55:04+01:00,1532402,AMSG W,Los Angeles SC W,USL W League,NOT_TRUSTED_NO_PROMOTION,NOT_TRUSTED_SKIPPED,RAW_TRUST_GATE_BLOCK,false,MISSING,"raw candidate was not trusted, so scoring gap is intentionally ignored",Keep diagnostic only unless future whitelist changes source trust.,DIAGNOSTIC_ONLY,NO,NO
2026-06-25,2026-06-25T23:55:04+01:00,1532461,Annapolis Blues W,Virginia Development Academy W,USL W League,NOT_TRUSTED_NO_PROMOTION,NOT_TRUSTED_SKIPPED,RAW_TRUST_GATE_BLOCK,false,MISSING,"raw candidate was not trusted, so scoring gap is intentionally ignored",Keep diagnostic only unless future whitelist changes source trust.,DIAGNOSTIC_ONLY,NO,NO
2026-06-25,2026-06-25T23:55:04+01:00,1532465,Bigfoot W,Portland Cherry Bombs FC W,USL W League,NOT_TRUSTED_NO_PROMOTION,NOT_TRUSTED_SKIPPED,RAW_TRUST_GATE_BLOCK,false,MISSING,"raw candidate was not trusted, so scoring gap is intentionally ignored",Keep diagnostic only unless future whitelist changes source trust.,DIAGNOSTIC_ONLY,NO,NO
2026-06-25,2026-06-25T23:55:04+01:00,1532293,Brooke House W,Brevard Riptide W,USL W League,NOT_TRUSTED_NO_PROMOTION,NOT_TRUSTED_SKIPPED,RAW_TRUST_GATE_BLOCK,false,MISSING,"raw candidate was not trusted, so scoring gap is intentionally ignored",Keep diagnostic only unless future whitelist changes source trust.,DIAGNOSTIC_ONLY,NO,NO
2026-06-25,2026-06-25T23:55:04+01:00,1532284,Buffalo W,Pittsburgh Riveters W,USL W League,NOT_TRUSTED_NO_PROMOTION,NOT_TRUSTED_SKIPPED,RAW_TRUST_GATE_BLOCK,false,MISSING,"raw candidate was not trusted, so scoring gap is intentionally ignored",Keep diagnostic only unless future whitelist changes source trust.,DIAGNOSTIC_ONLY,NO,NO
2026-06-25,2026-06-25T23:55:04+01:00,1532286,Challenge W,AHFC Royals W,USL W League,NOT_TRUSTED_NO_PROMOTION,NOT_TRUSTED_SKIPPED,RAW_TRUST_GATE_BLOCK,false,MISSING,"raw candidate was not trusted, so scoring gap is intentionally ignored",Keep diagnostic only unless future whitelist changes source trust.,DIAGNOSTIC_ONLY,NO,NO
2026-06-25,2026-06-25T23:55:04+01:00,1532275,Cleveland Force W,Flower City 1872 W,USL W League,NOT_TRUSTED_NO_PROMOTION,NOT_TRUSTED_SKIPPED,RAW_TRUST_GATE_BLOCK,false,MISSING,"raw candidate was not trusted, so scoring gap is intentionally ignored",Keep diagnostic only unless future whitelist changes source trust.,DIAGNOSTIC_ONLY,NO,NO
2026-06-25,2026-06-25T23:55:04+01:00,1532287,Colorado ISA W,Albion Colorado W,USL W League,NOT_TRUSTED_NO_PROMOTION,NOT_TRUSTED_SKIPPED,RAW_TRUST_GATE_BLOCK,false,MISSING,"raw candidate was not trusted, so scoring gap is intentionally ignored",Keep diagnostic only unless future whitelist changes source trust.,DIAGNOSTIC_ONLY,NO,NO
2026-06-25,2026-06-25T23:55:04+01:00,1532464,Colorado Storm W,Real Colorado W,USL W League,NOT_TRUSTED_NO_PROMOTION,NOT_TRUSTED_SKIPPED,RAW_TRUST_GATE_BLOCK,false,MISSING,"raw candidate was not trusted, so scoring gap is intentionally ignored",Keep diagnostic only unless future whitelist changes source trust.,DIAGNOSTIC_ONLY,NO,NO
2026-06-25,2026-06-25T23:55:04+01:00,1532279,Dayton Dutch Lions W,Racing Louisville W,USL W League,NOT_TRUSTED_NO_PROMOTION,NOT_TRUSTED_SKIPPED,RAW_TRUST_GATE_BLOCK,false,MISSING,"raw candidate was not trusted, so scoring gap is intentionally ignored",Keep diagnostic only unless future whitelist changes source trust.,DIAGNOSTIC_ONLY,NO,NO
2026-06-25,2026-06-25T23:55:04+01:00,1532283,Detroit City W,Midwest United W,USL W League,NOT_TRUSTED_NO_PROMOTION,NOT_TRUSTED_SKIPPED,RAW_TRUST_GATE_BLOCK,false,MISSING,"raw candidate was not trusted, so scoring gap is intentionally ignored",Keep diagnostic only unless future whitelist changes source trust.,DIAGNOSTIC_ONLY,NO,NO
2026-06-25,2026-06-25T23:55:04+01:00,1532292,Flatirons II W,Utah United W,USL W League,NOT_TRUSTED_NO_PROMOTION,NOT_TRUSTED_SKIPPED,RAW_TRUST_GATE_BLOCK,false,MISSING,"raw candidate was not trusted, so scoring gap is intentionally ignored",Keep diagnostic only unless future whitelist changes source trust.,DIAGNOSTIC_ONLY,NO,NO
2026-06-25,2026-06-25T23:55:04+01:00,1532281,Indy Eleven W,Toledo Villa W,USL W League,NOT_TRUSTED_NO_PROMOTION,NOT_TRUSTED_SKIPPED,RAW_TRUST_GATE_BLOCK,false,MISSING,"raw candidate was not trusted, so scoring gap is intentionally ignored",Keep diagnostic only unless future whitelist changes source trust.,DIAGNOSTIC_ONLY,NO,NO
2026-06-25,2026-06-25T23:55:04+01:00,1532280,Long Island Rough Riders W,Cedar Stars W,USL W League,NOT_TRUSTED_NO_PROMOTION,NOT_TRUSTED_SKIPPED,RAW_TRUST_GATE_BLOCK,false,MISSING,"raw candidate was not trusted, so scoring gap is intentionally ignored",Keep diagnostic only unless future whitelist changes source trust.,DIAGNOSTIC_ONLY,NO,NO
2026-06-25,2026-06-25T23:55:04+01:00,1532403,Loudoun United FC W,Lancaster Inferno W,USL W League,NOT_TRUSTED_NO_PROMOTION,NOT_TRUSTED_SKIPPED,RAW_TRUST_GATE_BLOCK,false,MISSING,"raw candidate was not trusted, so scoring gap is intentionally ignored",Keep diagnostic only unless future whitelist changes source trust.,DIAGNOSTIC_ONLY,NO,NO
2026-06-25,2026-06-25T23:55:04+01:00,1532285,Manhattan W,Morris Elite W,USL W League,NOT_TRUSTED_NO_PROMOTION,NOT_TRUSTED_SKIPPED,RAW_TRUST_GATE_BLOCK,false,MISSING,"raw candidate was not trusted, so scoring gap is intentionally ignored",Keep diagnostic only unless future whitelist changes source trust.,DIAGNOSTIC_ONLY,NO,NO
2026-06-25,2026-06-25T23:55:04+01:00,1532289,Pleasanton Rage W,San Juan SC W,USL W League,NOT_TRUSTED_NO_PROMOTION,NOT_TRUSTED_SKIPPED,RAW_TRUST_GATE_BLOCK,false,MISSING,"raw candidate was not trusted, so scoring gap is intentionally ignored",Keep diagnostic only unless future whitelist changes source trust.,DIAGNOSTIC_ONLY,NO,NO
2026-06-25,2026-06-25T23:55:04+01:00,1532463,Rally Madison FC W,RKC Third Coast W,USL W League,NOT_TRUSTED_NO_PROMOTION,NOT_TRUSTED_SKIPPED,RAW_TRUST_GATE_BLOCK,false,MISSING,"raw candidate was not trusted, so scoring gap is intentionally ignored",Keep diagnostic only unless future whitelist changes source trust.,DIAGNOSTIC_ONLY,NO,NO
2026-06-25,2026-06-25T23:55:04+01:00,1532291,Salmon Bay W,Tacoma Galaxy W,USL W League,NOT_TRUSTED_NO_PROMOTION,NOT_TRUSTED_SKIPPED,RAW_TRUST_GATE_BLOCK,false,MISSING,"raw candidate was not trusted, so scoring gap is intentionally ignored",Keep diagnostic only unless future whitelist changes source trust.,DIAGNOSTIC_ONLY,NO,NO
2026-06-25,2026-06-25T23:55:04+01:00,1532288,Sta Clarita Blue Heat W,OC Sporting W,USL W League,NOT_TRUSTED_NO_PROMOTION,NOT_TRUSTED_SKIPPED,RAW_TRUST_GATE_BLOCK,false,MISSING,"raw candidate was not trusted, so scoring gap is intentionally ignored",Keep diagnostic only unless future whitelist changes source trust.,DIAGNOSTIC_ONLY,NO,NO
2026-06-25,2026-06-25T23:55:04+01:00,1532290,West Seattle Rhodies W,Olympia W,USL W League,NOT_TRUSTED_NO_PROMOTION,NOT_TRUSTED_SKIPPED,RAW_TRUST_GATE_BLOCK,false,MISSING,"raw candidate was not trusted, so scoring gap is intentionally ignored",Keep diagnostic only unless future whitelist changes source trust.,DIAGNOSTIC_ONLY,NO,NO
2026-06-25,2026-06-25T23:55:04+01:00,1515869,BFC Daugavpils,Riga,Virsliga,TRUSTED_SOURCE_BUT_NO_SCORED_ROW,MISSING_SCORED_ROW,SCORING_NOT_RUN_FOR_TRUSTED_RAW,false,MISSING,trusted raw candidate has no matching scored row,Run/repair scoring enrichment over trusted raw fixture candidates before market translation.,WAIT_SCORING,NO,NO
2026-06-25,2026-06-25T23:55:04+01:00,1515870,Grobiņa,Auda,Virsliga,TRUSTED_SOURCE_BUT_NO_SCORED_ROW,MISSING_SCORED_ROW,SCORING_NOT_RUN_FOR_TRUSTED_RAW,false,MISSING,trusted raw candidate has no matching scored row,Run/repair scoring enrichment over trusted raw fixture candidates before market translation.,WAIT_SCORING,NO,NO
2026-06-25,2026-06-25T23:55:04+01:00,1515871,Super Nova,FS Jelgava,Virsliga,TRUSTED_SOURCE_BUT_NO_SCORED_ROW,MISSING_SCORED_ROW,SCORING_NOT_RUN_FOR_TRUSTED_RAW,false,MISSING,trusted raw candidate has no matching scored row,Run/repair scoring enrichment over trusted raw fixture candidates before market translation.,WAIT_SCORING,NO,NO
2026-06-25,2026-06-25T23:55:04+01:00,1489409,Curaçao,Ivory Coast,World Cup,TRUSTED_SOURCE_BUT_NO_SCORED_ROW,MISSING_SCORED_ROW,SCORING_NOT_RUN_FOR_TRUSTED_RAW,false,MISSING,trusted raw candidate has no matching scored row,Run/repair scoring enrichment over trusted raw fixture candidates before market translation.,WAIT_SCORING,NO,NO
2026-06-25,2026-06-25T23:55:04+01:00,1489410,Ecuador,Germany,World Cup,TRUSTED_SOURCE_BUT_NO_SCORED_ROW,MISSING_SCORED_ROW,SCORING_NOT_RUN_FOR_TRUSTED_RAW,false,MISSING,trusted raw candidate has no matching scored row,Run/repair scoring enrichment over trusted raw fixture candidates before market translation.,WAIT_SCORING,NO,NO
2026-06-25,2026-06-25T23:55:04+01:00,1517196,FC jazz,Tampere United,Ykkönen,TRUSTED_SOURCE_BUT_NO_SCORED_ROW,MISSING_SCORED_ROW,SCORING_NOT_RUN_FOR_TRUSTED_RAW,false,MISSING,trusted raw candidate has no matching scored row,Run/repair scoring enrichment over trusted raw fixture candidates before market translation.,WAIT_SCORING,NO,NO
2026-06-25,2026-06-25T23:55:04+01:00,1517197,JJK,Inter Turku II,Ykkönen,TRUSTED_SOURCE_BUT_NO_SCORED_ROW,MISSING_SCORED_ROW,SCORING_NOT_RUN_FOR_TRUSTED_RAW,false,MISSING,trusted raw candidate has no matching scored row,Run/repair scoring enrichment over trusted raw fixture candidates before market translation.,WAIT_SCORING,NO,NO
2026-06-25,2026-06-25T23:55:04+01:00,1508794,Breidablik,Vikingur Reykjavik,Úrvalsdeild,TRUSTED_SOURCE_BUT_NO_SCORED_ROW,MISSING_SCORED_ROW,SCORING_NOT_RUN_FOR_TRUSTED_RAW,false,MISSING,trusted raw candidate has no matching scored row,Run/repair scoring enrichment over trusted raw fixture candidates before market translation.,WAIT_SCORING,NO,NO
2026-06-25,2026-06-25T23:55:04+01:00,1543915,Bahia U17,Vitoria U17,Brasileiro U17,NOT_TRUSTED_NO_PROMOTION,NOT_TRUSTED_SKIPPED,RAW_TRUST_GATE_BLOCK,false,MISSING,"raw candidate was not trusted, so scoring gap is intentionally ignored",Keep diagnostic only unless future whitelist changes source trust.,DIAGNOSTIC_ONLY,NO,NO
2026-06-25,2026-06-25T23:55:04+01:00,1526194,Corinthians U20,Flamengo U20,Brasileiro U20 A,NOT_TRUSTED_NO_PROMOTION,NOT_TRUSTED_SKIPPED,RAW_TRUST_GATE_BLOCK,false,MISSING,"raw candidate was not trusted, so scoring gap is intentionally ignored",Keep diagnostic only unless future whitelist changes source trust.,DIAGNOSTIC_ONLY,NO,NO
2026-06-25,2026-06-25T23:55:04+01:00,1526197,Fluminense U20,Palmeiras U20,Brasileiro U20 A,NOT_TRUSTED_NO_PROMOTION,NOT_TRUSTED_SKIPPED,RAW_TRUST_GATE_BLOCK,false,MISSING,"raw candidate was not trusted, so scoring gap is intentionally ignored",Keep diagnostic only unless future whitelist changes source trust.,DIAGNOSTIC_ONLY,NO,NO
2026-06-25,2026-06-25T23:55:04+01:00,1526199,RB Bragantino U20,Botafogo U20,Brasileiro U20 A,NOT_TRUSTED_NO_PROMOTION,NOT_TRUSTED_SKIPPED,RAW_TRUST_GATE_BLOCK,false,MISSING,"raw candidate was not trusted, so scoring gap is intentionally ignored",Keep diagnostic only unless future whitelist changes source trust.,DIAGNOSTIC_ONLY,NO,NO
2026-06-25,2026-06-25T23:55:04+01:00,1526201,Vasco da Gama U20,Criciuma U20,Brasileiro U20 A,NOT_TRUSTED_NO_PROMOTION,NOT_TRUSTED_SKIPPED,RAW_TRUST_GATE_BLOCK,false,MISSING,"raw candidate was not trusted, so scoring gap is intentionally ignored",Keep diagnostic only unless future whitelist changes source trust.,DIAGNOSTIC_ONLY,NO,NO
2026-06-25,2026-06-25T23:55:04+01:00,1560442,FC Botosani,Dunfermline,Friendlies Clubs,TRUSTED_SOURCE_BUT_NO_SCORED_ROW,MISSING_SCORED_ROW,SCORING_NOT_RUN_FOR_TRUSTED_RAW,false,MISSING,trusted raw candidate has no matching scored row,Run/repair scoring enrichment over trusted raw fixture candidates before market translation.,WAIT_SCORING,NO,NO
2026-06-25,2026-06-25T23:55:04+01:00,1560443,FC Krasnodar,PSK Dinskaya,Friendlies Clubs,TRUSTED_SOURCE_BUT_NO_SCORED_ROW,MISSING_SCORED_ROW,SCORING_NOT_RUN_FOR_TRUSTED_RAW,false,MISSING,trusted raw candidate has no matching scored row,Run/repair scoring enrichment over trusted raw fixture candidates before market translation.,WAIT_SCORING,NO,NO
2026-06-25,2026-06-25T23:55:04+01:00,1554518,FC Orenburg,FK Neftekhimik,Friendlies Clubs,TRUSTED_SOURCE_BUT_NO_SCORED_ROW,MISSING_SCORED_ROW,SCORING_NOT_RUN_FOR_TRUSTED_RAW,false,MISSING,trusted raw candidate has no matching scored row,Run/repair scoring enrichment over trusted raw fixture candidates before market translation.,WAIT_SCORING,NO,NO
2026-06-25,2026-06-25T23:55:04+01:00,1554517,GKS Katowice,Świt Skolwin,Friendlies Clubs,TRUSTED_SOURCE_BUT_NO_SCORED_ROW,MISSING_SCORED_ROW,SCORING_NOT_RUN_FOR_TRUSTED_RAW,false,MISSING,trusted raw candidate has no matching scored row,Run/repair scoring enrichment over trusted raw fixture candidates before market translation.,WAIT_SCORING,NO,NO
2026-06-25,2026-06-25T23:55:04+01:00,1548707,SKU Amstetten,FK Crvena Zvezda,Friendlies Clubs,TRUSTED_SOURCE_BUT_NO_SCORED_ROW,MISSING_SCORED_ROW,SCORING_NOT_RUN_FOR_TRUSTED_RAW,false,MISSING,trusted raw candidate has no matching scored row,Run/repair scoring enrichment over trusted raw fixture candidates before market translation.,WAIT_SCORING,NO,NO
2026-06-25,2026-06-25T23:55:04+01:00,1547268,América-SP U20,Ponte Preta U20,Paulista - U20,NOT_TRUSTED_NO_PROMOTION,NOT_TRUSTED_SKIPPED,RAW_TRUST_GATE_BLOCK,false,MISSING,"raw candidate was not trusted, so scoring gap is intentionally ignored",Keep diagnostic only unless future whitelist changes source trust.,DIAGNOSTIC_ONLY,NO,NO
