target_date,generated_at,rule_id,group_type,group_value,market,sample_rows,evaluated_rows,hit_rows,miss_rows,void_rows,pending_rows,hit_rate_pct,hit_or_void_rate_pct,miss_rate_pct,calibration_status,sample_warning,rule_bucket,rule_decision,rule_reason,future_rule_candidate,activation_permission,canonical_board_permission,pick_permission,stake_permission,auto_apply,production_change
2026-06-10,2026-06-13T16:18:20+01:00,API_CAL_RULE_0001,ALL,ALL,API_1X2,63,55,25,30,0,8,45.5,45.5,54.5,CALIBRATION_WEAK_OR_NEGATIVE,MEDIUM_SAMPLE_UNDER_100,RULE_BLOCK_NEGATIVE_OR_WEAK_MARKET,BLOCK_ML_PROMOTION,API 1X2 hit_rate=45.5% is below the 60% minimum for any ML review.,NO_BLOCKED_MARKET,NO_RULE_ACTIVATION_PERMISSION,NO_CANONICAL_BOARD_PERMISSION,NO_PICK_PERMISSION,NO_STAKE_PERMISSION,NO,NO
2026-06-10,2026-06-13T16:18:20+01:00,API_CAL_RULE_0002,ALL,ALL,API_DNB,63,55,25,17,13,8,45.5,69.1,30.9,CALIBRATION_MEDIUM_PROTECTED_MARKET,MEDIUM_SAMPLE_UNDER_100,RULE_NEUTRAL_OBSERVE_MORE,OBSERVE_MORE_GLOBAL_MARKET,Global market API_DNB does not meet candidate/block thresholds decisively.,NO_OBSERVE_MORE,NO_RULE_ACTIVATION_PERMISSION,NO_CANONICAL_BOARD_PERMISSION,NO_PICK_PERMISSION,NO_STAKE_PERMISSION,NO,NO
2026-06-10,2026-06-13T16:18:20+01:00,API_CAL_RULE_0003,ALL,ALL,API_DOUBLE_CHANCE,63,55,38,17,0,8,69.1,69.1,30.9,CALIBRATION_MEDIUM_OBSERVED_EDGE,MEDIUM_SAMPLE_UNDER_100,RULE_NEUTRAL_OBSERVE_MORE,OBSERVE_MORE_GLOBAL_MARKET,Global market API_DOUBLE_CHANCE does not meet candidate/block thresholds decisively.,NO_OBSERVE_MORE,NO_RULE_ACTIVATION_PERMISSION,NO_CANONICAL_BOARD_PERMISSION,NO_PICK_PERMISSION,NO_STAKE_PERMISSION,NO,NO
2026-06-10,2026-06-13T16:18:20+01:00,API_CAL_RULE_0004,ALL,ALL,BTTS_YES,63,55,24,31,0,8,43.6,43.6,56.4,CALIBRATION_WEAK_OR_NEGATIVE,MEDIUM_SAMPLE_UNDER_100,RULE_BLOCK_NEGATIVE_OR_WEAK_MARKET,BLOCK_BTTS_YES_PROMOTION,BTTS_YES hit_rate=43.6% is weak/negative in current calibration.,NO_BLOCKED_MARKET,NO_RULE_ACTIVATION_PERMISSION,NO_CANONICAL_BOARD_PERMISSION,NO_PICK_PERMISSION,NO_STAKE_PERMISSION,NO,NO
2026-06-10,2026-06-13T16:18:20+01:00,API_CAL_RULE_0005,ALL,ALL,OVER_1_5,63,55,36,19,0,8,65.5,65.5,34.5,CALIBRATION_MEDIUM_OBSERVED_EDGE,MEDIUM_SAMPLE_UNDER_100,RULE_CANDIDATE_TOTAL_MARKET,FUTURE_RULE_REVIEW_ONLY,Over 1.5 hit_rate=65.5% meets total-market threshold.,YES_REVIEW_ONLY,NO_RULE_ACTIVATION_PERMISSION,NO_CANONICAL_BOARD_PERMISSION,NO_PICK_PERMISSION,NO_STAKE_PERMISSION,NO,NO
2026-06-10,2026-06-13T16:18:20+01:00,API_CAL_RULE_0006,ALL,ALL,OVER_2_5,63,55,25,30,0,8,45.5,45.5,54.5,CALIBRATION_WEAK_OR_NEGATIVE,MEDIUM_SAMPLE_UNDER_100,RULE_BLOCK_NEGATIVE_OR_WEAK_MARKET,BLOCK_OVER_2_5_PROMOTION,OVER_2_5 hit_rate=45.5% is weak/negative in current calibration.,NO_BLOCKED_MARKET,NO_RULE_ACTIVATION_PERMISSION,NO_CANONICAL_BOARD_PERMISSION,NO_PICK_PERMISSION,NO_STAKE_PERMISSION,NO,NO
2026-06-10,2026-06-13T16:18:20+01:00,API_CAL_RULE_0007,ALL,ALL,UNDER_3_5,63,55,37,18,0,8,67.3,67.3,32.7,CALIBRATION_MEDIUM_OBSERVED_EDGE,MEDIUM_SAMPLE_UNDER_100,RULE_NEUTRAL_OBSERVE_MORE,OBSERVE_MORE_GLOBAL_MARKET,Global market UNDER_3_5 does not meet candidate/block thresholds decisively.,NO_OBSERVE_MORE,NO_RULE_ACTIVATION_PERMISSION,NO_CANONICAL_BOARD_PERMISSION,NO_PICK_PERMISSION,NO_STAKE_PERMISSION,NO,NO
2026-06-10,2026-06-13T16:18:20+01:00,API_CAL_RULE_0008,PREDICTED_SIDE,AWAY,API_1X2,26,21,9,12,0,5,42.9,42.9,57.1,CALIBRATION_WEAK_OR_NEGATIVE,LOW_SAMPLE_UNDER_50,RULE_BLOCK_NEGATIVE_OR_WEAK_MARKET,BLOCK_ML_PROMOTION,API 1X2 hit_rate=42.9% is below the 60% minimum for any ML review.,NO_BLOCKED_MARKET,NO_RULE_ACTIVATION_PERMISSION,NO_CANONICAL_BOARD_PERMISSION,NO_PICK_PERMISSION,NO_STAKE_PERMISSION,NO,NO
2026-06-10,2026-06-13T16:18:20+01:00,API_CAL_RULE_0009,PREDICTED_SIDE,AWAY,API_DNB,26,21,9,6,6,5,42.9,71.4,28.6,CALIBRATION_MEDIUM_PROTECTED_MARKET,LOW_SAMPLE_UNDER_50,RULE_OBSERVE_ONLY_SEGMENT,OBSERVE_MORE_SEGMENT,Segment PREDICTED_SIDE=AWAY for API_DNB needs more sample before rule review.,NO_SEGMENT_SAMPLE_TOO_SMALL,NO_RULE_ACTIVATION_PERMISSION,NO_CANONICAL_BOARD_PERMISSION,NO_PICK_PERMISSION,NO_STAKE_PERMISSION,NO,NO
2026-06-10,2026-06-13T16:18:20+01:00,API_CAL_RULE_0010,PREDICTED_SIDE,AWAY,API_DOUBLE_CHANCE,26,21,15,6,0,5,71.4,71.4,28.6,CALIBRATION_MEDIUM_OBSERVED_EDGE,LOW_SAMPLE_UNDER_50,RULE_OBSERVE_ONLY_SEGMENT,OBSERVE_MORE_SEGMENT,Segment PREDICTED_SIDE=AWAY for API_DOUBLE_CHANCE needs more sample before rule review.,NO_SEGMENT_SAMPLE_TOO_SMALL,NO_RULE_ACTIVATION_PERMISSION,NO_CANONICAL_BOARD_PERMISSION,NO_PICK_PERMISSION,NO_STAKE_PERMISSION,NO,NO
2026-06-10,2026-06-13T16:18:20+01:00,API_CAL_RULE_0011,PREDICTED_SIDE,AWAY,BTTS_YES,26,21,12,9,0,5,57.1,57.1,42.9,CALIBRATION_NEUTRAL,LOW_SAMPLE_UNDER_50,RULE_OBSERVE_ONLY_SEGMENT,OBSERVE_MORE_SEGMENT,Segment PREDICTED_SIDE=AWAY for BTTS_YES needs more sample before rule review.,NO_SEGMENT_SAMPLE_TOO_SMALL,NO_RULE_ACTIVATION_PERMISSION,NO_CANONICAL_BOARD_PERMISSION,NO_PICK_PERMISSION,NO_STAKE_PERMISSION,NO,NO
2026-06-10,2026-06-13T16:18:20+01:00,API_CAL_RULE_0012,PREDICTED_SIDE,AWAY,OVER_1_5,26,21,15,6,0,5,71.4,71.4,28.6,CALIBRATION_MEDIUM_OBSERVED_EDGE,LOW_SAMPLE_UNDER_50,RULE_CANDIDATE_TOTAL_MARKET_EARLY_SAMPLE,WATCH_ONLY_COLLECT_TO_50_SAMPLE,Over 1.5 hit_rate=71.4% but sample=21 is below 50.,YES_REVIEW_ONLY_AFTER_SAMPLE_GROWS,NO_RULE_ACTIVATION_PERMISSION,NO_CANONICAL_BOARD_PERMISSION,NO_PICK_PERMISSION,NO_STAKE_PERMISSION,NO,NO
2026-06-10,2026-06-13T16:18:20+01:00,API_CAL_RULE_0013,PREDICTED_SIDE,AWAY,OVER_2_5,26,21,11,10,0,5,52.4,52.4,47.6,CALIBRATION_NEUTRAL,LOW_SAMPLE_UNDER_50,RULE_BLOCK_NEGATIVE_OR_WEAK_MARKET,BLOCK_OVER_2_5_PROMOTION,OVER_2_5 hit_rate=52.4% is weak/negative in current calibration.,NO_BLOCKED_MARKET,NO_RULE_ACTIVATION_PERMISSION,NO_CANONICAL_BOARD_PERMISSION,NO_PICK_PERMISSION,NO_STAKE_PERMISSION,NO,NO
2026-06-10,2026-06-13T16:18:20+01:00,API_CAL_RULE_0014,PREDICTED_SIDE,AWAY,UNDER_3_5,26,21,13,8,0,5,61.9,61.9,38.1,CALIBRATION_NEUTRAL,LOW_SAMPLE_UNDER_50,RULE_OBSERVE_ONLY_SEGMENT,OBSERVE_MORE_SEGMENT,Segment PREDICTED_SIDE=AWAY for UNDER_3_5 needs more sample before rule review.,NO_SEGMENT_SAMPLE_TOO_SMALL,NO_RULE_ACTIVATION_PERMISSION,NO_CANONICAL_BOARD_PERMISSION,NO_PICK_PERMISSION,NO_STAKE_PERMISSION,NO,NO
2026-06-10,2026-06-13T16:18:20+01:00,API_CAL_RULE_0015,PREDICTED_SIDE,HOME,API_1X2,37,34,16,18,0,3,47.1,47.1,52.9,CALIBRATION_WEAK_OR_NEGATIVE,LOW_SAMPLE_UNDER_50,RULE_BLOCK_NEGATIVE_OR_WEAK_MARKET,BLOCK_ML_PROMOTION,API 1X2 hit_rate=47.1% is below the 60% minimum for any ML review.,NO_BLOCKED_MARKET,NO_RULE_ACTIVATION_PERMISSION,NO_CANONICAL_BOARD_PERMISSION,NO_PICK_PERMISSION,NO_STAKE_PERMISSION,NO,NO
2026-06-10,2026-06-13T16:18:20+01:00,API_CAL_RULE_0016,PREDICTED_SIDE,HOME,API_DNB,37,34,16,11,7,3,47.1,67.6,32.4,CALIBRATION_MEDIUM_PROTECTED_MARKET,LOW_SAMPLE_UNDER_50,RULE_OBSERVE_ONLY_SEGMENT,OBSERVE_MORE_SEGMENT,Segment PREDICTED_SIDE=HOME for API_DNB needs more sample before rule review.,NO_SEGMENT_SAMPLE_TOO_SMALL,NO_RULE_ACTIVATION_PERMISSION,NO_CANONICAL_BOARD_PERMISSION,NO_PICK_PERMISSION,NO_STAKE_PERMISSION,NO,NO
2026-06-10,2026-06-13T16:18:20+01:00,API_CAL_RULE_0017,PREDICTED_SIDE,HOME,API_DOUBLE_CHANCE,37,34,23,11,0,3,67.6,67.6,32.4,CALIBRATION_MEDIUM_OBSERVED_EDGE,LOW_SAMPLE_UNDER_50,RULE_OBSERVE_ONLY_SEGMENT,OBSERVE_MORE_SEGMENT,Segment PREDICTED_SIDE=HOME for API_DOUBLE_CHANCE needs more sample before rule review.,NO_SEGMENT_SAMPLE_TOO_SMALL,NO_RULE_ACTIVATION_PERMISSION,NO_CANONICAL_BOARD_PERMISSION,NO_PICK_PERMISSION,NO_STAKE_PERMISSION,NO,NO
2026-06-10,2026-06-13T16:18:20+01:00,API_CAL_RULE_0018,PREDICTED_SIDE,HOME,BTTS_YES,37,34,12,22,0,3,35.3,35.3,64.7,CALIBRATION_WEAK_OR_NEGATIVE,LOW_SAMPLE_UNDER_50,RULE_BLOCK_NEGATIVE_OR_WEAK_MARKET,BLOCK_BTTS_YES_PROMOTION,BTTS_YES hit_rate=35.3% is weak/negative in current calibration.,NO_BLOCKED_MARKET,NO_RULE_ACTIVATION_PERMISSION,NO_CANONICAL_BOARD_PERMISSION,NO_PICK_PERMISSION,NO_STAKE_PERMISSION,NO,NO
2026-06-10,2026-06-13T16:18:20+01:00,API_CAL_RULE_0019,PREDICTED_SIDE,HOME,OVER_1_5,37,34,21,13,0,3,61.8,61.8,38.2,CALIBRATION_NEUTRAL,LOW_SAMPLE_UNDER_50,RULE_OBSERVE_ONLY_SEGMENT,OBSERVE_MORE_SEGMENT,Segment PREDICTED_SIDE=HOME for OVER_1_5 needs more sample before rule review.,NO_SEGMENT_SAMPLE_TOO_SMALL,NO_RULE_ACTIVATION_PERMISSION,NO_CANONICAL_BOARD_PERMISSION,NO_PICK_PERMISSION,NO_STAKE_PERMISSION,NO,NO
2026-06-10,2026-06-13T16:18:20+01:00,API_CAL_RULE_0020,PREDICTED_SIDE,HOME,OVER_2_5,37,34,14,20,0,3,41.2,41.2,58.8,CALIBRATION_WEAK_OR_NEGATIVE,LOW_SAMPLE_UNDER_50,RULE_BLOCK_NEGATIVE_OR_WEAK_MARKET,BLOCK_OVER_2_5_PROMOTION,OVER_2_5 hit_rate=41.2% is weak/negative in current calibration.,NO_BLOCKED_MARKET,NO_RULE_ACTIVATION_PERMISSION,NO_CANONICAL_BOARD_PERMISSION,NO_PICK_PERMISSION,NO_STAKE_PERMISSION,NO,NO
2026-06-10,2026-06-13T16:18:20+01:00,API_CAL_RULE_0021,PREDICTED_SIDE,HOME,UNDER_3_5,37,34,24,10,0,3,70.6,70.6,29.4,CALIBRATION_MEDIUM_OBSERVED_EDGE,LOW_SAMPLE_UNDER_50,RULE_CANDIDATE_TOTAL_MARKET_EARLY_SAMPLE,WATCH_ONLY_COLLECT_TO_50_SAMPLE,Under 3.5 hit_rate=70.6% but sample=34 is below 50.,YES_REVIEW_ONLY_AFTER_SAMPLE_GROWS,NO_RULE_ACTIVATION_PERMISSION,NO_CANONICAL_BOARD_PERMISSION,NO_PICK_PERMISSION,NO_STAKE_PERMISSION,NO,NO
2026-06-10,2026-06-13T16:18:20+01:00,API_CAL_RULE_0022,REVIEW_PRIORITY,P1_MANUAL_REVIEW,API_1X2,26,24,13,11,0,2,54.2,54.2,45.8,CALIBRATION_NEUTRAL,LOW_SAMPLE_UNDER_50,RULE_BLOCK_NEGATIVE_OR_WEAK_MARKET,BLOCK_ML_PROMOTION,API 1X2 hit_rate=54.2% is below the 60% minimum for any ML review.,NO_BLOCKED_MARKET,NO_RULE_ACTIVATION_PERMISSION,NO_CANONICAL_BOARD_PERMISSION,NO_PICK_PERMISSION,NO_STAKE_PERMISSION,NO,NO
2026-06-10,2026-06-13T16:18:20+01:00,API_CAL_RULE_0023,REVIEW_PRIORITY,P1_MANUAL_REVIEW,API_DNB,26,24,13,4,7,2,54.2,83.3,16.7,CALIBRATION_STRONG_PROTECTED_MARKET,LOW_SAMPLE_UNDER_50,RULE_CANDIDATE_PROTECTED_MARKET_EARLY_SAMPLE,WATCH_ONLY_COLLECT_TO_50_SAMPLE,API DNB hit_or_void=83.3% and miss_rate=16.7% but sample=24 is below 50.,YES_REVIEW_ONLY_AFTER_SAMPLE_GROWS,NO_RULE_ACTIVATION_PERMISSION,NO_CANONICAL_BOARD_PERMISSION,NO_PICK_PERMISSION,NO_STAKE_PERMISSION,NO,NO
2026-06-10,2026-06-13T16:18:20+01:00,API_CAL_RULE_0024,REVIEW_PRIORITY,P1_MANUAL_REVIEW,API_DOUBLE_CHANCE,26,24,20,4,0,2,83.3,83.3,16.7,CALIBRATION_STRONG_OBSERVED_EDGE,LOW_SAMPLE_UNDER_50,RULE_CANDIDATE_PROTECTED_MARKET_EARLY_SAMPLE,WATCH_ONLY_COLLECT_TO_50_SAMPLE,API double chance hit_rate=83.3% but sample=24 is below 50.,YES_REVIEW_ONLY_AFTER_SAMPLE_GROWS,NO_RULE_ACTIVATION_PERMISSION,NO_CANONICAL_BOARD_PERMISSION,NO_PICK_PERMISSION,NO_STAKE_PERMISSION,NO,NO
2026-06-10,2026-06-13T16:18:20+01:00,API_CAL_RULE_0025,REVIEW_PRIORITY,P1_MANUAL_REVIEW,BTTS_YES,26,24,12,12,0,2,50.0,50.0,50.0,CALIBRATION_NEUTRAL,LOW_SAMPLE_UNDER_50,RULE_BLOCK_NEGATIVE_OR_WEAK_MARKET,BLOCK_BTTS_YES_PROMOTION,BTTS_YES hit_rate=50.0% is weak/negative in current calibration.,NO_BLOCKED_MARKET,NO_RULE_ACTIVATION_PERMISSION,NO_CANONICAL_BOARD_PERMISSION,NO_PICK_PERMISSION,NO_STAKE_PERMISSION,NO,NO
2026-06-10,2026-06-13T16:18:20+01:00,API_CAL_RULE_0026,REVIEW_PRIORITY,P1_MANUAL_REVIEW,OVER_1_5,26,24,19,5,0,2,79.2,79.2,20.8,CALIBRATION_STRONG_OBSERVED_EDGE,LOW_SAMPLE_UNDER_50,RULE_CANDIDATE_TOTAL_MARKET_EARLY_SAMPLE,WATCH_ONLY_COLLECT_TO_50_SAMPLE,Over 1.5 hit_rate=79.2% but sample=24 is below 50.,YES_REVIEW_ONLY_AFTER_SAMPLE_GROWS,NO_RULE_ACTIVATION_PERMISSION,NO_CANONICAL_BOARD_PERMISSION,NO_PICK_PERMISSION,NO_STAKE_PERMISSION,NO,NO
2026-06-10,2026-06-13T16:18:20+01:00,API_CAL_RULE_0027,REVIEW_PRIORITY,P1_MANUAL_REVIEW,OVER_2_5,26,24,11,13,0,2,45.8,45.8,54.2,CALIBRATION_WEAK_OR_NEGATIVE,LOW_SAMPLE_UNDER_50,RULE_BLOCK_NEGATIVE_OR_WEAK_MARKET,BLOCK_OVER_2_5_PROMOTION,OVER_2_5 hit_rate=45.8% is weak/negative in current calibration.,NO_BLOCKED_MARKET,NO_RULE_ACTIVATION_PERMISSION,NO_CANONICAL_BOARD_PERMISSION,NO_PICK_PERMISSION,NO_STAKE_PERMISSION,NO,NO
2026-06-10,2026-06-13T16:18:20+01:00,API_CAL_RULE_0028,REVIEW_PRIORITY,P1_MANUAL_REVIEW,UNDER_3_5,26,24,16,8,0,2,66.7,66.7,33.3,CALIBRATION_MEDIUM_OBSERVED_EDGE,LOW_SAMPLE_UNDER_50,RULE_OBSERVE_ONLY_SEGMENT,OBSERVE_MORE_SEGMENT,Segment REVIEW_PRIORITY=P1_MANUAL_REVIEW for UNDER_3_5 needs more sample before rule review.,NO_SEGMENT_SAMPLE_TOO_SMALL,NO_RULE_ACTIVATION_PERMISSION,NO_CANONICAL_BOARD_PERMISSION,NO_PICK_PERMISSION,NO_STAKE_PERMISSION,NO,NO
2026-06-10,2026-06-13T16:18:20+01:00,API_CAL_RULE_0029,REVIEW_PRIORITY,P2_MANUAL_REVIEW,API_1X2,37,31,12,19,0,6,38.7,38.7,61.3,CALIBRATION_WEAK_OR_NEGATIVE,LOW_SAMPLE_UNDER_50,RULE_BLOCK_NEGATIVE_OR_WEAK_MARKET,BLOCK_ML_PROMOTION,API 1X2 hit_rate=38.7% is below the 60% minimum for any ML review.,NO_BLOCKED_MARKET,NO_RULE_ACTIVATION_PERMISSION,NO_CANONICAL_BOARD_PERMISSION,NO_PICK_PERMISSION,NO_STAKE_PERMISSION,NO,NO
2026-06-10,2026-06-13T16:18:20+01:00,API_CAL_RULE_0030,REVIEW_PRIORITY,P2_MANUAL_REVIEW,API_DNB,37,31,12,13,6,6,38.7,58.1,41.9,CALIBRATION_WEAK_OR_NEGATIVE,LOW_SAMPLE_UNDER_50,RULE_OBSERVE_ONLY_SEGMENT,OBSERVE_MORE_SEGMENT,Segment REVIEW_PRIORITY=P2_MANUAL_REVIEW for API_DNB needs more sample before rule review.,NO_SEGMENT_SAMPLE_TOO_SMALL,NO_RULE_ACTIVATION_PERMISSION,NO_CANONICAL_BOARD_PERMISSION,NO_PICK_PERMISSION,NO_STAKE_PERMISSION,NO,NO
2026-06-10,2026-06-13T16:18:20+01:00,API_CAL_RULE_0031,REVIEW_PRIORITY,P2_MANUAL_REVIEW,API_DOUBLE_CHANCE,37,31,18,13,0,6,58.1,58.1,41.9,CALIBRATION_NEUTRAL,LOW_SAMPLE_UNDER_50,RULE_OBSERVE_ONLY_SEGMENT,OBSERVE_MORE_SEGMENT,Segment REVIEW_PRIORITY=P2_MANUAL_REVIEW for API_DOUBLE_CHANCE needs more sample before rule review.,NO_SEGMENT_SAMPLE_TOO_SMALL,NO_RULE_ACTIVATION_PERMISSION,NO_CANONICAL_BOARD_PERMISSION,NO_PICK_PERMISSION,NO_STAKE_PERMISSION,NO,NO
2026-06-10,2026-06-13T16:18:20+01:00,API_CAL_RULE_0032,REVIEW_PRIORITY,P2_MANUAL_REVIEW,BTTS_YES,37,31,12,19,0,6,38.7,38.7,61.3,CALIBRATION_WEAK_OR_NEGATIVE,LOW_SAMPLE_UNDER_50,RULE_BLOCK_NEGATIVE_OR_WEAK_MARKET,BLOCK_BTTS_YES_PROMOTION,BTTS_YES hit_rate=38.7% is weak/negative in current calibration.,NO_BLOCKED_MARKET,NO_RULE_ACTIVATION_PERMISSION,NO_CANONICAL_BOARD_PERMISSION,NO_PICK_PERMISSION,NO_STAKE_PERMISSION,NO,NO
2026-06-10,2026-06-13T16:18:20+01:00,API_CAL_RULE_0033,REVIEW_PRIORITY,P2_MANUAL_REVIEW,OVER_1_5,37,31,17,14,0,6,54.8,54.8,45.2,CALIBRATION_NEUTRAL,LOW_SAMPLE_UNDER_50,RULE_OBSERVE_ONLY_SEGMENT,OBSERVE_MORE_SEGMENT,Segment REVIEW_PRIORITY=P2_MANUAL_REVIEW for OVER_1_5 needs more sample before rule review.,NO_SEGMENT_SAMPLE_TOO_SMALL,NO_RULE_ACTIVATION_PERMISSION,NO_CANONICAL_BOARD_PERMISSION,NO_PICK_PERMISSION,NO_STAKE_PERMISSION,NO,NO
2026-06-10,2026-06-13T16:18:20+01:00,API_CAL_RULE_0034,REVIEW_PRIORITY,P2_MANUAL_REVIEW,OVER_2_5,37,31,14,17,0,6,45.2,45.2,54.8,CALIBRATION_WEAK_OR_NEGATIVE,LOW_SAMPLE_UNDER_50,RULE_BLOCK_NEGATIVE_OR_WEAK_MARKET,BLOCK_OVER_2_5_PROMOTION,OVER_2_5 hit_rate=45.2% is weak/negative in current calibration.,NO_BLOCKED_MARKET,NO_RULE_ACTIVATION_PERMISSION,NO_CANONICAL_BOARD_PERMISSION,NO_PICK_PERMISSION,NO_STAKE_PERMISSION,NO,NO
2026-06-10,2026-06-13T16:18:20+01:00,API_CAL_RULE_0035,REVIEW_PRIORITY,P2_MANUAL_REVIEW,UNDER_3_5,37,31,21,10,0,6,67.7,67.7,32.3,CALIBRATION_MEDIUM_OBSERVED_EDGE,LOW_SAMPLE_UNDER_50,RULE_OBSERVE_ONLY_SEGMENT,OBSERVE_MORE_SEGMENT,Segment REVIEW_PRIORITY=P2_MANUAL_REVIEW for UNDER_3_5 needs more sample before rule review.,NO_SEGMENT_SAMPLE_TOO_SMALL,NO_RULE_ACTIVATION_PERMISSION,NO_CANONICAL_BOARD_PERMISSION,NO_PICK_PERMISSION,NO_STAKE_PERMISSION,NO,NO
2026-06-10,2026-06-13T16:18:20+01:00,API_CAL_RULE_0036,SCORE_BUCKET,SCORE_55_69,API_1X2,22,19,5,14,0,3,26.3,26.3,73.7,CALIBRATION_OBSERVE_ONLY,INSUFFICIENT_SAMPLE_UNDER_20,RULE_OBSERVE_ONLY_INSUFFICIENT_SAMPLE,COLLECT_MORE_SAMPLE,Only 19 evaluated rows; minimum observation sample is 20.,NO_SAMPLE_TOO_SMALL,NO_RULE_ACTIVATION_PERMISSION,NO_CANONICAL_BOARD_PERMISSION,NO_PICK_PERMISSION,NO_STAKE_PERMISSION,NO,NO
2026-06-10,2026-06-13T16:18:20+01:00,API_CAL_RULE_0037,SCORE_BUCKET,SCORE_55_69,API_DNB,22,19,5,9,5,3,26.3,52.6,47.4,CALIBRATION_OBSERVE_ONLY,INSUFFICIENT_SAMPLE_UNDER_20,RULE_OBSERVE_ONLY_INSUFFICIENT_SAMPLE,COLLECT_MORE_SAMPLE,Only 19 evaluated rows; minimum observation sample is 20.,NO_SAMPLE_TOO_SMALL,NO_RULE_ACTIVATION_PERMISSION,NO_CANONICAL_BOARD_PERMISSION,NO_PICK_PERMISSION,NO_STAKE_PERMISSION,NO,NO
2026-06-10,2026-06-13T16:18:20+01:00,API_CAL_RULE_0038,SCORE_BUCKET,SCORE_55_69,API_DOUBLE_CHANCE,22,19,10,9,0,3,52.6,52.6,47.4,CALIBRATION_OBSERVE_ONLY,INSUFFICIENT_SAMPLE_UNDER_20,RULE_OBSERVE_ONLY_INSUFFICIENT_SAMPLE,COLLECT_MORE_SAMPLE,Only 19 evaluated rows; minimum observation sample is 20.,NO_SAMPLE_TOO_SMALL,NO_RULE_ACTIVATION_PERMISSION,NO_CANONICAL_BOARD_PERMISSION,NO_PICK_PERMISSION,NO_STAKE_PERMISSION,NO,NO
2026-06-10,2026-06-13T16:18:20+01:00,API_CAL_RULE_0039,SCORE_BUCKET,SCORE_55_69,BTTS_YES,22,19,6,13,0,3,31.6,31.6,68.4,CALIBRATION_OBSERVE_ONLY,INSUFFICIENT_SAMPLE_UNDER_20,RULE_OBSERVE_ONLY_INSUFFICIENT_SAMPLE,COLLECT_MORE_SAMPLE,Only 19 evaluated rows; minimum observation sample is 20.,NO_SAMPLE_TOO_SMALL,NO_RULE_ACTIVATION_PERMISSION,NO_CANONICAL_BOARD_PERMISSION,NO_PICK_PERMISSION,NO_STAKE_PERMISSION,NO,NO
2026-06-10,2026-06-13T16:18:20+01:00,API_CAL_RULE_0040,SCORE_BUCKET,SCORE_55_69,OVER_1_5,22,19,9,10,0,3,47.4,47.4,52.6,CALIBRATION_OBSERVE_ONLY,INSUFFICIENT_SAMPLE_UNDER_20,RULE_OBSERVE_ONLY_INSUFFICIENT_SAMPLE,COLLECT_MORE_SAMPLE,Only 19 evaluated rows; minimum observation sample is 20.,NO_SAMPLE_TOO_SMALL,NO_RULE_ACTIVATION_PERMISSION,NO_CANONICAL_BOARD_PERMISSION,NO_PICK_PERMISSION,NO_STAKE_PERMISSION,NO,NO
2026-06-10,2026-06-13T16:18:20+01:00,API_CAL_RULE_0041,SCORE_BUCKET,SCORE_55_69,OVER_2_5,22,19,7,12,0,3,36.8,36.8,63.2,CALIBRATION_OBSERVE_ONLY,INSUFFICIENT_SAMPLE_UNDER_20,RULE_OBSERVE_ONLY_INSUFFICIENT_SAMPLE,COLLECT_MORE_SAMPLE,Only 19 evaluated rows; minimum observation sample is 20.,NO_SAMPLE_TOO_SMALL,NO_RULE_ACTIVATION_PERMISSION,NO_CANONICAL_BOARD_PERMISSION,NO_PICK_PERMISSION,NO_STAKE_PERMISSION,NO,NO
2026-06-10,2026-06-13T16:18:20+01:00,API_CAL_RULE_0042,SCORE_BUCKET,SCORE_55_69,UNDER_3_5,22,19,14,5,0,3,73.7,73.7,26.3,CALIBRATION_OBSERVE_ONLY,INSUFFICIENT_SAMPLE_UNDER_20,RULE_OBSERVE_ONLY_INSUFFICIENT_SAMPLE,COLLECT_MORE_SAMPLE,Only 19 evaluated rows; minimum observation sample is 20.,NO_SAMPLE_TOO_SMALL,NO_RULE_ACTIVATION_PERMISSION,NO_CANONICAL_BOARD_PERMISSION,NO_PICK_PERMISSION,NO_STAKE_PERMISSION,NO,NO
2026-06-10,2026-06-13T16:18:20+01:00,API_CAL_RULE_0043,SCORE_BUCKET,SCORE_70_79,API_1X2,17,14,8,6,0,3,57.1,57.1,42.9,CALIBRATION_OBSERVE_ONLY,INSUFFICIENT_SAMPLE_UNDER_20,RULE_OBSERVE_ONLY_INSUFFICIENT_SAMPLE,COLLECT_MORE_SAMPLE,Only 14 evaluated rows; minimum observation sample is 20.,NO_SAMPLE_TOO_SMALL,NO_RULE_ACTIVATION_PERMISSION,NO_CANONICAL_BOARD_PERMISSION,NO_PICK_PERMISSION,NO_STAKE_PERMISSION,NO,NO
2026-06-10,2026-06-13T16:18:20+01:00,API_CAL_RULE_0044,SCORE_BUCKET,SCORE_70_79,API_DNB,17,14,8,4,2,3,57.1,71.4,28.6,CALIBRATION_OBSERVE_ONLY,INSUFFICIENT_SAMPLE_UNDER_20,RULE_OBSERVE_ONLY_INSUFFICIENT_SAMPLE,COLLECT_MORE_SAMPLE,Only 14 evaluated rows; minimum observation sample is 20.,NO_SAMPLE_TOO_SMALL,NO_RULE_ACTIVATION_PERMISSION,NO_CANONICAL_BOARD_PERMISSION,NO_PICK_PERMISSION,NO_STAKE_PERMISSION,NO,NO
2026-06-10,2026-06-13T16:18:20+01:00,API_CAL_RULE_0045,SCORE_BUCKET,SCORE_70_79,API_DOUBLE_CHANCE,17,14,10,4,0,3,71.4,71.4,28.6,CALIBRATION_OBSERVE_ONLY,INSUFFICIENT_SAMPLE_UNDER_20,RULE_OBSERVE_ONLY_INSUFFICIENT_SAMPLE,COLLECT_MORE_SAMPLE,Only 14 evaluated rows; minimum observation sample is 20.,NO_SAMPLE_TOO_SMALL,NO_RULE_ACTIVATION_PERMISSION,NO_CANONICAL_BOARD_PERMISSION,NO_PICK_PERMISSION,NO_STAKE_PERMISSION,NO,NO
2026-06-10,2026-06-13T16:18:20+01:00,API_CAL_RULE_0046,SCORE_BUCKET,SCORE_70_79,BTTS_YES,17,14,7,7,0,3,50.0,50.0,50.0,CALIBRATION_OBSERVE_ONLY,INSUFFICIENT_SAMPLE_UNDER_20,RULE_OBSERVE_ONLY_INSUFFICIENT_SAMPLE,COLLECT_MORE_SAMPLE,Only 14 evaluated rows; minimum observation sample is 20.,NO_SAMPLE_TOO_SMALL,NO_RULE_ACTIVATION_PERMISSION,NO_CANONICAL_BOARD_PERMISSION,NO_PICK_PERMISSION,NO_STAKE_PERMISSION,NO,NO
2026-06-10,2026-06-13T16:18:20+01:00,API_CAL_RULE_0047,SCORE_BUCKET,SCORE_70_79,OVER_1_5,17,14,9,5,0,3,64.3,64.3,35.7,CALIBRATION_OBSERVE_ONLY,INSUFFICIENT_SAMPLE_UNDER_20,RULE_OBSERVE_ONLY_INSUFFICIENT_SAMPLE,COLLECT_MORE_SAMPLE,Only 14 evaluated rows; minimum observation sample is 20.,NO_SAMPLE_TOO_SMALL,NO_RULE_ACTIVATION_PERMISSION,NO_CANONICAL_BOARD_PERMISSION,NO_PICK_PERMISSION,NO_STAKE_PERMISSION,NO,NO
2026-06-10,2026-06-13T16:18:20+01:00,API_CAL_RULE_0048,SCORE_BUCKET,SCORE_70_79,OVER_2_5,17,14,8,6,0,3,57.1,57.1,42.9,CALIBRATION_OBSERVE_ONLY,INSUFFICIENT_SAMPLE_UNDER_20,RULE_OBSERVE_ONLY_INSUFFICIENT_SAMPLE,COLLECT_MORE_SAMPLE,Only 14 evaluated rows; minimum observation sample is 20.,NO_SAMPLE_TOO_SMALL,NO_RULE_ACTIVATION_PERMISSION,NO_CANONICAL_BOARD_PERMISSION,NO_PICK_PERMISSION,NO_STAKE_PERMISSION,NO,NO
2026-06-10,2026-06-13T16:18:20+01:00,API_CAL_RULE_0049,SCORE_BUCKET,SCORE_70_79,UNDER_3_5,17,14,9,5,0,3,64.3,64.3,35.7,CALIBRATION_OBSERVE_ONLY,INSUFFICIENT_SAMPLE_UNDER_20,RULE_OBSERVE_ONLY_INSUFFICIENT_SAMPLE,COLLECT_MORE_SAMPLE,Only 14 evaluated rows; minimum observation sample is 20.,NO_SAMPLE_TOO_SMALL,NO_RULE_ACTIVATION_PERMISSION,NO_CANONICAL_BOARD_PERMISSION,NO_PICK_PERMISSION,NO_STAKE_PERMISSION,NO,NO
2026-06-10,2026-06-13T16:18:20+01:00,API_CAL_RULE_0050,SCORE_BUCKET,SCORE_80_89,API_1X2,6,5,1,4,0,1,20.0,20.0,80.0,CALIBRATION_OBSERVE_ONLY,INSUFFICIENT_SAMPLE_UNDER_20,RULE_OBSERVE_ONLY_INSUFFICIENT_SAMPLE,COLLECT_MORE_SAMPLE,Only 5 evaluated rows; minimum observation sample is 20.,NO_SAMPLE_TOO_SMALL,NO_RULE_ACTIVATION_PERMISSION,NO_CANONICAL_BOARD_PERMISSION,NO_PICK_PERMISSION,NO_STAKE_PERMISSION,NO,NO
2026-06-10,2026-06-13T16:18:20+01:00,API_CAL_RULE_0051,SCORE_BUCKET,SCORE_80_89,API_DNB,6,5,1,2,2,1,20.0,60.0,40.0,CALIBRATION_OBSERVE_ONLY,INSUFFICIENT_SAMPLE_UNDER_20,RULE_OBSERVE_ONLY_INSUFFICIENT_SAMPLE,COLLECT_MORE_SAMPLE,Only 5 evaluated rows; minimum observation sample is 20.,NO_SAMPLE_TOO_SMALL,NO_RULE_ACTIVATION_PERMISSION,NO_CANONICAL_BOARD_PERMISSION,NO_PICK_PERMISSION,NO_STAKE_PERMISSION,NO,NO
2026-06-10,2026-06-13T16:18:20+01:00,API_CAL_RULE_0052,SCORE_BUCKET,SCORE_80_89,API_DOUBLE_CHANCE,6,5,3,2,0,1,60.0,60.0,40.0,CALIBRATION_OBSERVE_ONLY,INSUFFICIENT_SAMPLE_UNDER_20,RULE_OBSERVE_ONLY_INSUFFICIENT_SAMPLE,COLLECT_MORE_SAMPLE,Only 5 evaluated rows; minimum observation sample is 20.,NO_SAMPLE_TOO_SMALL,NO_RULE_ACTIVATION_PERMISSION,NO_CANONICAL_BOARD_PERMISSION,NO_PICK_PERMISSION,NO_STAKE_PERMISSION,NO,NO
2026-06-10,2026-06-13T16:18:20+01:00,API_CAL_RULE_0053,SCORE_BUCKET,SCORE_80_89,BTTS_YES,6,5,4,1,0,1,80.0,80.0,20.0,CALIBRATION_OBSERVE_ONLY,INSUFFICIENT_SAMPLE_UNDER_20,RULE_OBSERVE_ONLY_INSUFFICIENT_SAMPLE,COLLECT_MORE_SAMPLE,Only 5 evaluated rows; minimum observation sample is 20.,NO_SAMPLE_TOO_SMALL,NO_RULE_ACTIVATION_PERMISSION,NO_CANONICAL_BOARD_PERMISSION,NO_PICK_PERMISSION,NO_STAKE_PERMISSION,NO,NO
2026-06-10,2026-06-13T16:18:20+01:00,API_CAL_RULE_0054,SCORE_BUCKET,SCORE_80_89,OVER_1_5,6,5,5,0,0,1,100.0,100.0,0.0,CALIBRATION_OBSERVE_ONLY,INSUFFICIENT_SAMPLE_UNDER_20,RULE_OBSERVE_ONLY_INSUFFICIENT_SAMPLE,COLLECT_MORE_SAMPLE,Only 5 evaluated rows; minimum observation sample is 20.,NO_SAMPLE_TOO_SMALL,NO_RULE_ACTIVATION_PERMISSION,NO_CANONICAL_BOARD_PERMISSION,NO_PICK_PERMISSION,NO_STAKE_PERMISSION,NO,NO
2026-06-10,2026-06-13T16:18:20+01:00,API_CAL_RULE_0055,SCORE_BUCKET,SCORE_80_89,OVER_2_5,6,5,3,2,0,1,60.0,60.0,40.0,CALIBRATION_OBSERVE_ONLY,INSUFFICIENT_SAMPLE_UNDER_20,RULE_OBSERVE_ONLY_INSUFFICIENT_SAMPLE,COLLECT_MORE_SAMPLE,Only 5 evaluated rows; minimum observation sample is 20.,NO_SAMPLE_TOO_SMALL,NO_RULE_ACTIVATION_PERMISSION,NO_CANONICAL_BOARD_PERMISSION,NO_PICK_PERMISSION,NO_STAKE_PERMISSION,NO,NO
2026-06-10,2026-06-13T16:18:20+01:00,API_CAL_RULE_0056,SCORE_BUCKET,SCORE_80_89,UNDER_3_5,6,5,3,2,0,1,60.0,60.0,40.0,CALIBRATION_OBSERVE_ONLY,INSUFFICIENT_SAMPLE_UNDER_20,RULE_OBSERVE_ONLY_INSUFFICIENT_SAMPLE,COLLECT_MORE_SAMPLE,Only 5 evaluated rows; minimum observation sample is 20.,NO_SAMPLE_TOO_SMALL,NO_RULE_ACTIVATION_PERMISSION,NO_CANONICAL_BOARD_PERMISSION,NO_PICK_PERMISSION,NO_STAKE_PERMISSION,NO,NO
2026-06-10,2026-06-13T16:18:20+01:00,API_CAL_RULE_0057,SCORE_BUCKET,SCORE_90_PLUS,API_1X2,18,17,11,6,0,1,64.7,64.7,35.3,CALIBRATION_OBSERVE_ONLY,INSUFFICIENT_SAMPLE_UNDER_20,RULE_OBSERVE_ONLY_INSUFFICIENT_SAMPLE,COLLECT_MORE_SAMPLE,Only 17 evaluated rows; minimum observation sample is 20.,NO_SAMPLE_TOO_SMALL,NO_RULE_ACTIVATION_PERMISSION,NO_CANONICAL_BOARD_PERMISSION,NO_PICK_PERMISSION,NO_STAKE_PERMISSION,NO,NO
2026-06-10,2026-06-13T16:18:20+01:00,API_CAL_RULE_0058,SCORE_BUCKET,SCORE_90_PLUS,API_DNB,18,17,11,2,4,1,64.7,88.2,11.8,CALIBRATION_OBSERVE_ONLY,INSUFFICIENT_SAMPLE_UNDER_20,RULE_OBSERVE_ONLY_INSUFFICIENT_SAMPLE,COLLECT_MORE_SAMPLE,Only 17 evaluated rows; minimum observation sample is 20.,NO_SAMPLE_TOO_SMALL,NO_RULE_ACTIVATION_PERMISSION,NO_CANONICAL_BOARD_PERMISSION,NO_PICK_PERMISSION,NO_STAKE_PERMISSION,NO,NO
2026-06-10,2026-06-13T16:18:20+01:00,API_CAL_RULE_0059,SCORE_BUCKET,SCORE_90_PLUS,API_DOUBLE_CHANCE,18,17,15,2,0,1,88.2,88.2,11.8,CALIBRATION_OBSERVE_ONLY,INSUFFICIENT_SAMPLE_UNDER_20,RULE_OBSERVE_ONLY_INSUFFICIENT_SAMPLE,COLLECT_MORE_SAMPLE,Only 17 evaluated rows; minimum observation sample is 20.,NO_SAMPLE_TOO_SMALL,NO_RULE_ACTIVATION_PERMISSION,NO_CANONICAL_BOARD_PERMISSION,NO_PICK_PERMISSION,NO_STAKE_PERMISSION,NO,NO
2026-06-10,2026-06-13T16:18:20+01:00,API_CAL_RULE_0060,SCORE_BUCKET,SCORE_90_PLUS,BTTS_YES,18,17,7,10,0,1,41.2,41.2,58.8,CALIBRATION_OBSERVE_ONLY,INSUFFICIENT_SAMPLE_UNDER_20,RULE_OBSERVE_ONLY_INSUFFICIENT_SAMPLE,COLLECT_MORE_SAMPLE,Only 17 evaluated rows; minimum observation sample is 20.,NO_SAMPLE_TOO_SMALL,NO_RULE_ACTIVATION_PERMISSION,NO_CANONICAL_BOARD_PERMISSION,NO_PICK_PERMISSION,NO_STAKE_PERMISSION,NO,NO
2026-06-10,2026-06-13T16:18:20+01:00,API_CAL_RULE_0061,SCORE_BUCKET,SCORE_90_PLUS,OVER_1_5,18,17,13,4,0,1,76.5,76.5,23.5,CALIBRATION_OBSERVE_ONLY,INSUFFICIENT_SAMPLE_UNDER_20,RULE_OBSERVE_ONLY_INSUFFICIENT_SAMPLE,COLLECT_MORE_SAMPLE,Only 17 evaluated rows; minimum observation sample is 20.,NO_SAMPLE_TOO_SMALL,NO_RULE_ACTIVATION_PERMISSION,NO_CANONICAL_BOARD_PERMISSION,NO_PICK_PERMISSION,NO_STAKE_PERMISSION,NO,NO
2026-06-10,2026-06-13T16:18:20+01:00,API_CAL_RULE_0062,SCORE_BUCKET,SCORE_90_PLUS,OVER_2_5,18,17,7,10,0,1,41.2,41.2,58.8,CALIBRATION_OBSERVE_ONLY,INSUFFICIENT_SAMPLE_UNDER_20,RULE_OBSERVE_ONLY_INSUFFICIENT_SAMPLE,COLLECT_MORE_SAMPLE,Only 17 evaluated rows; minimum observation sample is 20.,NO_SAMPLE_TOO_SMALL,NO_RULE_ACTIVATION_PERMISSION,NO_CANONICAL_BOARD_PERMISSION,NO_PICK_PERMISSION,NO_STAKE_PERMISSION,NO,NO
2026-06-10,2026-06-13T16:18:20+01:00,API_CAL_RULE_0063,SCORE_BUCKET,SCORE_90_PLUS,UNDER_3_5,18,17,11,6,0,1,64.7,64.7,35.3,CALIBRATION_OBSERVE_ONLY,INSUFFICIENT_SAMPLE_UNDER_20,RULE_OBSERVE_ONLY_INSUFFICIENT_SAMPLE,COLLECT_MORE_SAMPLE,Only 17 evaluated rows; minimum observation sample is 20.,NO_SAMPLE_TOO_SMALL,NO_RULE_ACTIVATION_PERMISSION,NO_CANONICAL_BOARD_PERMISSION,NO_PICK_PERMISSION,NO_STAKE_PERMISSION,NO,NO
2026-06-10,2026-06-13T16:18:20+01:00,API_CAL_RULE_0064,SIGNAL_BAND,HIGH_SIGNAL_REVIEW,API_1X2,26,24,13,11,0,2,54.2,54.2,45.8,CALIBRATION_NEUTRAL,LOW_SAMPLE_UNDER_50,RULE_BLOCK_NEGATIVE_OR_WEAK_MARKET,BLOCK_ML_PROMOTION,API 1X2 hit_rate=54.2% is below the 60% minimum for any ML review.,NO_BLOCKED_MARKET,NO_RULE_ACTIVATION_PERMISSION,NO_CANONICAL_BOARD_PERMISSION,NO_PICK_PERMISSION,NO_STAKE_PERMISSION,NO,NO
2026-06-10,2026-06-13T16:18:20+01:00,API_CAL_RULE_0065,SIGNAL_BAND,HIGH_SIGNAL_REVIEW,API_DNB,26,24,13,4,7,2,54.2,83.3,16.7,CALIBRATION_STRONG_PROTECTED_MARKET,LOW_SAMPLE_UNDER_50,RULE_CANDIDATE_PROTECTED_MARKET_EARLY_SAMPLE,WATCH_ONLY_COLLECT_TO_50_SAMPLE,API DNB hit_or_void=83.3% and miss_rate=16.7% but sample=24 is below 50.,YES_REVIEW_ONLY_AFTER_SAMPLE_GROWS,NO_RULE_ACTIVATION_PERMISSION,NO_CANONICAL_BOARD_PERMISSION,NO_PICK_PERMISSION,NO_STAKE_PERMISSION,NO,NO
2026-06-10,2026-06-13T16:18:20+01:00,API_CAL_RULE_0066,SIGNAL_BAND,HIGH_SIGNAL_REVIEW,API_DOUBLE_CHANCE,26,24,20,4,0,2,83.3,83.3,16.7,CALIBRATION_STRONG_OBSERVED_EDGE,LOW_SAMPLE_UNDER_50,RULE_CANDIDATE_PROTECTED_MARKET_EARLY_SAMPLE,WATCH_ONLY_COLLECT_TO_50_SAMPLE,API double chance hit_rate=83.3% but sample=24 is below 50.,YES_REVIEW_ONLY_AFTER_SAMPLE_GROWS,NO_RULE_ACTIVATION_PERMISSION,NO_CANONICAL_BOARD_PERMISSION,NO_PICK_PERMISSION,NO_STAKE_PERMISSION,NO,NO
2026-06-10,2026-06-13T16:18:20+01:00,API_CAL_RULE_0067,SIGNAL_BAND,HIGH_SIGNAL_REVIEW,BTTS_YES,26,24,12,12,0,2,50.0,50.0,50.0,CALIBRATION_NEUTRAL,LOW_SAMPLE_UNDER_50,RULE_BLOCK_NEGATIVE_OR_WEAK_MARKET,BLOCK_BTTS_YES_PROMOTION,BTTS_YES hit_rate=50.0% is weak/negative in current calibration.,NO_BLOCKED_MARKET,NO_RULE_ACTIVATION_PERMISSION,NO_CANONICAL_BOARD_PERMISSION,NO_PICK_PERMISSION,NO_STAKE_PERMISSION,NO,NO
2026-06-10,2026-06-13T16:18:20+01:00,API_CAL_RULE_0068,SIGNAL_BAND,HIGH_SIGNAL_REVIEW,OVER_1_5,26,24,19,5,0,2,79.2,79.2,20.8,CALIBRATION_STRONG_OBSERVED_EDGE,LOW_SAMPLE_UNDER_50,RULE_CANDIDATE_TOTAL_MARKET_EARLY_SAMPLE,WATCH_ONLY_COLLECT_TO_50_SAMPLE,Over 1.5 hit_rate=79.2% but sample=24 is below 50.,YES_REVIEW_ONLY_AFTER_SAMPLE_GROWS,NO_RULE_ACTIVATION_PERMISSION,NO_CANONICAL_BOARD_PERMISSION,NO_PICK_PERMISSION,NO_STAKE_PERMISSION,NO,NO
2026-06-10,2026-06-13T16:18:20+01:00,API_CAL_RULE_0069,SIGNAL_BAND,HIGH_SIGNAL_REVIEW,OVER_2_5,26,24,11,13,0,2,45.8,45.8,54.2,CALIBRATION_WEAK_OR_NEGATIVE,LOW_SAMPLE_UNDER_50,RULE_BLOCK_NEGATIVE_OR_WEAK_MARKET,BLOCK_OVER_2_5_PROMOTION,OVER_2_5 hit_rate=45.8% is weak/negative in current calibration.,NO_BLOCKED_MARKET,NO_RULE_ACTIVATION_PERMISSION,NO_CANONICAL_BOARD_PERMISSION,NO_PICK_PERMISSION,NO_STAKE_PERMISSION,NO,NO
2026-06-10,2026-06-13T16:18:20+01:00,API_CAL_RULE_0070,SIGNAL_BAND,HIGH_SIGNAL_REVIEW,UNDER_3_5,26,24,16,8,0,2,66.7,66.7,33.3,CALIBRATION_MEDIUM_OBSERVED_EDGE,LOW_SAMPLE_UNDER_50,RULE_OBSERVE_ONLY_SEGMENT,OBSERVE_MORE_SEGMENT,Segment SIGNAL_BAND=HIGH_SIGNAL_REVIEW for UNDER_3_5 needs more sample before rule review.,NO_SEGMENT_SAMPLE_TOO_SMALL,NO_RULE_ACTIVATION_PERMISSION,NO_CANONICAL_BOARD_PERMISSION,NO_PICK_PERMISSION,NO_STAKE_PERMISSION,NO,NO
2026-06-10,2026-06-13T16:18:20+01:00,API_CAL_RULE_0071,SIGNAL_BAND,MEDIUM_SIGNAL_REVIEW,API_1X2,37,31,12,19,0,6,38.7,38.7,61.3,CALIBRATION_WEAK_OR_NEGATIVE,LOW_SAMPLE_UNDER_50,RULE_BLOCK_NEGATIVE_OR_WEAK_MARKET,BLOCK_ML_PROMOTION,API 1X2 hit_rate=38.7% is below the 60% minimum for any ML review.,NO_BLOCKED_MARKET,NO_RULE_ACTIVATION_PERMISSION,NO_CANONICAL_BOARD_PERMISSION,NO_PICK_PERMISSION,NO_STAKE_PERMISSION,NO,NO
2026-06-10,2026-06-13T16:18:20+01:00,API_CAL_RULE_0072,SIGNAL_BAND,MEDIUM_SIGNAL_REVIEW,API_DNB,37,31,12,13,6,6,38.7,58.1,41.9,CALIBRATION_WEAK_OR_NEGATIVE,LOW_SAMPLE_UNDER_50,RULE_OBSERVE_ONLY_SEGMENT,OBSERVE_MORE_SEGMENT,Segment SIGNAL_BAND=MEDIUM_SIGNAL_REVIEW for API_DNB needs more sample before rule review.,NO_SEGMENT_SAMPLE_TOO_SMALL,NO_RULE_ACTIVATION_PERMISSION,NO_CANONICAL_BOARD_PERMISSION,NO_PICK_PERMISSION,NO_STAKE_PERMISSION,NO,NO
2026-06-10,2026-06-13T16:18:20+01:00,API_CAL_RULE_0073,SIGNAL_BAND,MEDIUM_SIGNAL_REVIEW,API_DOUBLE_CHANCE,37,31,18,13,0,6,58.1,58.1,41.9,CALIBRATION_NEUTRAL,LOW_SAMPLE_UNDER_50,RULE_OBSERVE_ONLY_SEGMENT,OBSERVE_MORE_SEGMENT,Segment SIGNAL_BAND=MEDIUM_SIGNAL_REVIEW for API_DOUBLE_CHANCE needs more sample before rule review.,NO_SEGMENT_SAMPLE_TOO_SMALL,NO_RULE_ACTIVATION_PERMISSION,NO_CANONICAL_BOARD_PERMISSION,NO_PICK_PERMISSION,NO_STAKE_PERMISSION,NO,NO
2026-06-10,2026-06-13T16:18:20+01:00,API_CAL_RULE_0074,SIGNAL_BAND,MEDIUM_SIGNAL_REVIEW,BTTS_YES,37,31,12,19,0,6,38.7,38.7,61.3,CALIBRATION_WEAK_OR_NEGATIVE,LOW_SAMPLE_UNDER_50,RULE_BLOCK_NEGATIVE_OR_WEAK_MARKET,BLOCK_BTTS_YES_PROMOTION,BTTS_YES hit_rate=38.7% is weak/negative in current calibration.,NO_BLOCKED_MARKET,NO_RULE_ACTIVATION_PERMISSION,NO_CANONICAL_BOARD_PERMISSION,NO_PICK_PERMISSION,NO_STAKE_PERMISSION,NO,NO
2026-06-10,2026-06-13T16:18:20+01:00,API_CAL_RULE_0075,SIGNAL_BAND,MEDIUM_SIGNAL_REVIEW,OVER_1_5,37,31,17,14,0,6,54.8,54.8,45.2,CALIBRATION_NEUTRAL,LOW_SAMPLE_UNDER_50,RULE_OBSERVE_ONLY_SEGMENT,OBSERVE_MORE_SEGMENT,Segment SIGNAL_BAND=MEDIUM_SIGNAL_REVIEW for OVER_1_5 needs more sample before rule review.,NO_SEGMENT_SAMPLE_TOO_SMALL,NO_RULE_ACTIVATION_PERMISSION,NO_CANONICAL_BOARD_PERMISSION,NO_PICK_PERMISSION,NO_STAKE_PERMISSION,NO,NO
2026-06-10,2026-06-13T16:18:20+01:00,API_CAL_RULE_0076,SIGNAL_BAND,MEDIUM_SIGNAL_REVIEW,OVER_2_5,37,31,14,17,0,6,45.2,45.2,54.8,CALIBRATION_WEAK_OR_NEGATIVE,LOW_SAMPLE_UNDER_50,RULE_BLOCK_NEGATIVE_OR_WEAK_MARKET,BLOCK_OVER_2_5_PROMOTION,OVER_2_5 hit_rate=45.2% is weak/negative in current calibration.,NO_BLOCKED_MARKET,NO_RULE_ACTIVATION_PERMISSION,NO_CANONICAL_BOARD_PERMISSION,NO_PICK_PERMISSION,NO_STAKE_PERMISSION,NO,NO
2026-06-10,2026-06-13T16:18:20+01:00,API_CAL_RULE_0077,SIGNAL_BAND,MEDIUM_SIGNAL_REVIEW,UNDER_3_5,37,31,21,10,0,6,67.7,67.7,32.3,CALIBRATION_MEDIUM_OBSERVED_EDGE,LOW_SAMPLE_UNDER_50,RULE_OBSERVE_ONLY_SEGMENT,OBSERVE_MORE_SEGMENT,Segment SIGNAL_BAND=MEDIUM_SIGNAL_REVIEW for UNDER_3_5 needs more sample before rule review.,NO_SEGMENT_SAMPLE_TOO_SMALL,NO_RULE_ACTIVATION_PERMISSION,NO_CANONICAL_BOARD_PERMISSION,NO_PICK_PERMISSION,NO_STAKE_PERMISSION,NO,NO
