date,fixture_datetime_utc,fixture_timestamp,league,league_id,season,fixture_id,status,home_team,home_team_id,away_team,away_team_id,country,fixture_status_short,fixture_status_long,fixture_status_elapsed,goals_home,goals_away,score_fulltime_home,score_fulltime_away,score_halftime_home,score_halftime_away,score_extratime_home,score_extratime_away,score_penalty_home,score_penalty_away,home_xg_for,home_xg_against,away_xg_for,away_xg_against,home_sot_for,away_sot_for,home_big_for,away_big_for,home_motivation,away_motivation,home_absences,away_absences,today_pipeline_fetched_at,league_coverage_class,league_has_odds_coverage,league_has_fixture_stats_coverage,league_has_injuries_coverage,league_has_lineups_coverage,league_has_predictions_coverage,league_coverage_rich_flag,league_data_reliability_score,league_coverage_source_status,league_coverage_note,home_recent_stats_matches_requested,home_recent_stats_matches_used,home_recent_stats_coverage_ratio,home_recent_stats_available_flag,home_recent_shots_for_pg,home_recent_shots_against_pg,home_recent_sot_for_pg,home_recent_sot_against_pg,home_recent_possession_pct,home_recent_corners_for_pg,home_recent_corners_against_pg,home_recent_fouls_pg,home_recent_yellow_pg,home_recent_offsides_pg,home_recent_blocked_shots_pg,away_recent_stats_matches_requested,away_recent_stats_matches_used,away_recent_stats_coverage_ratio,away_recent_stats_available_flag,away_recent_shots_for_pg,away_recent_shots_against_pg,away_recent_sot_for_pg,away_recent_sot_against_pg,away_recent_possession_pct,away_recent_corners_for_pg,away_recent_corners_against_pg,away_recent_fouls_pg,away_recent_yellow_pg,away_recent_offsides_pg,away_recent_blocked_shots_pg,recent_stats_quality_flag,recent_fixture_statistics_updated_at,home_injuries_count,away_injuries_count,home_injuries_available_flag,away_injuries_available_flag,home_absence_risk_score,away_absence_risk_score,home_injuries_coverage_flag,away_injuries_coverage_flag,home_absence_severity_flag,away_absence_severity_flag,injuries_quality_flag,injuries_availability_updated_at,home_lineup_available_flag,away_lineup_available_flag,home_lineup_known_starters_count,away_lineup_known_starters_count,home_lineup_bench_known_flag,away_lineup_bench_known_flag,home_lineup_attacker_count,away_lineup_attacker_count,home_lineup_defender_count,away_lineup_defender_count,home_lineup_midfielder_count,away_lineup_midfielder_count,home_lineup_goalkeeper_known_flag,away_lineup_goalkeeper_known_flag,home_lineup_attack_continuity_score,away_lineup_attack_continuity_score,home_lineup_defense_continuity_score,away_lineup_defense_continuity_score,lineup_confirmation_score,lineup_uncertainty_penalty,lineup_activation_window_minutes,lineup_minutes_to_kickoff,lineup_timing_eligible_flag,lineup_structural_confidence_flag,home_lineup_quality_flag,away_lineup_quality_flag,lineup_quality_flag,lineup_activation_state,fixture_lineups_updated_at
2026-06-17,2026-06-17T00:00:00+01:00,1781650800,USL W League,1117,2026,1532209,NS,Ann Arbor W,23930,Detroit City W,23943,USA,NS,Not Started,,,,,,,,,,,,0.0,0.0,0.0,0.0,0.0,0.0,0.0,0.0,0.0,0.0,,,2026-06-17T12:49:33.375676+00:00,COVERAGE_UNKNOWN,,,,,,0,1.0,COVERAGE_NOT_LOADED,,,,,,,,,,,,,,,,,,,,,,,,,,,,,,,,NONE,,,,,,,,,,,,,,,,,,,,,,,,,,,,,,,,,,,,,,,,,,
2026-06-17,2026-06-17T00:00:00+01:00,1781650800,USL W League,1117,2026,1532214,NS,Northern Virginia FC W,23913,Patuxent W,23956,USA,NS,Not Started,,,,,,,,,,,,0.0,0.0,0.0,0.0,0.0,0.0,0.0,0.0,0.0,0.0,,,2026-06-17T12:49:33.375682+00:00,COVERAGE_UNKNOWN,,,,,,0,1.0,COVERAGE_NOT_LOADED,,,,,,,,,,,,,,,,,,,,,,,,,,,,,,,,NONE,,,,,,,,,,,,,,,,,,,,,,,,,,,,,,,,,,,,,,,,,,
2026-06-17,2026-06-17T00:00:00+01:00,1781650800,USL W League,1117,2026,1532353,NS,Hudson Valley Crusaders W,25846,Vermont Green W,27744,USA,NS,Not Started,,,,,,,,,,,,0.0,0.0,0.0,0.0,0.0,0.0,0.0,0.0,0.0,0.0,,,2026-06-17T12:49:33.375693+00:00,COVERAGE_UNKNOWN,,,,,,0,1.0,COVERAGE_NOT_LOADED,,,,,,,,,,,,,,,,,,,,,,,,,,,,,,,,NONE,,,,,,,,,,,,,,,,,,,,,,,,,,,,,,,,,,,,,,,,,,
2026-06-17,2026-06-17T00:00:00+01:00,1781650800,USL W League,1117,2026,1532354,NS,Rockford Raptors W,27749,Rochester W,23958,USA,NS,Not Started,,,,,,,,,,,,0.0,0.0,0.0,0.0,0.0,0.0,0.0,0.0,0.0,0.0,,,2026-06-17T12:49:33.375700+00:00,COVERAGE_UNKNOWN,,,,,,0,1.0,COVERAGE_NOT_LOADED,,,,,,,,,,,,,,,,,,,,,,,,,,,,,,,,NONE,,,,,,,,,,,,,,,,,,,,,,,,,,,,,,,,,,,,,,,,,,
2026-06-17,2026-06-17T01:00:00+01:00,1781654400,USL W League,1117,2026,1532210,NS,Cedar Stars W,23895,Manhattan W,23950,USA,NS,Not Started,,,,,,,,,,,,0.0,0.0,0.0,0.0,0.0,0.0,0.0,0.0,0.0,0.0,,,2026-06-17T12:49:33.375722+00:00,COVERAGE_UNKNOWN,,,,,,0,1.0,COVERAGE_NOT_LOADED,,,,,,,,,,,,,,,,,,,,,,,,,,,,,,,,NONE,,,,,,,,,,,,,,,,,,,,,,,,,,,,,,,,,,,,,,,,,,
2026-06-17,2026-06-17T01:00:00+01:00,1781654400,USL W League,1117,2026,1532211,NS,Midwest United W,23952,Kalamazoo FC W,23946,USA,NS,Not Started,,,,,,,,,,,,0.0,0.0,0.0,0.0,0.0,0.0,0.0,0.0,0.0,0.0,,,2026-06-17T12:49:33.375731+00:00,COVERAGE_UNKNOWN,,,,,,0,1.0,COVERAGE_NOT_LOADED,,,,,,,,,,,,,,,,,,,,,,,,,,,,,,,,NONE,,,,,,,,,,,,,,,,,,,,,,,,,,,,,,,,,,,,,,,,,,
2026-06-17,2026-06-17T01:00:00+01:00,1781654400,USL W League,1117,2026,1532396,NS,AHFC Royals W,25857,Hill Country Linces W,27610,USA,NS,Not Started,,,,,,,,,,,,0.0,0.0,0.0,0.0,0.0,0.0,0.0,0.0,0.0,0.0,,,2026-06-17T12:49:33.375736+00:00,COVERAGE_UNKNOWN,,,,,,0,1.0,COVERAGE_NOT_LOADED,,,,,,,,,,,,,,,,,,,,,,,,,,,,,,,,NONE,,,,,,,,,,,,,,,,,,,,,,,,,,,,,,,,,,,,,,,,,,
2026-06-17,2026-06-17T01:00:00+01:00,1781654400,USL W League,1117,2026,1532449,NS,Edgewater Castle W,27743,Rally Madison FC W,27616,USA,NS,Not Started,,,,,,,,,,,,0.0,0.0,0.0,0.0,0.0,0.0,0.0,0.0,0.0,0.0,,,2026-06-17T12:49:33.375741+00:00,COVERAGE_UNKNOWN,,,,,,0,1.0,COVERAGE_NOT_LOADED,,,,,,,,,,,,,,,,,,,,,,,,,,,,,,,,NONE,,,,,,,,,,,,,,,,,,,,,,,,,,,,,,,,,,,,,,,,,,
2026-06-17,2026-06-17T01:30:00+01:00,1781656200,USL W League,1117,2026,1532212,NS,Lonestar San Antonio W,25849,Lonestar II W,23907,USA,NS,Not Started,,,,,,,,,,,,0.0,0.0,0.0,0.0,0.0,0.0,0.0,0.0,0.0,0.0,,,2026-06-17T12:49:33.375756+00:00,COVERAGE_UNKNOWN,,,,,,0,1.0,COVERAGE_NOT_LOADED,,,,,,,,,,,,,,,,,,,,,,,,,,,,,,,,NONE,,,,,,,,,,,,,,,,,,,,,,,,,,,,,,,,,,,,,,,,,,
2026-06-17,2026-06-17T02:00:00+01:00,1781658000,USL W League,1117,2026,1532355,NS,Snohomish United W,27752,Tacoma Galaxy W,23926,USA,NS,Not Started,,,,,,,,,,,,0.0,0.0,0.0,0.0,0.0,0.0,0.0,0.0,0.0,0.0,,,2026-06-17T12:49:33.375772+00:00,COVERAGE_UNKNOWN,,,,,,0,1.0,COVERAGE_NOT_LOADED,,,,,,,,,,,,,,,,,,,,,,,,,,,,,,,,NONE,,,,,,,,,,,,,,,,,,,,,,,,,,,,,,,,,,,,,,,,,,
2026-06-17,2026-06-17T03:00:00+01:00,1781661600,USL W League,1117,2026,1532213,NS,California Storm II W,23893,San Juan SC W,25854,USA,NS,Not Started,,,,,,,,,,,,0.0,0.0,0.0,0.0,0.0,0.0,0.0,0.0,0.0,0.0,,,2026-06-17T12:49:33.375777+00:00,COVERAGE_UNKNOWN,,,,,,0,1.0,COVERAGE_NOT_LOADED,,,,,,,,,,,,,,,,,,,,,,,,,,,,,,,,NONE,,,,,,,,,,,,,,,,,,,,,,,,,,,,,,,,,,,,,,,,,,
2026-06-17,2026-06-17T12:00:00+01:00,1781694000,Ligue 1,424,2025,1546784,NS,Maniema Union,8064,JSK,15286,Congo-DR,NS,Not Started,,,,,,,,,,,,0.0,0.0,0.0,0.0,0.0,0.0,0.0,0.0,0.0,0.0,,,2026-06-17T12:49:33.375826+00:00,COVERAGE_UNKNOWN,,,,,,0,1.0,COVERAGE_NOT_LOADED,,,,,,,,,,,,,,,,,,,,,,,,,,,,,,,,NONE,,,,,,,,,,,,,,,,,,,,,,,,,,,,,,,,,,,,,,,,,,
2026-06-17,2026-06-17T12:00:00+01:00,1781694000,Ligue 1,424,2025,1546785,NS,Simba,8572,Vita Club,6437,Congo-DR,NS,Not Started,,,,,,,,,,,,0.0,0.0,0.0,0.0,0.0,0.0,0.0,0.0,0.0,0.0,,,2026-06-17T12:49:33.375831+00:00,COVERAGE_UNKNOWN,,,,,,0,1.0,COVERAGE_NOT_LOADED,,,,,,,,,,,,,,,,,,,,,,,,,,,,,,,,NONE,,,,,,,,,,,,,,,,,,,,,,,,,,,,,,,,,,,,,,,,,,
2026-06-17,2026-06-17T14:00:00+01:00,1781701200,Ligi kuu Bara,567,2025,1477249,NS,Singida Black Stars,24353,Dodoma Jiji,14345,Tanzania,NS,Not Started,,,,,,,,,,,,0.0,0.0,0.0,0.0,0.0,0.0,0.0,0.0,0.0,0.0,,,2026-06-17T12:49:33.375841+00:00,COVERAGE_UNKNOWN,,,,,,0,1.0,COVERAGE_NOT_LOADED,,,,,,,,,,,,,,,,,,,,,,,,,,,,,,,,NONE,,,,,,,,,,,,,,,,,,,,,,,,,,,,,,,,,,,,,,,,,,
2026-06-17,2026-06-17T14:00:00+01:00,1781701200,Erovnuli Liga 2,326,2026,1507180,NS,Gareji,14860,Shturmi,16516,Georgia,NS,Not Started,,,,,,,,,,,,0.0,0.0,0.0,0.0,0.0,0.0,0.0,0.0,0.0,0.0,,,2026-06-17T12:49:33.375850+00:00,COVERAGE_UNKNOWN,,,,,,0,1.0,COVERAGE_NOT_LOADED,,,,,,,,,,,,,,,,,,,,,,,,,,,,,,,,NONE,,,,,,,,,,,,,,,,,,,,,,,,,,,,,,,,,,,,,,,,,,
2026-06-17,2026-06-17T14:00:00+01:00,1781701200,Erovnuli Liga 2,326,2026,1507182,NS,Merani Martvili,10016,Samtredia,581,Georgia,NS,Not Started,,,,,,,,,,,,0.0,0.0,0.0,0.0,0.0,0.0,0.0,0.0,0.0,0.0,,,2026-06-17T12:49:33.375859+00:00,COVERAGE_UNKNOWN,,,,,,0,1.0,COVERAGE_NOT_LOADED,,,,,,,,,,,,,,,,,,,,,,,,,,,,,,,,NONE,,,,,,,,,,,,,,,,,,,,,,,,,,,,,,,,,,,,,,,,,,
2026-06-17,2026-06-17T14:00:00+01:00,1781701200,Elite One,411,2026,1512948,NS,Gazelle,15566,Canon,5560,Cameroon,NS,Not Started,,,,,,,,,,,,0.0,0.0,0.0,0.0,0.0,0.0,0.0,0.0,0.0,0.0,,,2026-06-17T12:49:33.375868+00:00,COVERAGE_UNKNOWN,,,,,,0,1.0,COVERAGE_NOT_LOADED,,,,,,,,,,,,,,,,,,,,,,,,,,,,,,,,NONE,,,,,,,,,,,,,,,,,,,,,,,,,,,,,,,,,,,,,,,,,,
2026-06-17,2026-06-17T14:00:00+01:00,1781701200,Ligue 1,424,2025,1546783,NS,Don Bosco,8571,TP Mazembe,6435,Congo-DR,NS,Not Started,,,,,,,,,,,,0.0,0.0,0.0,0.0,0.0,0.0,0.0,0.0,0.0,0.0,,,2026-06-17T12:49:33.375876+00:00,COVERAGE_UNKNOWN,,,,,,0,1.0,COVERAGE_NOT_LOADED,,,,,,,,,,,,,,,,,,,,,,,,,,,,,,,,NONE,,,,,,,,,,,,,,,,,,,,,,,,,,,,,,,,,,,,,,,,,,
2026-06-17,2026-06-17T14:00:00+01:00,1781701200,Ligue 1,424,2025,1546786,NS,Saint Eloi Lupopo,8578,Céleste,20468,Congo-DR,NS,Not Started,,,,,,,,,,,,0.0,0.0,0.0,0.0,0.0,0.0,0.0,0.0,0.0,0.0,,,2026-06-17T12:49:33.375885+00:00,COVERAGE_UNKNOWN,,,,,,0,1.0,COVERAGE_NOT_LOADED,,,,,,,,,,,,,,,,,,,,,,,,,,,,,,,,NONE,,,,,,,,,,,,,,,,,,,,,,,,,,,,,,,,,,,,,,,,,,
2026-06-17,2026-06-17T14:00:00+01:00,1781701200,Coppa,486,2026,1547798,NS,Molodechno-DYuSSh 4,7798,Bate Borisov,388,Belarus,NS,Not Started,,,,,,,,,,,,0.0,0.0,0.0,0.0,0.0,0.0,0.0,0.0,0.0,0.0,,,2026-06-17T12:49:33.375895+00:00,COVERAGE_UNKNOWN,,,,,,0,1.0,COVERAGE_NOT_LOADED,,,,,,,,,,,,,,,,,,,,,,,,,,,,,,,,NONE,,,,,,,,,,,,,,,,,,,,,,,,,,,,,,,,,,,,,,,,,,
2026-06-17,2026-06-17T14:00:00+01:00,1781701200,Friendlies Clubs,667,2026,1550470,NS,Arsenal Tula,1077,Volga Ulyanovsk,6834,World,NS,Not Started,,,,,,,,,,,,0.0,0.0,0.0,0.0,0.0,0.0,0.0,0.0,0.0,0.0,,,2026-06-17T12:49:33.375903+00:00,COVERAGE_UNKNOWN,,,,,,0,1.0,COVERAGE_NOT_LOADED,,,,,,,,,,,,,,,,,,,,,,,,,,,,,,,,NONE,,,,,,,,,,,,,,,,,,,,,,,,,,,,,,,,,,,,,,,,,,
2026-06-17,2026-06-17T15:00:00+01:00,1781704800,Erovnuli Liga 2,326,2026,1507181,NS,Kolkheti Poti,3507,Gori,14861,Georgia,NS,Not Started,,,,,,,,,,,,0.0,0.0,0.0,0.0,0.0,0.0,0.0,0.0,0.0,0.0,,,2026-06-17T12:49:33.375908+00:00,COVERAGE_UNKNOWN,,,,,,0,1.0,COVERAGE_NOT_LOADED,,,,,,,,,,,,,,,,,,,,,,,,,,,,,,,,NONE,,,,,,,,,,,,,,,,,,,,,,,,,,,,,,,,,,,,,,,,,,
2026-06-17,2026-06-17T15:00:00+01:00,1781704800,1. Deild,165,2026,1514202,NS,Grindavik,277,Fylkir,267,Iceland,NS,Not Started,,,,,,,,,,,,0.0,0.0,0.0,0.0,0.0,0.0,0.0,0.0,0.0,0.0,,,2026-06-17T12:49:33.375913+00:00,COVERAGE_UNKNOWN,,,,,,0,1.0,COVERAGE_NOT_LOADED,,,,,,,,,,,,,,,,,,,,,,,,,,,,,,,,NONE,,,,,,,,,,,,,,,,,,,,,,,,,,,,,,,,,,,,,,,,,,
2026-06-17,2026-06-17T15:00:00+01:00,1781704800,1. Deild,165,2026,1514203,NS,IR Reykjavik,2122,Grotta,2121,Iceland,NS,Not Started,,,,,,,,,,,,0.0,0.0,0.0,0.0,0.0,0.0,0.0,0.0,0.0,0.0,,,2026-06-17T12:49:33.375918+00:00,COVERAGE_UNKNOWN,,,,,,0,1.0,COVERAGE_NOT_LOADED,,,,,,,,,,,,,,,,,,,,,,,,,,,,,,,,NONE,,,,,,,,,,,,,,,,,,,,,,,,,,,,,,,,,,,,,,,,,,
2026-06-17,2026-06-17T15:00:00+01:00,1781704800,Premier League,389,2026,1528022,NS,Kairat Almaty,664,Kyzyl-Zhar,4554,Kazakhstan,NS,Not Started,,,,,,,,,,,,0.0,0.0,0.0,0.0,0.0,0.0,0.0,0.0,0.0,0.0,,,2026-06-17T12:49:33.375924+00:00,COVERAGE_UNKNOWN,,,,,,0,1.0,COVERAGE_NOT_LOADED,,,,,,,,,,,,,,,,,,,,,,,,,,,,,,,,NONE,,,,,,,,,,,,,,,,,,,,,,,,,,,,,,,,,,,,,,,,,,
2026-06-17,2026-06-17T15:00:00+01:00,1781704800,Elite Two,813,2026,1547565,NS,Atlantic,25429,Union Abong-Mbang,25430,Cameroon,NS,Not Started,,,,,,,,,,,,0.0,0.0,0.0,0.0,0.0,0.0,0.0,0.0,0.0,0.0,,,2026-06-17T12:49:33.375929+00:00,COVERAGE_UNKNOWN,,,,,,0,1.0,COVERAGE_NOT_LOADED,,,,,,,,,,,,,,,,,,,,,,,,,,,,,,,,NONE,,,,,,,,,,,,,,,,,,,,,,,,,,,,,,,,,,,,,,,,,,
2026-06-17,2026-06-17T15:00:00+01:00,1781704800,Elite Two,813,2026,1547566,NS,Les Astres,5407,Avion Academy,5399,Cameroon,NS,Not Started,,,,,,,,,,,,0.0,0.0,0.0,0.0,0.0,0.0,0.0,0.0,0.0,0.0,,,2026-06-17T12:49:33.375933+00:00,COVERAGE_UNKNOWN,,,,,,0,1.0,COVERAGE_NOT_LOADED,,,,,,,,,,,,,,,,,,,,,,,,,,,,,,,,NONE,,,,,,,,,,,,,,,,,,,,,,,,,,,,,,,,,,,,,,,,,,
2026-06-17,2026-06-17T15:30:00+01:00,1781706600,Championnat D1,968,2025,1533181,NS,Bitam,21187,US Oyem,21193,Gabon,NS,Not Started,,,,,,,,,,,,0.0,0.0,0.0,0.0,0.0,0.0,0.0,0.0,0.0,0.0,,,2026-06-17T12:49:33.375938+00:00,COVERAGE_UNKNOWN,,,,,,0,1.0,COVERAGE_NOT_LOADED,,,,,,,,,,,,,,,,,,,,,,,,,,,,,,,,NONE,,,,,,,,,,,,,,,,,,,,,,,,,,,,,,,,,,,,,,,,,,
2026-06-17,2026-06-17T16:00:00+01:00,1781708400,Veikkausliiga,244,2026,1495704,NS,HJK Helsinki,649,Inter Turku,1164,Finland,NS,Not Started,,,,,,,,,,,,0.0,0.0,0.0,0.0,0.0,0.0,0.0,0.0,0.0,0.0,,,2026-06-17T12:49:33.375943+00:00,COVERAGE_RICH,1.0,1.0,0.0,1.0,1.0,1,0.95,OFFICIAL_API,,,,,,,,,,,,,,,,,,,,,,,,,,,,,,,,NONE,,,,,,,,,,,,,,,,,,,,,,,,,,,,,,,,,,,,,,,,,,
2026-06-17,2026-06-17T16:00:00+01:00,1781708400,Veikkausliiga,244,2026,1495705,NS,Ilves,1163,FF Jaro,2075,Finland,NS,Not Started,,,,,,,,,,,,0.0,0.0,0.0,0.0,0.0,0.0,0.0,0.0,0.0,0.0,,,2026-06-17T12:49:33.375948+00:00,COVERAGE_RICH,1.0,1.0,0.0,1.0,1.0,1,0.95,OFFICIAL_API,,,,,,,,,,,,,,,,,,,,,,,,,,,,,,,,NONE,,,,,,,,,,,,,,,,,,,,,,,,,,,,,,,,,,,,,,,,,,
2026-06-17,2026-06-17T16:00:00+01:00,1781708400,Veikkausliiga,244,2026,1495706,NS,Turku PS,1168,KuPS,1165,Finland,NS,Not Started,,,,,,,,,,,,0.0,0.0,0.0,0.0,0.0,0.0,0.0,0.0,0.0,0.0,,,2026-06-17T12:49:33.375953+00:00,COVERAGE_RICH,1.0,1.0,0.0,1.0,1.0,1,0.95,OFFICIAL_API,,,,,,,,,,,,,,,,,,,,,,,,,,,,,,,,NONE,,,,,,,,,,,,,,,,,,,,,,,,,,,,,,,,,,,,,,,,,,
2026-06-17,2026-06-17T16:00:00+01:00,1781708400,Erovnuli Liga,327,2026,1509145,NS,Saburtalo,3502,Rustavi,3501,Georgia,NS,Not Started,,,,,,,,,,,,0.0,0.0,0.0,0.0,0.0,0.0,0.0,0.0,0.0,0.0,,,2026-06-17T12:49:33.375958+00:00,COVERAGE_UNKNOWN,,,,,,0,1.0,COVERAGE_NOT_LOADED,,,,,,,,,,,,,,,,,,,,,,,,,,,,,,,,NONE,,,,,,,,,,,,,,,,,,,,,,,,,,,,,,,,,,,,,,,,,,
2026-06-17,2026-06-17T16:00:00+01:00,1781708400,Elite One,411,2026,1512946,NS,Cotonsport,5401,Unisport Bafang,5414,Cameroon,NS,Not Started,,,,,,,,,,,,0.0,0.0,0.0,0.0,0.0,0.0,0.0,0.0,0.0,0.0,,,2026-06-17T12:49:33.375963+00:00,COVERAGE_UNKNOWN,,,,,,0,1.0,COVERAGE_NOT_LOADED,,,,,,,,,,,,,,,,,,,,,,,,,,,,,,,,NONE,,,,,,,,,,,,,,,,,,,,,,,,,,,,,,,,,,,,,,,,,,
2026-06-17,2026-06-17T16:00:00+01:00,1781708400,1. Deild,165,2026,1514237,NS,Vestri,4165,Ægir,4167,Iceland,NS,Not Started,,,,,,,,,,,,0.0,0.0,0.0,0.0,0.0,0.0,0.0,0.0,0.0,0.0,,,2026-06-17T12:49:33.375967+00:00,COVERAGE_UNKNOWN,,,,,,0,1.0,COVERAGE_NOT_LOADED,,,,,,,,,,,,,,,,,,,,,,,,,,,,,,,,NONE,,,,,,,,,,,,,,,,,,,,,,,,,,,,,,,,,,,,,,,,,,
2026-06-17,2026-06-17T16:00:00+01:00,1781708400,Virsliga,365,2026,1515861,NS,FS Jelgava,18834,Ogre United,18936,Latvia,NS,Not Started,,,,,,,,,,,,0.0,0.0,0.0,0.0,0.0,0.0,0.0,0.0,0.0,0.0,,,2026-06-17T12:49:33.375973+00:00,COVERAGE_UNKNOWN,,,,,,0,1.0,COVERAGE_NOT_LOADED,,,,,,,,,,,,,,,,,,,,,,,,,,,,,,,,NONE,,,,,,,,,,,,,,,,,,,,,,,,,,,,,,,,,,,,,,,,,,
2026-06-17,2026-06-17T16:00:00+01:00,1781708400,Virsliga,365,2026,1515862,NS,Tukums,4144,Auda,4135,Latvia,NS,Not Started,,,,,,,,,,,,0.0,0.0,0.0,0.0,0.0,0.0,0.0,0.0,0.0,0.0,,,2026-06-17T12:49:33.375978+00:00,COVERAGE_UNKNOWN,,,,,,0,1.0,COVERAGE_NOT_LOADED,,,,,,,,,,,,,,,,,,,,,,,,,,,,,,,,NONE,,,,,,,,,,,,,,,,,,,,,,,,,,,,,,,,,,,,,,,,,,
2026-06-17,2026-06-17T16:00:00+01:00,1781708400,Vysshaya Liga,571,2026,1527692,NS,Istaravshan,12264,Sardor Tursunzoda,27266,Tajikistan,NS,Not Started,,,,,,,,,,,,0.0,0.0,0.0,0.0,0.0,0.0,0.0,0.0,0.0,0.0,,,2026-06-17T12:49:33.375983+00:00,COVERAGE_UNKNOWN,,,,,,0,1.0,COVERAGE_NOT_LOADED,,,,,,,,,,,,,,,,,,,,,,,,,,,,,,,,NONE,,,,,,,,,,,,,,,,,,,,,,,,,,,,,,,,,,,,,,,,,,
2026-06-17,2026-06-17T16:00:00+01:00,1781708400,Coppa,486,2026,1547799,NS,FC Energetik-Bgu Minsk,2433,ML Vitebsk,7808,Belarus,NS,Not Started,,,,,,,,,,,,0.0,0.0,0.0,0.0,0.0,0.0,0.0,0.0,0.0,0.0,,,2026-06-17T12:49:33.375988+00:00,COVERAGE_UNKNOWN,,,,,,0,1.0,COVERAGE_NOT_LOADED,,,,,,,,,,,,,,,,,,,,,,,,,,,,,,,,NONE,,,,,,,,,,,,,,,,,,,,,,,,,,,,,,,,,,,,,,,,,,
2026-06-17,2026-06-17T16:00:00+01:00,1781708400,Botola Pro,200,2025,1553763,NS,Kawkab Marrakech,971,Ittihad Tanger,974,Morocco,NS,Not Started,,,,,,,,,,,,0.0,0.0,0.0,0.0,0.0,0.0,0.0,0.0,0.0,0.0,,,2026-06-17T12:49:33.375993+00:00,COVERAGE_UNKNOWN,,,,,,0,1.0,COVERAGE_NOT_LOADED,,,,,,,,,,,,,,,,,,,,,,,,,,,,,,,,NONE,,,,,,,,,,,,,,,,,,,,,,,,,,,,,,,,,,,,,,,,,,
2026-06-17,2026-06-17T16:00:00+01:00,1781708400,Botola Pro,200,2025,1553764,NS,Maghreb Fès,3453,Difaa EL Jadida,964,Morocco,NS,Not Started,,,,,,,,,,,,0.0,0.0,0.0,0.0,0.0,0.0,0.0,0.0,0.0,0.0,,,2026-06-17T12:49:33.375997+00:00,COVERAGE_UNKNOWN,,,,,,0,1.0,COVERAGE_NOT_LOADED,,,,,,,,,,,,,,,,,,,,,,,,,,,,,,,,NONE,,,,,,,,,,,,,,,,,,,,,,,,,,,,,,,,,,,,,,,,,,
2026-06-17,2026-06-17T16:00:00+01:00,1781708400,Botola Pro,200,2025,1553765,NS,CR Khemis Zemamra,3449,Raja Casablanca,976,Morocco,NS,Not Started,,,,,,,,,,,,0.0,0.0,0.0,0.0,0.0,0.0,0.0,0.0,0.0,0.0,,,2026-06-17T12:49:33.376002+00:00,COVERAGE_UNKNOWN,,,,,,0,1.0,COVERAGE_NOT_LOADED,,,,,,,,,,,,,,,,,,,,,,,,,,,,,,,,NONE,,,,,,,,,,,,,,,,,,,,,,,,,,,,,,,,,,,,,,,,,,
2026-06-17,2026-06-17T16:00:00+01:00,1781708400,Botola Pro,200,2025,1553766,NS,UTS Rabat,14806,CODM Meknès,22218,Morocco,NS,Not Started,,,,,,,,,,,,0.0,0.0,0.0,0.0,0.0,0.0,0.0,0.0,0.0,0.0,,,2026-06-17T12:49:33.376007+00:00,COVERAGE_UNKNOWN,,,,,,0,1.0,COVERAGE_NOT_LOADED,,,,,,,,,,,,,,,,,,,,,,,,,,,,,,,,NONE,,,,,,,,,,,,,,,,,,,,,,,,,,,,,,,,,,,,,,,,,,
2026-06-17,2026-06-17T16:00:00+01:00,1781708400,Federation Cup,1231,2026,1554359,NS,El Kanemi Warriors,5175,Wikki Tourist,5194,Nigeria,NS,Not Started,,,,,,,,,,,,0.0,0.0,0.0,0.0,0.0,0.0,0.0,0.0,0.0,0.0,,,2026-06-17T12:49:33.376012+00:00,COVERAGE_UNKNOWN,,,,,,0,1.0,COVERAGE_NOT_LOADED,,,,,,,,,,,,,,,,,,,,,,,,,,,,,,,,NONE,,,,,,,,,,,,,,,,,,,,,,,,,,,,,,,,,,,,,,,,,,
2026-06-17,2026-06-17T16:00:00+01:00,1781708400,Federation Cup,1231,2026,1554360,NS,Nasarawa United,5188,Ikorodu City,24512,Nigeria,NS,Not Started,,,,,,,,,,,,0.0,0.0,0.0,0.0,0.0,0.0,0.0,0.0,0.0,0.0,,,2026-06-17T12:49:33.376017+00:00,COVERAGE_UNKNOWN,,,,,,0,1.0,COVERAGE_NOT_LOADED,,,,,,,,,,,,,,,,,,,,,,,,,,,,,,,,NONE,,,,,,,,,,,,,,,,,,,,,,,,,,,,,,,,,,,,,,,,,,
2026-06-17,2026-06-17T16:30:00+01:00,1781710200,A Lyga,362,2026,1547578,NS,Hegelmann Litauen,3861,Džiugas Telšiai,3860,Lithuania,NS,Not Started,,,,,,,,,,,,0.0,0.0,0.0,0.0,0.0,0.0,0.0,0.0,0.0,0.0,,,2026-06-17T12:49:33.376022+00:00,COVERAGE_PARTIAL,1.0,0.0,0.0,1.0,1.0,0,0.7,OFFICIAL_API,,,,,,,,,,,,,,,,,,,,,,,,,,,,,,,,NONE,,,,,,,,,,,,,,,,,,,,,,,,,,,,,,,,,,,,,,,,,,
2026-06-17,2026-06-17T16:30:00+01:00,1781710200,Coppa,486,2026,1547800,NS,FC Slutsk,379,Dinamo Minsk,394,Belarus,NS,Not Started,,,,,,,,,,,,0.0,0.0,0.0,0.0,0.0,0.0,0.0,0.0,0.0,0.0,,,2026-06-17T12:49:33.376026+00:00,COVERAGE_UNKNOWN,,,,,,0,1.0,COVERAGE_NOT_LOADED,,,,,,,,,,,,,,,,,,,,,,,,,,,,,,,,NONE,,,,,,,,,,,,,,,,,,,,,,,,,,,,,,,,,,,,,,,,,,
2026-06-17,2026-06-17T17:00:00+01:00,1781712000,Elitettan,736,2026,1501416,NS,Häcken II W,20820,Gamla Upsala W,16032,Sweden,NS,Not Started,,,,,,,,,,,,0.0,0.0,0.0,0.0,0.0,0.0,0.0,0.0,0.0,0.0,,,2026-06-17T12:49:33.376031+00:00,COVERAGE_UNKNOWN,,,,,,0,1.0,COVERAGE_NOT_LOADED,,,,,,,,,,,,,,,,,,,,,,,,,,,,,,,,NONE,,,,,,,,,,,,,,,,,,,,,,,,,,,,,,,,,,,,,,,,,,
2026-06-17,2026-06-17T17:00:00+01:00,1781712000,Erovnuli Liga 2,326,2026,1507183,NS,Telavi,3511,Odishi 1919,13856,Georgia,NS,Not Started,,,,,,,,,,,,0.0,0.0,0.0,0.0,0.0,0.0,0.0,0.0,0.0,0.0,,,2026-06-17T12:49:33.376036+00:00,COVERAGE_UNKNOWN,,,,,,0,1.0,COVERAGE_NOT_LOADED,,,,,,,,,,,,,,,,,,,,,,,,,,,,,,,,NONE,,,,,,,,,,,,,,,,,,,,,,,,,,,,,,,,,,,,,,,,,,
2026-06-17,2026-06-17T17:00:00+01:00,1781712000,Meistriliiga,329,2026,1513571,NS,Kalju Nomme,662,Tammeka,3530,Estonia,NS,Not Started,,,,,,,,,,,,0.0,0.0,0.0,0.0,0.0,0.0,0.0,0.0,0.0,0.0,,,2026-06-17T12:49:33.376041+00:00,COVERAGE_UNKNOWN,,,,,,0,1.0,COVERAGE_NOT_LOADED,,,,,,,,,,,,,,,,,,,,,,,,,,,,,,,,NONE,,,,,,,,,,,,,,,,,,,,,,,,,,,,,,,,,,,,,,,,,,
2026-06-17,2026-06-17T17:00:00+01:00,1781712000,Meistriliiga,329,2026,1513572,NS,Nõmme United,10059,FC Levadia Tallinn,2273,Estonia,NS,Not Started,,,,,,,,,,,,0.0,0.0,0.0,0.0,0.0,0.0,0.0,0.0,0.0,0.0,,,2026-06-17T12:49:33.376045+00:00,COVERAGE_UNKNOWN,,,,,,0,1.0,COVERAGE_NOT_LOADED,,,,,,,,,,,,,,,,,,,,,,,,,,,,,,,,NONE,,,,,,,,,,,,,,,,,,,,,,,,,,,,,,,,,,,,,,,,,,
2026-06-17,2026-06-17T17:00:00+01:00,1781712000,Meistriliiga,329,2026,1513573,NS,Paide,3528,Laagri,18657,Estonia,NS,Not Started,,,,,,,,,,,,0.0,0.0,0.0,0.0,0.0,0.0,0.0,0.0,0.0,0.0,,,2026-06-17T12:49:33.376050+00:00,COVERAGE_UNKNOWN,,,,,,0,1.0,COVERAGE_NOT_LOADED,,,,,,,,,,,,,,,,,,,,,,,,,,,,,,,,NONE,,,,,,,,,,,,,,,,,,,,,,,,,,,,,,,,,,,,,,,,,,
2026-06-17,2026-06-17T17:00:00+01:00,1781712000,Virsliga,365,2026,1515863,NS,Riga,10124,Rīgas FS,4160,Latvia,NS,Not Started,,,,,,,,,,,,0.0,0.0,0.0,0.0,0.0,0.0,0.0,0.0,0.0,0.0,,,2026-06-17T12:49:33.376055+00:00,COVERAGE_UNKNOWN,,,,,,0,1.0,COVERAGE_NOT_LOADED,,,,,,,,,,,,,,,,,,,,,,,,,,,,,,,,NONE,,,,,,,,,,,,,,,,,,,,,,,,,,,,,,,,,,,,,,,,,,
2026-06-17,2026-06-17T17:00:00+01:00,1781712000,A Lyga,362,2026,1547579,NS,Kauno Žalgiris,3872,Banga,3858,Lithuania,NS,Not Started,,,,,,,,,,,,0.0,0.0,0.0,0.0,0.0,0.0,0.0,0.0,0.0,0.0,,,2026-06-17T12:49:33.376059+00:00,COVERAGE_PARTIAL,1.0,0.0,0.0,1.0,1.0,0,0.7,OFFICIAL_API,,,,,,,,,,,,,,,,,,,,,,,,,,,,,,,,NONE,,,,,,,,,,,,,,,,,,,,,,,,,,,,,,,,,,,,,,,,,,
2026-06-17,2026-06-17T17:00:00+01:00,1781712000,Second League A - Division A Gold,1025,2025,1553806,NS,Veles,6833,Novosibirsk,6819,Russia,NS,Not Started,,,,,,,,,,,,0.0,0.0,0.0,0.0,0.0,0.0,0.0,0.0,0.0,0.0,,,2026-06-17T12:49:33.376064+00:00,COVERAGE_UNKNOWN,,,,,,0,1.0,COVERAGE_NOT_LOADED,,,,,,,,,,,,,,,,,,,,,,,,,,,,,,,,NONE,,,,,,,,,,,,,,,,,,,,,,,,,,,,,,,,,,,,,,,,,,
2026-06-17,2026-06-17T17:30:00+01:00,1781713800,Division 2 - Södra Svealand,595,2026,1511072,NS,Forward,11666,Karlslund,11660,Sweden,NS,Not Started,,,,,,,,,,,,0.0,0.0,0.0,0.0,0.0,0.0,0.0,0.0,0.0,0.0,,,2026-06-17T12:49:33.376069+00:00,COVERAGE_UNKNOWN,,,,,,0,1.0,COVERAGE_NOT_LOADED,,,,,,,,,,,,,,,,,,,,,,,,,,,,,,,,NONE,,,,,,,,,,,,,,,,,,,,,,,,,,,,,,,,,,,,,,,,,,
2026-06-17,2026-06-17T17:30:00+01:00,1781713800,GFA League,845,2025,1531383,NS,Fortune,16801,Real de Banjul,16804,Gambia,NS,Not Started,,,,,,,,,,,,0.0,0.0,0.0,0.0,0.0,0.0,0.0,0.0,0.0,0.0,,,2026-06-17T12:49:33.376075+00:00,COVERAGE_UNKNOWN,,,,,,0,1.0,COVERAGE_NOT_LOADED,,,,,,,,,,,,,,,,,,,,,,,,,,,,,,,,NONE,,,,,,,,,,,,,,,,,,,,,,,,,,,,,,,,,,,,,,,,,,
2026-06-17,2026-06-17T17:30:00+01:00,1781713800,GFA League,845,2025,1531384,NS,GPA,8102,Team Rhino,18109,Gambia,NS,Not Started,,,,,,,,,,,,0.0,0.0,0.0,0.0,0.0,0.0,0.0,0.0,0.0,0.0,,,2026-06-17T12:49:33.376080+00:00,COVERAGE_UNKNOWN,,,,,,0,1.0,COVERAGE_NOT_LOADED,,,,,,,,,,,,,,,,,,,,,,,,,,,,,,,,NONE,,,,,,,,,,,,,,,,,,,,,,,,,,,,,,,,,,,,,,,,,,
2026-06-17,2026-06-17T17:30:00+01:00,1781713800,GFA League,845,2025,1531386,NS,Hart Acedemy,25420,Brikama United,6413,Gambia,NS,Not Started,,,,,,,,,,,,0.0,0.0,0.0,0.0,0.0,0.0,0.0,0.0,0.0,0.0,,,2026-06-17T12:49:33.376084+00:00,COVERAGE_UNKNOWN,,,,,,0,1.0,COVERAGE_NOT_LOADED,,,,,,,,,,,,,,,,,,,,,,,,,,,,,,,,NONE,,,,,,,,,,,,,,,,,,,,,,,,,,,,,,,,,,,,,,,,,,
2026-06-17,2026-06-17T17:30:00+01:00,1781713800,GFA League,845,2025,1531387,NS,Medina United,27264,Dutch Lions,25419,Gambia,NS,Not Started,,,,,,,,,,,,0.0,0.0,0.0,0.0,0.0,0.0,0.0,0.0,0.0,0.0,,,2026-06-17T12:49:33.376089+00:00,COVERAGE_UNKNOWN,,,,,,0,1.0,COVERAGE_NOT_LOADED,,,,,,,,,,,,,,,,,,,,,,,,,,,,,,,,NONE,,,,,,,,,,,,,,,,,,,,,,,,,,,,,,,,,,,,,,,,,,
2026-06-17,2026-06-17T17:30:00+01:00,1781713800,GFA League,845,2025,1531388,NS,Samger,18107,Bombada,22707,Gambia,NS,Not Started,,,,,,,,,,,,0.0,0.0,0.0,0.0,0.0,0.0,0.0,0.0,0.0,0.0,,,2026-06-17T12:49:33.376094+00:00,COVERAGE_UNKNOWN,,,,,,0,1.0,COVERAGE_NOT_LOADED,,,,,,,,,,,,,,,,,,,,,,,,,,,,,,,,NONE,,,,,,,,,,,,,,,,,,,,,,,,,,,,,,,,,,,,,,,,,,
2026-06-17,2026-06-17T18:00:00+01:00,1781715600,Damallsvenskan,549,2026,1495495,NS,Djurgården W,11076,Malmö FF W,21698,Sweden,NS,Not Started,,,,,,,,,,,,0.0,0.0,0.0,0.0,0.0,0.0,0.0,0.0,0.0,0.0,,,2026-06-17T12:49:33.376099+00:00,COVERAGE_UNKNOWN,,,,,,0,1.0,COVERAGE_NOT_LOADED,,,,,,,,,,,,,,,,,,,,,,,,,,,,,,,,NONE,,,,,,,,,,,,,,,,,,,,,,,,,,,,,,,,,,,,,,,,,,
2026-06-17,2026-06-17T18:00:00+01:00,1781715600,Damallsvenskan,549,2026,1495498,NS,Hammarby W,15630,AIK W,15629,Sweden,NS,Not Started,,,,,,,,,,,,0.0,0.0,0.0,0.0,0.0,0.0,0.0,0.0,0.0,0.0,,,2026-06-17T12:49:33.376104+00:00,COVERAGE_UNKNOWN,,,,,,0,1.0,COVERAGE_NOT_LOADED,,,,,,,,,,,,,,,,,,,,,,,,,,,,,,,,NONE,,,,,,,,,,,,,,,,,,,,,,,,,,,,,,,,,,,,,,,,,,
2026-06-17,2026-06-17T18:00:00+01:00,1781715600,Erovnuli Liga 2,326,2026,1507179,NS,Aragvi Dusheti,10015,Sioni,3503,Georgia,NS,Not Started,,,,,,,,,,,,0.0,0.0,0.0,0.0,0.0,0.0,0.0,0.0,0.0,0.0,,,2026-06-17T12:49:33.376108+00:00,COVERAGE_UNKNOWN,,,,,,0,1.0,COVERAGE_NOT_LOADED,,,,,,,,,,,,,,,,,,,,,,,,,,,,,,,,NONE,,,,,,,,,,,,,,,,,,,,,,,,,,,,,,,,,,,,,,,,,,
2026-06-17,2026-06-17T18:00:00+01:00,1781715600,Erovnuli Liga,327,2026,1509147,NS,Torpedo Kutaisi,685,Dinamo Batumi,705,Georgia,NS,Not Started,,,,,,,,,,,,0.0,0.0,0.0,0.0,0.0,0.0,0.0,0.0,0.0,0.0,,,2026-06-17T12:49:33.376113+00:00,COVERAGE_UNKNOWN,,,,,,0,1.0,COVERAGE_NOT_LOADED,,,,,,,,,,,,,,,,,,,,,,,,,,,,,,,,NONE,,,,,,,,,,,,,,,,,,,,,,,,,,,,,,,,,,,,,,,,,,
2026-06-17,2026-06-17T18:00:00+01:00,1781715600,Division 2 - Södra Götaland,597,2026,1510959,NS,IFK Trelleborg,20839,Berga,12612,Sweden,NS,Not Started,,,,,,,,,,,,0.0,0.0,0.0,0.0,0.0,0.0,0.0,0.0,0.0,0.0,,,2026-06-17T12:49:33.376118+00:00,COVERAGE_UNKNOWN,,,,,,0,1.0,COVERAGE_NOT_LOADED,,,,,,,,,,,,,,,,,,,,,,,,,,,,,,,,NONE,,,,,,,,,,,,,,,,,,,,,,,,,,,,,,,,,,,,,,,,,,
2026-06-17,2026-06-17T18:00:00+01:00,1781715600,Division 2 - Södra Götaland,597,2026,1510961,NS,Oskarshamns AIK,6692,Växjö Norra,25573,Sweden,NS,Not Started,,,,,,,,,,,,0.0,0.0,0.0,0.0,0.0,0.0,0.0,0.0,0.0,0.0,,,2026-06-17T12:49:33.376123+00:00,COVERAGE_UNKNOWN,,,,,,0,1.0,COVERAGE_NOT_LOADED,,,,,,,,,,,,,,,,,,,,,,,,,,,,,,,,NONE,,,,,,,,,,,,,,,,,,,,,,,,,,,,,,,,,,,,,,,,,,
2026-06-17,2026-06-17T18:00:00+01:00,1781715600,Division 2 - Södra Götaland,597,2026,1510964,NS,Torns,6701,Österlen,12619,Sweden,NS,Not Started,,,,,,,,,,,,0.0,0.0,0.0,0.0,0.0,0.0,0.0,0.0,0.0,0.0,,,2026-06-17T12:49:33.376127+00:00,COVERAGE_UNKNOWN,,,,,,0,1.0,COVERAGE_NOT_LOADED,,,,,,,,,,,,,,,,,,,,,,,,,,,,,,,,NONE,,,,,,,,,,,,,,,,,,,,,,,,,,,,,,,,,,,,,,,,,,
2026-06-17,2026-06-17T18:00:00+01:00,1781715600,Division 2 - Södra Götaland,597,2026,1511055,NS,Nosaby,12616,Lilla Torg W,24079,Sweden,NS,Not Started,,,,,,,,,,,,0.0,0.0,0.0,0.0,0.0,0.0,0.0,0.0,0.0,0.0,,,2026-06-17T12:49:33.376132+00:00,COVERAGE_UNKNOWN,,,,,,0,1.0,COVERAGE_NOT_LOADED,,,,,,,,,,,,,,,,,,,,,,,,,,,,,,,,NONE,,,,,,,,,,,,,,,,,,,,,,,,,,,,,,,,,,,,,,,,,,
2026-06-17,2026-06-17T18:00:00+01:00,1781715600,Division 2 - Västra Götaland,596,2026,1511338,NS,Landvetter IS,18424,Jonsered,21359,Sweden,NS,Not Started,,,,,,,,,,,,0.0,0.0,0.0,0.0,0.0,0.0,0.0,0.0,0.0,0.0,,,2026-06-17T12:49:33.376137+00:00,COVERAGE_UNKNOWN,,,,,,0,1.0,COVERAGE_NOT_LOADED,,,,,,,,,,,,,,,,,,,,,,,,,,,,,,,,NONE,,,,,,,,,,,,,,,,,,,,,,,,,,,,,,,,,,,,,,,,,,
2026-06-17,2026-06-17T18:00:00+01:00,1781715600,World Cup,1,2026,1539003,NS,Portugal,27,Congo DR,1508,World,NS,Not Started,,,,,,,,,,,,0.0,0.0,0.0,0.0,0.0,0.0,0.0,0.0,0.0,0.0,,,2026-06-17T12:49:33.376141+00:00,COVERAGE_UNKNOWN,,,,,,0,1.0,COVERAGE_NOT_LOADED,,,,,,,,,,,,,,,,,,,,,,,,,,,,,,,,NONE,,,,,,,,,,,,,,,,,,,,,,,,,,,,,,,,,,,,,,,,,,
2026-06-17,2026-06-17T18:30:00+01:00,1781717400,Ettan - Södra,564,2026,1504474,NS,Utsikten,6706,Atvidabergs FF,2162,Sweden,NS,Not Started,,,,,,,,,,,,0.0,0.0,0.0,0.0,0.0,0.0,0.0,0.0,0.0,0.0,,,2026-06-17T12:49:33.376146+00:00,COVERAGE_UNKNOWN,,,,,,0,1.0,COVERAGE_NOT_LOADED,,,,,,,,,,,,,,,,,,,,,,,,,,,,,,,,NONE,,,,,,,,,,,,,,,,,,,,,,,,,,,,,,,,,,,,,,,,,,
2026-06-17,2026-06-17T18:30:00+01:00,1781717400,Division 2 - Norra Svealand,593,2026,1510789,NS,Enskede,6662,Bollstanäs,25574,Sweden,NS,Not Started,,,,,,,,,,,,0.0,0.0,0.0,0.0,0.0,0.0,0.0,0.0,0.0,0.0,,,2026-06-17T12:49:33.376151+00:00,COVERAGE_UNKNOWN,,,,,,0,1.0,COVERAGE_NOT_LOADED,,,,,,,,,,,,,,,,,,,,,,,,,,,,,,,,NONE,,,,,,,,,,,,,,,,,,,,,,,,,,,,,,,,,,,,,,,,,,
2026-06-17,2026-06-17T18:30:00+01:00,1781717400,Division 2 - Västra Götaland,596,2026,1511337,NS,Kongahälla,22935,Hestrafor,25576,Sweden,NS,Not Started,,,,,,,,,,,,0.0,0.0,0.0,0.0,0.0,0.0,0.0,0.0,0.0,0.0,,,2026-06-17T12:49:33.376170+00:00,COVERAGE_UNKNOWN,,,,,,0,1.0,COVERAGE_NOT_LOADED,,,,,,,,,,,,,,,,,,,,,,,,,,,,,,,,NONE,,,,,,,,,,,,,,,,,,,,,,,,,,,,,,,,,,,,,,,,,,
2026-06-17,2026-06-17T18:30:00+01:00,1781717400,Svenska Cupen,115,2026,1545639,NS,Rågsved,16745,Enköping,12578,Sweden,NS,Not Started,,,,,,,,,,,,0.0,0.0,0.0,0.0,0.0,0.0,0.0,0.0,0.0,0.0,,,2026-06-17T12:49:33.376175+00:00,COVERAGE_UNKNOWN,,,,,,0,1.0,COVERAGE_NOT_LOADED,,,,,,,,,,,,,,,,,,,,,,,,,,,,,,,,NONE,,,,,,,,,,,,,,,,,,,,,,,,,,,,,,,,,,,,,,,,,,
2026-06-17,2026-06-17T18:30:00+01:00,1781717400,Friendlies Clubs,667,2026,1547850,NS,Marke,24549,Kortrijk,734,World,NS,Not Started,,,,,,,,,,,,0.0,0.0,0.0,0.0,0.0,0.0,0.0,0.0,0.0,0.0,,,2026-06-17T12:49:33.376180+00:00,COVERAGE_UNKNOWN,,,,,,0,1.0,COVERAGE_NOT_LOADED,,,,,,,,,,,,,,,,,,,,,,,,,,,,,,,,NONE,,,,,,,,,,,,,,,,,,,,,,,,,,,,,,,,,,,,,,,,,,
2026-06-17,2026-06-17T18:45:00+01:00,1781718300,Premier League,330,2025,1553784,NS,Al Jahra,3534,Al Tadhamon,3539,Kuwait,NS,Not Started,,,,,,,,,,,,0.0,0.0,0.0,0.0,0.0,0.0,0.0,0.0,0.0,0.0,,,2026-06-17T12:49:33.376185+00:00,COVERAGE_UNKNOWN,,,,,,0,1.0,COVERAGE_NOT_LOADED,,,,,,,,,,,,,,,,,,,,,,,,,,,,,,,,NONE,,,,,,,,,,,,,,,,,,,,,,,,,,,,,,,,,,,,,,,,,,
2026-06-17,2026-06-17T18:45:00+01:00,1781718300,Premier League,330,2025,1553785,NS,Al Shabab,3541,Al Nasar,3536,Kuwait,NS,Not Started,,,,,,,,,,,,0.0,0.0,0.0,0.0,0.0,0.0,0.0,0.0,0.0,0.0,,,2026-06-17T12:49:33.376190+00:00,COVERAGE_UNKNOWN,,,,,,0,1.0,COVERAGE_NOT_LOADED,,,,,,,,,,,,,,,,,,,,,,,,,,,,,,,,NONE,,,,,,,,,,,,,,,,,,,,,,,,,,,,,,,,,,,,,,,,,,
2026-06-17,2026-06-17T19:00:00+01:00,1781719200,Veikkausliiga,244,2026,1495707,NS,Gnistan,2082,Lahti,1166,Finland,NS,Not Started,,,,,,,,,,,,0.0,0.0,0.0,0.0,0.0,0.0,0.0,0.0,0.0,0.0,,,2026-06-17T12:49:33.376194+00:00,COVERAGE_RICH,1.0,1.0,0.0,1.0,1.0,1,0.95,OFFICIAL_API,,,,,,,,,,,,,,,,,,,,,,,,,,,,,,,,NONE,,,,,,,,,,,,,,,,,,,,,,,,,,,,,,,,,,,,,,,,,,
2026-06-17,2026-06-17T19:00:00+01:00,1781719200,Veikkausliiga,244,2026,1495708,NS,SJK,689,VPS,650,Finland,NS,Not Started,,,,,,,,,,,,0.0,0.0,0.0,0.0,0.0,0.0,0.0,0.0,0.0,0.0,,,2026-06-17T12:49:33.376199+00:00,COVERAGE_RICH,1.0,1.0,0.0,1.0,1.0,1,0.95,OFFICIAL_API,,,,,,,,,,,,,,,,,,,,,,,,,,,,,,,,NONE,,,,,,,,,,,,,,,,,,,,,,,,,,,,,,,,,,,,,,,,,,
2026-06-17,2026-06-17T19:00:00+01:00,1781719200,Primera Nacional,129,2026,1498571,NS,Gimnasia Jujuy,479,Nueva Chicago,484,Argentina,NS,Not Started,,,,,,,,,,,,0.0,0.0,0.0,0.0,0.0,0.0,0.0,0.0,0.0,0.0,,,2026-06-17T12:49:33.376204+00:00,COVERAGE_UNKNOWN,,,,,,0,1.0,COVERAGE_NOT_LOADED,,,,,,,,,,,,,,,,,,,,,,,,,,,,,,,,NONE,,,,,,,,,,,,,,,,,,,,,,,,,,,,,,,,,,,,,,,,,,
2026-06-17,2026-06-17T19:00:00+01:00,1781719200,Reserve League,906,2026,1512472,NS,Atlético Tucumán Res.,18678,Gimnasia La Plata Res.,18686,Argentina,NS,Not Started,,,,,,,,,,,,0.0,0.0,0.0,0.0,0.0,0.0,0.0,0.0,0.0,0.0,,,2026-06-17T12:49:33.376209+00:00,COVERAGE_UNKNOWN,,,,,,0,1.0,COVERAGE_NOT_LOADED,,,,,,,,,,,,,,,,,,,,,,,,,,,,,,,,NONE,,,,,,,,,,,,,,,,,,,,,,,,,,,,,,,,,,,,,,,,,,
2026-06-17,2026-06-17T19:00:00+01:00,1781719200,Reserve League,906,2026,1512473,NS,Banfield Res.,18679,River Plate Res.,18695,Argentina,NS,Not Started,,,,,,,,,,,,0.0,0.0,0.0,0.0,0.0,0.0,0.0,0.0,0.0,0.0,,,2026-06-17T12:49:33.376213+00:00,COVERAGE_UNKNOWN,,,,,,0,1.0,COVERAGE_NOT_LOADED,,,,,,,,,,,,,,,,,,,,,,,,,,,,,,,,NONE,,,,,,,,,,,,,,,,,,,,,,,,,,,,,,,,,,,,,,,,,,
2026-06-17,2026-06-17T19:00:00+01:00,1781719200,Reserve League,906,2026,1512479,NS,Gimnasia Mendoza 2,27272,Argentinos Juniors Res.,18677,Argentina,NS,Not Started,,,,,,,,,,,,0.0,0.0,0.0,0.0,0.0,0.0,0.0,0.0,0.0,0.0,,,2026-06-17T12:49:33.376218+00:00,COVERAGE_UNKNOWN,,,,,,0,1.0,COVERAGE_NOT_LOADED,,,,,,,,,,,,,,,,,,,,,,,,,,,,,,,,NONE,,,,,,,,,,,,,,,,,,,,,,,,,,,,,,,,,,,,,,,,,,
2026-06-17,2026-06-17T19:00:00+01:00,1781719200,Reserve League,906,2026,1512483,NS,Instituto Res.,20818,Unión Santa Fe Res.,18701,Argentina,NS,Not Started,,,,,,,,,,,,0.0,0.0,0.0,0.0,0.0,0.0,0.0,0.0,0.0,0.0,,,2026-06-17T12:49:33.376223+00:00,COVERAGE_UNKNOWN,,,,,,0,1.0,COVERAGE_NOT_LOADED,,,,,,,,,,,,,,,,,,,,,,,,,,,,,,,,NONE,,,,,,,,,,,,,,,,,,,,,,,,,,,,,,,,,,,,,,,,,,
2026-06-17,2026-06-17T19:00:00+01:00,1781719200,Reserve League,906,2026,1512486,NS,Rosario Central Res.,18696,Vélez Sársfield Res.,18702,Argentina,NS,Not Started,,,,,,,,,,,,0.0,0.0,0.0,0.0,0.0,0.0,0.0,0.0,0.0,0.0,,,2026-06-17T12:49:33.376228+00:00,COVERAGE_UNKNOWN,,,,,,0,1.0,COVERAGE_NOT_LOADED,,,,,,,,,,,,,,,,,,,,,,,,,,,,,,,,NONE,,,,,,,,,,,,,,,,,,,,,,,,,,,,,,,,,,,,,,,,,,
2026-06-17,2026-06-17T19:00:00+01:00,1781719200,Reserve League,906,2026,1512487,NS,Talleres Córdoba Res.,18699,Racing Club Res.,18694,Argentina,NS,Not Started,,,,,,,,,,,,0.0,0.0,0.0,0.0,0.0,0.0,0.0,0.0,0.0,0.0,,,2026-06-17T12:49:33.376233+00:00,COVERAGE_UNKNOWN,,,,,,0,1.0,COVERAGE_NOT_LOADED,,,,,,,,,,,,,,,,,,,,,,,,,,,,,,,,NONE,,,,,,,,,,,,,,,,,,,,,,,,,,,,,,,,,,,,,,,,,,
2026-06-17,2026-06-17T19:00:00+01:00,1781719200,Brasileiro U20 A,740,2026,1526175,NS,Bahia U20,12954,Vasco da Gama U20,12979,Brazil,NS,Not Started,,,,,,,,,,,,0.0,0.0,0.0,0.0,0.0,0.0,0.0,0.0,0.0,0.0,,,2026-06-17T12:49:33.376238+00:00,COVERAGE_UNKNOWN,,,,,,0,1.0,COVERAGE_NOT_LOADED,,,,,,,,,,,,,,,,,,,,,,,,,,,,,,,,NONE,,,,,,,,,,,,,,,,,,,,,,,,,,,,,,,,,,,,,,,,,,
2026-06-17,2026-06-17T19:00:00+01:00,1781719200,Brasileiro U20 A,740,2026,1526176,NS,Botafogo U20,22875,Grêmio U20,13011,Brazil,NS,Not Started,,,,,,,,,,,,0.0,0.0,0.0,0.0,0.0,0.0,0.0,0.0,0.0,0.0,,,2026-06-17T12:49:33.376243+00:00,COVERAGE_UNKNOWN,,,,,,0,1.0,COVERAGE_NOT_LOADED,,,,,,,,,,,,,,,,,,,,,,,,,,,,,,,,NONE,,,,,,,,,,,,,,,,,,,,,,,,,,,,,,,,,,,,,,,,,,
2026-06-17,2026-06-17T19:00:00+01:00,1781719200,Brasileiro U20 A,740,2026,1526177,NS,Corinthians U20,12998,Vitória U20,13072,Brazil,NS,Not Started,,,,,,,,,,,,0.0,0.0,0.0,0.0,0.0,0.0,0.0,0.0,0.0,0.0,,,2026-06-17T12:49:33.376248+00:00,COVERAGE_UNKNOWN,,,,,,0,1.0,COVERAGE_NOT_LOADED,,,,,,,,,,,,,,,,,,,,,,,,,,,,,,,,NONE,,,,,,,,,,,,,,,,,,,,,,,,,,,,,,,,,,,,,,,,,,
2026-06-17,2026-06-17T19:00:00+01:00,1781719200,Brasileiro U20 A,740,2026,1526179,NS,Flamengo U20,11054,Cuiabá U20,13001,Brazil,NS,Not Started,,,,,,,,,,,,0.0,0.0,0.0,0.0,0.0,0.0,0.0,0.0,0.0,0.0,,,2026-06-17T12:49:33.376252+00:00,COVERAGE_UNKNOWN,,,,,,0,1.0,COVERAGE_NOT_LOADED,,,,,,,,,,,,,,,,,,,,,,,,,,,,,,,,NONE,,,,,,,,,,,,,,,,,,,,,,,,,,,,,,,,,,,,,,,,,,
2026-06-17,2026-06-17T19:00:00+01:00,1781719200,Brasileiro U20 A,740,2026,1526180,NS,Fortaleza U20,13009,Avaí U20,12953,Brazil,NS,Not Started,,,,,,,,,,,,0.0,0.0,0.0,0.0,0.0,0.0,0.0,0.0,0.0,0.0,,,2026-06-17T12:49:33.376257+00:00,COVERAGE_UNKNOWN,,,,,,0,1.0,COVERAGE_NOT_LOADED,,,,,,,,,,,,,,,,,,,,,,,,,,,,,,,,NONE,,,,,,,,,,,,,,,,,,,,,,,,,,,,,,,,,,,,,,,,,,
2026-06-17,2026-06-17T19:00:00+01:00,1781719200,Brasileiro U20 A,740,2026,1526181,NS,Juventude U20,13020,São Paulo U20,12973,Brazil,NS,Not Started,,,,,,,,,,,,0.0,0.0,0.0,0.0,0.0,0.0,0.0,0.0,0.0,0.0,,,2026-06-17T12:49:33.376262+00:00,COVERAGE_UNKNOWN,,,,,,0,1.0,COVERAGE_NOT_LOADED,,,,,,,,,,,,,,,,,,,,,,,,,,,,,,,,NONE,,,,,,,,,,,,,,,,,,,,,,,,,,,,,,,,,,,,,,,,,,
2026-06-17,2026-06-17T19:00:00+01:00,1781719200,Catarinense - 2,936,2026,1541984,NS,Tubarao,1204,Blumenau,19635,Brazil,NS,Not Started,,,,,,,,,,,,0.0,0.0,0.0,0.0,0.0,0.0,0.0,0.0,0.0,0.0,,,2026-06-17T12:49:33.376266+00:00,COVERAGE_UNKNOWN,,,,,,0,1.0,COVERAGE_NOT_LOADED,,,,,,,,,,,,,,,,,,,,,,,,,,,,,,,,NONE,,,,,,,,,,,,,,,,,,,,,,,,,,,,,,,,,,,,,,,,,,
2026-06-17,2026-06-17T19:00:00+01:00,1781719200,Brasileiro U17,1128,2026,1543901,NS,America MG U17,24468,Internacional U17,24483,Brazil,NS,Not Started,,,,,,,,,,,,0.0,0.0,0.0,0.0,0.0,0.0,0.0,0.0,0.0,0.0,,,2026-06-17T12:49:33.376271+00:00,COVERAGE_UNKNOWN,,,,,,0,1.0,COVERAGE_NOT_LOADED,,,,,,,,,,,,,,,,,,,,,,,,,,,,,,,,NONE,,,,,,,,,,,,,,,,,,,,,,,,,,,,,,,,,,,,,,,,,,
2026-06-17,2026-06-17T19:00:00+01:00,1781719200,Brasileiro U17,1128,2026,1543902,NS,Athletico PR U17,24469,Atletico GO U17,24470,Brazil,NS,Not Started,,,,,,,,,,,,0.0,0.0,0.0,0.0,0.0,0.0,0.0,0.0,0.0,0.0,,,2026-06-17T12:49:33.376276+00:00,COVERAGE_UNKNOWN,,,,,,0,1.0,COVERAGE_NOT_LOADED,,,,,,,,,,,,,,,,,,,,,,,,,,,,,,,,NONE,,,,,,,,,,,,,,,,,,,,,,,,,,,,,,,,,,,,,,,,,,
2026-06-17,2026-06-17T19:00:00+01:00,1781719200,Brasileiro U17,1128,2026,1543905,NS,RB Bragantino U17,24485,Vasco U17,25807,Brazil,NS,Not Started,,,,,,,,,,,,0.0,0.0,0.0,0.0,0.0,0.0,0.0,0.0,0.0,0.0,,,2026-06-17T12:49:33.376280+00:00,COVERAGE_UNKNOWN,,,,,,0,1.0,COVERAGE_NOT_LOADED,,,,,,,,,,,,,,,,,,,,,,,,,,,,,,,,NONE,,,,,,,,,,,,,,,,,,,,,,,,,,,,,,,,,,,,,,,,,,
2026-06-17,2026-06-17T19:00:00+01:00,1781719200,Brasileiro U17,1128,2026,1543909,NS,Gremio U17,24482,Vitoria U17,27733,Brazil,NS,Not Started,,,,,,,,,,,,0.0,0.0,0.0,0.0,0.0,0.0,0.0,0.0,0.0,0.0,,,2026-06-17T12:49:33.376285+00:00,COVERAGE_UNKNOWN,,,,,,0,1.0,COVERAGE_NOT_LOADED,,,,,,,,,,,,,,,,,,,,,,,,,,,,,,,,NONE,,,,,,,,,,,,,,,,,,,,,,,,,,,,,,,,,,,,,,,,,,
2026-06-17,2026-06-17T19:00:00+01:00,1781719200,Brasileiro U17,1128,2026,1543910,NS,Sao Paulo U17,24487,Fluminense U17,24479,Brazil,NS,Not Started,,,,,,,,,,,,0.0,0.0,0.0,0.0,0.0,0.0,0.0,0.0,0.0,0.0,,,2026-06-17T12:49:33.376290+00:00,COVERAGE_UNKNOWN,,,,,,0,1.0,COVERAGE_NOT_LOADED,,,,,,,,,,,,,,,,,,,,,,,,,,,,,,,,NONE,,,,,,,,,,,,,,,,,,,,,,,,,,,,,,,,,,,,,,,,,,
2026-06-17,2026-06-17T19:00:00+01:00,1781719200,Copa Gaúcha,1158,2026,1544588,NS,Farroupilha,25078,Bagé,10044,Brazil,NS,Not Started,,,,,,,,,,,,0.0,0.0,0.0,0.0,0.0,0.0,0.0,0.0,0.0,0.0,,,2026-06-17T12:49:33.376294+00:00,COVERAGE_UNKNOWN,,,,,,0,1.0,COVERAGE_NOT_LOADED,,,,,,,,,,,,,,,,,,,,,,,,,,,,,,,,NONE,,,,,,,,,,,,,,,,,,,,,,,,,,,,,,,,,,,,,,,,,,
2026-06-17,2026-06-17T19:00:00+01:00,1781719200,Copa Gaúcha,1158,2026,1544589,NS,Guarany de Bagé,10049,Brasil DE Pelotas,141,Brazil,NS,Not Started,,,,,,,,,,,,0.0,0.0,0.0,0.0,0.0,0.0,0.0,0.0,0.0,0.0,,,2026-06-17T12:49:33.376299+00:00,COVERAGE_UNKNOWN,,,,,,0,1.0,COVERAGE_NOT_LOADED,,,,,,,,,,,,,,,,,,,,,,,,,,,,,,,,NONE,,,,,,,,,,,,,,,,,,,,,,,,,,,,,,,,,,,,,,,,,,
2026-06-17,2026-06-17T19:00:00+01:00,1781719200,Copa Gaúcha,1158,2026,1544590,NS,Monsoon,21233,Brasil Farroupilha,10045,Brazil,NS,Not Started,,,,,,,,,,,,0.0,0.0,0.0,0.0,0.0,0.0,0.0,0.0,0.0,0.0,,,2026-06-17T12:49:33.376304+00:00,COVERAGE_UNKNOWN,,,,,,0,1.0,COVERAGE_NOT_LOADED,,,,,,,,,,,,,,,,,,,,,,,,,,,,,,,,NONE,,,,,,,,,,,,,,,,,,,,,,,,,,,,,,,,,,,,,,,,,,
2026-06-17,2026-06-17T19:00:00+01:00,1781719200,Copa Gaúcha,1158,2026,1544591,NS,Santa Cruz RS,16479,Gramadense,25079,Brazil,NS,Not Started,,,,,,,,,,,,0.0,0.0,0.0,0.0,0.0,0.0,0.0,0.0,0.0,0.0,,,2026-06-17T12:49:33.376309+00:00,COVERAGE_UNKNOWN,,,,,,0,1.0,COVERAGE_NOT_LOADED,,,,,,,,,,,,,,,,,,,,,,,,,,,,,,,,NONE,,,,,,,,,,,,,,,,,,,,,,,,,,,,,,,,,,,,,,,,,,
2026-06-17,2026-06-17T19:00:00+01:00,1781719200,Mineiro - 2,619,2026,1547679,NS,Coimbra,13129,Democrata SL,13081,Brazil,NS,Not Started,,,,,,,,,,,,0.0,0.0,0.0,0.0,0.0,0.0,0.0,0.0,0.0,0.0,,,2026-06-17T12:49:33.376313+00:00,COVERAGE_UNKNOWN,,,,,,0,1.0,COVERAGE_NOT_LOADED,,,,,,,,,,,,,,,,,,,,,,,,,,,,,,,,NONE,,,,,,,,,,,,,,,,,,,,,,,,,,,,,,,,,,,,,,,,,,
2026-06-17,2026-06-17T19:00:00+01:00,1781719200,Mineiro - 2,619,2026,1547683,NS,Ipatinga,12277,Villa Nova,7869,Brazil,NS,Not Started,,,,,,,,,,,,0.0,0.0,0.0,0.0,0.0,0.0,0.0,0.0,0.0,0.0,,,2026-06-17T12:49:33.376318+00:00,COVERAGE_UNKNOWN,,,,,,0,1.0,COVERAGE_NOT_LOADED,,,,,,,,,,,,,,,,,,,,,,,,,,,,,,,,NONE,,,,,,,,,,,,,,,,,,,,,,,,,,,,,,,,,,,,,,,,,,
2026-06-17,2026-06-17T19:00:00+01:00,1781719200,Brasileiro U20 B,1183,2026,1553803,NS,Coritiba U20,12957,Atlético Mineiro U20,12952,Brazil,NS,Not Started,,,,,,,,,,,,0.0,0.0,0.0,0.0,0.0,0.0,0.0,0.0,0.0,0.0,,,2026-06-17T12:49:33.376323+00:00,COVERAGE_UNKNOWN,,,,,,0,1.0,COVERAGE_NOT_LOADED,,,,,,,,,,,,,,,,,,,,,,,,,,,,,,,,NONE,,,,,,,,,,,,,,,,,,,,,,,,,,,,,,,,,,,,,,,,,,
2026-06-17,2026-06-17T19:00:00+01:00,1781719200,Brasileiro U20 B,1183,2026,1553804,NS,CRB U20,12989,Sport Recife U20,12971,Brazil,NS,Not Started,,,,,,,,,,,,0.0,0.0,0.0,0.0,0.0,0.0,0.0,0.0,0.0,0.0,,,2026-06-17T12:49:33.376327+00:00,COVERAGE_UNKNOWN,,,,,,0,1.0,COVERAGE_NOT_LOADED,,,,,,,,,,,,,,,,,,,,,,,,,,,,,,,,NONE,,,,,,,,,,,,,,,,,,,,,,,,,,,,,,,,,,,,,,,,,,
2026-06-17,2026-06-17T19:30:00+01:00,1781721000,Maranhense - 2,1148,2026,1544787,NS,Sao Luis,25045,Araioses,27738,Brazil,NS,Not Started,,,,,,,,,,,,0.0,0.0,0.0,0.0,0.0,0.0,0.0,0.0,0.0,0.0,,,2026-06-17T12:49:33.376332+00:00,COVERAGE_UNKNOWN,,,,,,0,1.0,COVERAGE_NOT_LOADED,,,,,,,,,,,,,,,,,,,,,,,,,,,,,,,,NONE,,,,,,,,,,,,,,,,,,,,,,,,,,,,,,,,,,,,,,,,,,
2026-06-17,2026-06-17T19:30:00+01:00,1781721000,Maranhense - 2,1148,2026,1544788,NS,Tupan,25129,Expressinho,25044,Brazil,NS,Not Started,,,,,,,,,,,,0.0,0.0,0.0,0.0,0.0,0.0,0.0,0.0,0.0,0.0,,,2026-06-17T12:49:33.376337+00:00,COVERAGE_UNKNOWN,,,,,,0,1.0,COVERAGE_NOT_LOADED,,,,,,,,,,,,,,,,,,,,,,,,,,,,,,,,NONE,,,,,,,,,,,,,,,,,,,,,,,,,,,,,,,,,,,,,,,,,,
2026-06-17,2026-06-17T19:30:00+01:00,1781721000,Torneo Promocional Amateur,1067,2026,1549940,NS,Alumni Los Hornos,27785,Ezeiza,23102,Argentina,NS,Not Started,,,,,,,,,,,,0.0,0.0,0.0,0.0,0.0,0.0,0.0,0.0,0.0,0.0,,,2026-06-17T12:49:33.376342+00:00,COVERAGE_UNKNOWN,,,,,,0,1.0,COVERAGE_NOT_LOADED,,,,,,,,,,,,,,,,,,,,,,,,,,,,,,,,NONE,,,,,,,,,,,,,,,,,,,,,,,,,,,,,,,,,,,,,,,,,,
2026-06-17,2026-06-17T19:30:00+01:00,1781721000,Torneo Promocional Amateur,1067,2026,1549941,NS,Belgrano Zarate,23096,Buenos Aires City,27786,Argentina,NS,Not Started,,,,,,,,,,,,0.0,0.0,0.0,0.0,0.0,0.0,0.0,0.0,0.0,0.0,,,2026-06-17T12:49:33.376346+00:00,COVERAGE_UNKNOWN,,,,,,0,1.0,COVERAGE_NOT_LOADED,,,,,,,,,,,,,,,,,,,,,,,,,,,,,,,,NONE,,,,,,,,,,,,,,,,,,,,,,,,,,,,,,,,,,,,,,,,,,
2026-06-17,2026-06-17T19:30:00+01:00,1781721000,Torneo Promocional Amateur,1067,2026,1549942,NS,Las Mandarinas,27788,Everton La Plata,23101,Argentina,NS,Not Started,,,,,,,,,,,,0.0,0.0,0.0,0.0,0.0,0.0,0.0,0.0,0.0,0.0,,,2026-06-17T12:49:33.376351+00:00,COVERAGE_UNKNOWN,,,,,,0,1.0,COVERAGE_NOT_LOADED,,,,,,,,,,,,,,,,,,,,,,,,,,,,,,,,NONE,,,,,,,,,,,,,,,,,,,,,,,,,,,,,,,,,,,,,,,,,,
2026-06-17,2026-06-17T19:30:00+01:00,1781721000,Torneo Promocional Amateur,1067,2026,1549943,NS,Uribelarrea,27796,Barrancas UMET,23095,Argentina,NS,Not Started,,,,,,,,,,,,0.0,0.0,0.0,0.0,0.0,0.0,0.0,0.0,0.0,0.0,,,2026-06-17T12:49:33.376356+00:00,COVERAGE_UNKNOWN,,,,,,0,1.0,COVERAGE_NOT_LOADED,,,,,,,,,,,,,,,,,,,,,,,,,,,,,,,,NONE,,,,,,,,,,,,,,,,,,,,,,,,,,,,,,,,,,,,,,,,,,
2026-06-17,2026-06-17T20:00:00+01:00,1781722800,USL Championship,255,2026,1493545,NS,Oakland Roots,10874,Birmingham Legion,3989,USA,NS,Not Started,,,,,,,,,,,,0.0,0.0,0.0,0.0,0.0,0.0,0.0,0.0,0.0,0.0,,,2026-06-17T12:49:33.376361+00:00,COVERAGE_UNKNOWN,,,,,,0,1.0,COVERAGE_NOT_LOADED,,,,,,,,,,,,,,,,,,,,,,,,,,,,,,,,NONE,,,,,,,,,,,,,,,,,,,,,,,,,,,,,,,,,,,,,,,,,,
2026-06-17,2026-06-17T20:00:00+01:00,1781722800,USL W League,1117,2026,1532217,NS,Sporting JAX W,25855,Miami City W,25850,USA,NS,Not Started,,,,,,,,,,,,0.0,0.0,0.0,0.0,0.0,0.0,0.0,0.0,0.0,0.0,,,2026-06-17T12:49:33.376365+00:00,COVERAGE_UNKNOWN,,,,,,0,1.0,COVERAGE_NOT_LOADED,,,,,,,,,,,,,,,,,,,,,,,,,,,,,,,,NONE,,,,,,,,,,,,,,,,,,,,,,,,,,,,,,,,,,,,,,,,,,
2026-06-17,2026-06-17T21:00:00+01:00,1781726400,World Cup,1,2026,1489384,NS,England,10,Croatia,3,World,NS,Not Started,,,,,,,,,,,,0.0,0.0,0.0,0.0,0.0,0.0,0.0,0.0,0.0,0.0,,,2026-06-17T12:49:33.376370+00:00,COVERAGE_UNKNOWN,,,,,,0,1.0,COVERAGE_NOT_LOADED,,,,,,,,,,,,,,,,,,,,,,,,,,,,,,,,NONE,,,,,,,,,,,,,,,,,,,,,,,,,,,,,,,,,,,,,,,,,,
2026-06-17,2026-06-17T21:30:00+01:00,1781728200,USL W League,1117,2026,1532450,NS,Wake W,23967,Port City NC W,23829,USA,NS,Not Started,,,,,,,,,,,,0.0,0.0,0.0,0.0,0.0,0.0,0.0,0.0,0.0,0.0,,,2026-06-17T12:49:33.376375+00:00,COVERAGE_UNKNOWN,,,,,,0,1.0,COVERAGE_NOT_LOADED,,,,,,,,,,,,,,,,,,,,,,,,,,,,,,,,NONE,,,,,,,,,,,,,,,,,,,,,,,,,,,,,,,,,,,,,,,,,,
2026-06-17,2026-06-17T22:00:00+01:00,1781730000,USL League Two,256,2026,1524951,NS,Charlotte Eagles,4039,SC United Bantams,4076,USA,NS,Not Started,,,,,,,,,,,,0.0,0.0,0.0,0.0,0.0,0.0,0.0,0.0,0.0,0.0,,,2026-06-17T12:49:33.376379+00:00,COVERAGE_UNKNOWN,,,,,,0,1.0,COVERAGE_NOT_LOADED,,,,,,,,,,,,,,,,,,,,,,,,,,,,,,,,NONE,,,,,,,,,,,,,,,,,,,,,,,,,,,,,,,,,,,,,,,,,,
2026-06-17,2026-06-17T22:30:00+01:00,1781731800,USL W League,1117,2026,1532218,NS,Tormenta W,23964,Carolina Ascent II W,25842,USA,NS,Not Started,,,,,,,,,,,,0.0,0.0,0.0,0.0,0.0,0.0,0.0,0.0,0.0,0.0,,,2026-06-17T12:49:33.376384+00:00,COVERAGE_UNKNOWN,,,,,,0,1.0,COVERAGE_NOT_LOADED,,,,,,,,,,,,,,,,,,,,,,,,,,,,,,,,NONE,,,,,,,,,,,,,,,,,,,,,,,,,,,,,,,,,,,,,,,,,,
2026-06-17,2026-06-17T22:45:00+01:00,1781732700,Copa Espírito Santo,1097,2026,1550645,NS,Vilavelhense,15609,Vitória ES,7837,Brazil,NS,Not Started,,,,,,,,,,,,0.0,0.0,0.0,0.0,0.0,0.0,0.0,0.0,0.0,0.0,,,2026-06-17T12:49:33.376389+00:00,COVERAGE_UNKNOWN,,,,,,0,1.0,COVERAGE_NOT_LOADED,,,,,,,,,,,,,,,,,,,,,,,,,,,,,,,,NONE,,,,,,,,,,,,,,,,,,,,,,,,,,,,,,,,,,,,,,,,,,
2026-06-17,2026-06-17T23:00:00+01:00,1781733600,USL League Two,256,2026,1524952,NS,Rochester,21288,RKC,21286,USA,NS,Not Started,,,,,,,,,,,,0.0,0.0,0.0,0.0,0.0,0.0,0.0,0.0,0.0,0.0,,,2026-06-17T12:49:33.376394+00:00,COVERAGE_UNKNOWN,,,,,,0,1.0,COVERAGE_NOT_LOADED,,,,,,,,,,,,,,,,,,,,,,,,,,,,,,,,NONE,,,,,,,,,,,,,,,,,,,,,,,,,,,,,,,,,,,,,,,,,,
2026-06-17,2026-06-17T23:00:00+01:00,1781733600,USL League Two,256,2026,1524953,NS,Brooke House,23112,Inter Gainesville,23119,USA,NS,Not Started,,,,,,,,,,,,0.0,0.0,0.0,0.0,0.0,0.0,0.0,0.0,0.0,0.0,,,2026-06-17T12:49:33.376398+00:00,COVERAGE_UNKNOWN,,,,,,0,1.0,COVERAGE_NOT_LOADED,,,,,,,,,,,,,,,,,,,,,,,,,,,,,,,,NONE,,,,,,,,,,,,,,,,,,,,,,,,,,,,,,,,,,,,,,,,,,
2026-06-17,2026-06-17T23:00:00+01:00,1781733600,USL League Two,256,2026,1524954,NS,Louisville City II,10098,Dayton Dutch Lions,4045,USA,NS,Not Started,,,,,,,,,,,,0.0,0.0,0.0,0.0,0.0,0.0,0.0,0.0,0.0,0.0,,,2026-06-17T12:49:33.376403+00:00,COVERAGE_UNKNOWN,,,,,,0,1.0,COVERAGE_NOT_LOADED,,,,,,,,,,,,,,,,,,,,,,,,,,,,,,,,NONE,,,,,,,,,,,,,,,,,,,,,,,,,,,,,,,,,,,,,,,,,,
2026-06-17,2026-06-17T23:00:00+01:00,1781733600,USL League Two,256,2026,1524955,NS,Miami AC,18900,Lakeland United,27518,USA,NS,Not Started,,,,,,,,,,,,0.0,0.0,0.0,0.0,0.0,0.0,0.0,0.0,0.0,0.0,,,2026-06-17T12:49:33.376408+00:00,COVERAGE_UNKNOWN,,,,,,0,1.0,COVERAGE_NOT_LOADED,,,,,,,,,,,,,,,,,,,,,,,,,,,,,,,,NONE,,,,,,,,,,,,,,,,,,,,,,,,,,,,,,,,,,,,,,,,,,
2026-06-17,2026-06-17T23:00:00+01:00,1781733600,Brasileiro U20 A,740,2026,1526182,NS,RB Bragantino U20,18345,Fluminense U20,13008,Brazil,NS,Not Started,,,,,,,,,,,,0.0,0.0,0.0,0.0,0.0,0.0,0.0,0.0,0.0,0.0,,,2026-06-17T12:49:33.376413+00:00,COVERAGE_UNKNOWN,,,,,,0,1.0,COVERAGE_NOT_LOADED,,,,,,,,,,,,,,,,,,,,,,,,,,,,,,,,NONE,,,,,,,,,,,,,,,,,,,,,,,,,,,,,,,,,,,,,,,,,,
2026-06-17,2026-06-17T23:00:00+01:00,1781733600,USL W League,1117,2026,1532219,NS,Racing Louisville W,16488,Dayton Dutch Lions W,23880,USA,NS,Not Started,,,,,,,,,,,,0.0,0.0,0.0,0.0,0.0,0.0,0.0,0.0,0.0,0.0,,,2026-06-17T12:49:33.376418+00:00,COVERAGE_UNKNOWN,,,,,,0,1.0,COVERAGE_NOT_LOADED,,,,,,,,,,,,,,,,,,,,,,,,,,,,,,,,NONE,,,,,,,,,,,,,,,,,,,,,,,,,,,,,,,,,,,,,,,,,,
2026-06-17,2026-06-17T23:00:00+01:00,1781733600,USL W League,1117,2026,1532220,NS,North Carolina Fusion W,23954,NC Courage II W,23911,USA,NS,Not Started,,,,,,,,,,,,0.0,0.0,0.0,0.0,0.0,0.0,0.0,0.0,0.0,0.0,,,2026-06-17T12:49:33.376422+00:00,COVERAGE_UNKNOWN,,,,,,0,1.0,COVERAGE_NOT_LOADED,,,,,,,,,,,,,,,,,,,,,,,,,,,,,,,,NONE,,,,,,,,,,,,,,,,,,,,,,,,,,,,,,,,,,,,,,,,,,
2026-06-17,2026-06-17T23:00:00+01:00,1781733600,USL W League,1117,2026,1532221,NS,AMSG W,25934,Sta Clarita Blue Heat W,25929,USA,NS,Not Started,,,,,,,,,,,,0.0,0.0,0.0,0.0,0.0,0.0,0.0,0.0,0.0,0.0,,,2026-06-17T12:49:33.376427+00:00,COVERAGE_UNKNOWN,,,,,,0,1.0,COVERAGE_NOT_LOADED,,,,,,,,,,,,,,,,,,,,,,,,,,,,,,,,NONE,,,,,,,,,,,,,,,,,,,,,,,,,,,,,,,,,,,,,,,,,,
2026-06-17,2026-06-17T23:00:00+01:00,1781733600,Mineiro - 2,619,2026,1547680,NS,Caldense,7769,Guarani MG,12296,Brazil,NS,Not Started,,,,,,,,,,,,0.0,0.0,0.0,0.0,0.0,0.0,0.0,0.0,0.0,0.0,,,2026-06-17T12:49:33.376432+00:00,COVERAGE_UNKNOWN,,,,,,0,1.0,COVERAGE_NOT_LOADED,,,,,,,,,,,,,,,,,,,,,,,,,,,,,,,,NONE,,,,,,,,,,,,,,,,,,,,,,,,,,,,,,,,,,,,,,,,,,
2026-06-17,2026-06-17T23:00:00+01:00,1781733600,Mineiro - 2,619,2026,1547681,NS,Mamoré,13082,BOA,153,Brazil,NS,Not Started,,,,,,,,,,,,0.0,0.0,0.0,0.0,0.0,0.0,0.0,0.0,0.0,0.0,,,2026-06-17T12:49:33.376437+00:00,COVERAGE_UNKNOWN,,,,,,0,1.0,COVERAGE_NOT_LOADED,,,,,,,,,,,,,,,,,,,,,,,,,,,,,,,,NONE,,,,,,,,,,,,,,,,,,,,,,,,,,,,,,,,,,,,,,,,,,
2026-06-17,2026-06-17T23:30:00+01:00,1781735400,USL League Two,256,2026,1524956,NS,Port City,26805,Hickory,23993,USA,NS,Not Started,,,,,,,,,,,,0.0,0.0,0.0,0.0,0.0,0.0,0.0,0.0,0.0,0.0,,,2026-06-17T12:49:33.376442+00:00,COVERAGE_UNKNOWN,,,,,,0,1.0,COVERAGE_NOT_LOADED,,,,,,,,,,,,,,,,,,,,,,,,,,,,,,,,NONE,,,,,,,,,,,,,,,,,,,,,,,,,,,,,,,,,,,,,,,,,,
2026-06-17,2026-06-17T23:30:00+01:00,1781735400,USL W League,1117,2026,1532222,NS,Chattanooga Red Wolves W,23937,Knoxville W,25848,USA,NS,Not Started,,,,,,,,,,,,0.0,0.0,0.0,0.0,0.0,0.0,0.0,0.0,0.0,0.0,,,2026-06-17T12:49:33.376447+00:00,COVERAGE_UNKNOWN,,,,,,0,1.0,COVERAGE_NOT_LOADED,,,,,,,,,,,,,,,,,,,,,,,,,,,,,,,,NONE,,,,,,,,,,,,,,,,,,,,,,,,,,,,,,,,,,,,,,,,,,
2026-06-17,2026-06-17T23:30:00+01:00,1781735400,Catarinense - 2,936,2026,1541981,NS,Nação,19637,Juventus SC,12912,Brazil,NS,Not Started,,,,,,,,,,,,0.0,0.0,0.0,0.0,0.0,0.0,0.0,0.0,0.0,0.0,,,2026-06-17T12:49:33.376452+00:00,COVERAGE_UNKNOWN,,,,,,0,1.0,COVERAGE_NOT_LOADED,,,,,,,,,,,,,,,,,,,,,,,,,,,,,,,,NONE,,,,,,,,,,,,,,,,,,,,,,,,,,,,,,,,,,,,,,,,,,
2026-06-17,2026-06-17T23:30:00+01:00,1781735400,Mineiro - 2,619,2026,1547682,NS,Uberaba,18795,CAP,7824,Brazil,NS,Not Started,,,,,,,,,,,,0.0,0.0,0.0,0.0,0.0,0.0,0.0,0.0,0.0,0.0,,,2026-06-17T12:49:33.376456+00:00,COVERAGE_UNKNOWN,,,,,,0,1.0,COVERAGE_NOT_LOADED,,,,,,,,,,,,,,,,,,,,,,,,,,,,,,,,NONE,,,,,,,,,,,,,,,,,,,,,,,,,,,,,,,,,,,,,,,,,,
